s5target,0,5,1152921504606851072,536870917,107,0,0,0,0,0
s5target,0,5,1152921504606851072,536870929,102,0,0,0,0,0
s5target,0,5,1152921504606851072,536870945,100,0,0,0,0,0
s5target,0,5,1152921504606851072,536870977,97,0,0,0,0,0
s5target,0,5,1152921504606851072,536879105,107,0,0,0,0,0
s5target,0,5,1152921504606851072,536887297,98,0,0,0,0,0
s5target,0,5,1152921504606851072,536903681,107,0,0,0,0,0
s5target,0,5,1152921504606851072,536936449,85,0,0,0,0,0
s5target,0,5,1152921504606851072,537001985,94,0,0,0,0,0
s5target,0,5,1152921504606851072,553648129,94,0,0,0,0,0
s5target,0,5,1152921504606851072,570425345,97,0,0,0,0,0
s5target,0,5,1152921504606851072,603979777,101,0,0,0,0,0
s5target,0,5,1152921504606851072,671088641,104,0,0,0,0,0
s5target,0,5,1152921504606851072,805306369,100,0,0,0,0,0
s5target,0,5,1152921504606851072,34896609281,106,0,0,0,0,0
s5target,0,5,1152921504741064705,68719476737,102,0,0,0,0,0
s5target,0,5,1152921504741064706,68719476737,102,0,0,0,0,0
s5target,0,5,1152921504741064708,68719476737,107,0,0,0,0,0
s5target,0,5,1152921504741064712,68719476737,105,0,0,0,0,0
s5target,0,5,1152921504741068800,68719476737,97,0,0,0,0,0
s5target,0,5,1152921504741072896,68719476737,106,0,0,0,0,0
s5target,0,5,1152921504741081088,68719476737,103,0,0,0,0,0
s5target,0,5,1152921504741097472,68719476737,102,0,0,0,0,0
s5target,0,5,1152921504741130240,68719476737,97,0,0,0,0,0
s5target,0,5,1224979098644779008,536870913,93,0,0,0,0,0
s5target,0,5,1224979098645823488,536870916,104,0,0,0,0,0
s5target,0,5,1224979098645823488,536870920,104,0,0,0,0,0
s5target,0,5,1224979098645823488,536870928,101,0,0,0,0,0
s5target,0,5,1224979098645823488,536870944,100,0,0,0,0,0
s5target,0,5,1224979098645823488,536870976,84,0,0,0,0,0
s5target,0,5,1224979098645823488,536871040,95,0,0,0,0,0
s5target,0,5,1224979098645823488,536879104,101,0,0,0,0,0
s5target,0,5,1224979098645823488,536887296,100,0,0,0,0,0
s5target,0,5,1224979098645823488,536903680,92,0,0,0,0,0
s5target,0,5,1224979098645823488,536936448,86,0,0,0,0,0
s5target,0,5,1224979098645823488,537001984,102,0,0,0,0,0
s5target,0,5,1224979098645823488,537133056,92,0,0,0,0,0
s5target,0,5,1224979098645823488,553648128,97,0,0,0,0,0
s5target,0,5,1224979098645823488,603979776,83,0,0,0,0,0
s5target,0,5,1224979098645823488,671088640,105,0,0,0,0,0
s5target,0,5,1224979098645823488,34896609280,106,0,0,0,0,0
s5target,0,5,1224979098645823489,536870912,102,0,0,0,0,0
s5target,0,5,1224979098645823490,536870912,104,0,0,0,0,0
s5target,0,5,1224979098645823492,536870912,107,0,0,0,0,0
s5target,0,5,1224979098645823496,536870912,108,0,0,0,0,0
s5target,0,5,1224979098645823504,536870912,103,0,0,0,0,0
s5target,0,5,1224979098645823520,536870912,92,0,0,0,0,0
s5target,0,5,1224979098645823552,536870912,97,0,0,0,0,0
s5target,0,5,1224979098645823616,536870912,107,0,0,0,0,0
s5target,0,5,1224979098645823744,536870912,101,0,0,0,0,0
s5target,0,5,1224979098645824000,536870912,105,0,0,0,0,0
s5target,0,5,1224979098645824512,536870912,100,0,0,0,0,0
s5target,0,5,1224979098645825536,536870912,100,0,0,0,0,0
s5target,0,5,1224979098645827584,536870912,101,0,0,0,0,0
s5target,0,5,1224979098645831680,536870912,97,0,0,0,0,0
s5target,0,5,1224979098645839872,536870912,96,0,0,0,0,0
s5target,0,5,1224979098645856256,536870912,93,0,0,0,0,0
s5target,0,5,1224979098645954560,536870912,102,0,0,0,0,0
s5target,0,5,1224979098646085632,536870912,102,0,0,0,0,0
s5target,0,5,1224979098646347776,536870912,102,0,0,0,0,0
s5target,0,5,1224979098647920640,536870912,105,0,0,0,0,0
s5target,0,5,1224979098650017792,536870912,107,0,0,0,0,0
s5target,0,5,1224979098679377920,536870912,105,0,0,0,0,0
s5target,0,5,1224979098712932352,536870912,98,0,0,0,0,0
s5target,0,5,1224979098914258944,536870912,102,0,0,0,0,0
s5target,0,5,1224979099719565312,536870912,99,0,0,0,0,0
s5target,0,5,1224979100793307136,536870912,104,0,0,0,0,0
s5target,0,5,1224979102940790784,536870912,96,0,0,0,0,0
s5target,0,5,1224979107235758080,536870912,100,0,0,0,0,0
s5target,0,5,1224979115825692672,536870912,96,0,0,0,0,0
s5target,0,5,1224979133005561856,536870912,106,0,0,0,0,0
s5target,0,5,1224979167365300224,536870912,100,0,0,0,0,0
s5target,0,5,1224979236084776960,536870912,103,0,0,0,0,0
s5target,0,5,1224979373523730432,536870912,90,0,0,0,0,0
s5target,0,5,1224980198157451264,536870912,97,0,0,0,0,0
s5target,0,5,1224981297669079040,536870912,104,0,0,0,0,0
s5target,0,5,1224983496692334592,536870912,100,0,0,0,0,0
s5target,0,5,1224987894738845696,536870912,96,0,0,0,0,0
s5target,0,5,1224996690831867904,536870912,98,0,0,0,0,0
s5target,0,5,1225014283017912320,536870912,92,0,0,0,0,0
s5target,0,5,1225049467390001152,536870912,102,0,0,0,0,0
s5target,0,5,1225542048599244800,536870912,93,0,0,0,0,0
s5target,0,5,1227230898459508736,536870912,102,0,0,0,0,0
s5target,0,5,1233986297900564480,536870912,91,0,0,0,0,0
s5target,0,5,1242993497155305472,536870912,106,0,0,0,0,0
s5target,0,5,1261007895664787456,536870912,95,0,0,0,0,0
s5target,0,5,1369094286721679360,536870912,94,0,0,0,0,0
s5target,0,5,1513209474797535232,536870912,96,0,0,0,0,0
s5target,0,5,1801439850949246976,536870912,91,0,0,0,0,0
s5target,0,5,5836665117073211392,536870912,92,0,0,0,0,0
s5target,0,5,10376293541462736896,68719476736,91,0,0,0,0,0
s5target,0,5,10376293541463785472,68719476736,105,0,0,0,0,0
s5target,0,5,10376293543609171968,68719476736,106,0,0,0,0,0
s5target,0,5,10376293545756655616,68719476736,103,0,0,0,0,0
s5target,0,5,10376302337554710528,68719476736,104,0,0,0,0,0
s5target,0,5,10385300740716429312,68719476736,102,0,0,0,0,0
s5target,0,5,10394307939971170304,68719476736,104,0,0,0,0,0
s5target,0,5,10448351135500599296,536870912,83,0,0,0,0,0
