s5target,0,5,1152921504607895552,805306372,105,0,0,0,0,0
s5target,0,5,1152921504607895552,805306376,101,0,0,0,0,0
s5target,0,5,1152921504607895552,805314560,101,0,0,0,0,0
s5target,0,5,1152921504607895552,805322752,99,0,0,0,0,0
s5target,0,5,1152921504607895552,822083584,93,0,0,0,0,0
s5target,0,5,1152921504607895552,838860800,95,0,0,0,0,0
s5target,0,5,1152921504607895552,35165044736,105,0,0,0,0,0
s5target,0,5,1152921504607895553,805306368,102,0,0,0,0,0
s5target,0,5,1152921504607895554,805306368,106,0,0,0,0,0
s5target,0,5,1152921504607899648,805306368,102,0,0,0,0,0
s5target,0,5,1152921504612089856,805306368,106,0,0,0,0,0
s5target,0,5,1152921504616284160,805306368,95,0,0,0,0,0
s5target,0,5,1152921505010548736,68719476736,87,0,0,0,0,0
s5target,0,5,1152921513197830144,805306368,101,0,0,0,0,0
s5target,0,5,1152921521787764736,805306368,105,0,0,0,0,0
s5target,0,5,1152939096793939968,805306368,99,0,0,0,0,0
s5target,0,5,1152956688979984384,805306368,93,0,0,0,0,0
s5target,0,5,1188950301626859520,805306368,100,0,0,0,0,0
s5target,0,5,1297036692683751424,18,88,0,0,0,0,0
s5target,0,5,1297036692683751424,20,102,0,0,0,0,0
s5target,0,5,1297036692683751424,24,99,0,0,0,0,0
s5target,0,5,1297036692683751424,48,96,0,0,0,0,0
s5target,0,5,1297036692683751424,80,88,0,0,0,0,0
s5target,0,5,1297036692683751424,528,92,0,0,0,0,0
s5target,0,5,1297036692683751424,1040,100,0,0,0,0,0
s5target,0,5,1297036692683751424,8208,102,0,0,0,0,0
s5target,0,5,1297036692683751424,16400,97,0,0,0,0,0
s5target,0,5,1297036692683751424,32784,96,0,0,0,0,0
s5target,0,5,1297036692683751424,262160,102,0,0,0,0,0
s5target,0,5,1297036692683751424,16777232,101,0,0,0,0,0
s5target,0,5,1297036692683751424,33554448,100,0,0,0,0,0
s5target,0,5,1297036692683751424,67108880,81,0,0,0,0,0
s5target,0,5,1297036692683751424,134217744,97,0,0,0,0,0
s5target,0,5,1297036692683751424,268435472,101,0,0,0,0,0
s5target,0,5,1297036692683751424,536870928,97,0,0,0,0,0
s5target,0,5,1297036692683751424,34359738384,105,0,0,0,0,0
s5target,0,5,1297036692683751425,16,96,0,0,0,0,0
s5target,0,5,1297036692683751426,16,105,0,0,0,0,0
s5target,0,5,1297036692683751428,16,91,0,0,0,0,0
s5target,0,5,1297036692683751432,16,102,0,0,0,0,0
s5target,0,5,1297036692683751440,16,106,0,0,0,0,0
s5target,0,5,1297036692683751456,16,91,0,0,0,0,0
s5target,0,5,1297036692683751488,16,105,0,0,0,0,0
s5target,0,5,1297036692683751552,16,100,0,0,0,0,0
s5target,0,5,1297036692683751680,16,96,0,0,0,0,0
s5target,0,5,1297036692683751936,16,104,0,0,0,0,0
s5target,0,5,1297036692683752448,16,100,0,0,0,0,0
s5target,0,5,1297036692683753472,16,100,0,0,0,0,0
s5target,0,5,1297036692683755520,16,99,0,0,0,0,0
s5target,0,5,1297036692683759616,16,85,0,0,0,0,0
s5target,0,5,1297036692683767808,16,100,0,0,0,0,0
s5target,0,5,1297036692683784192,16,99,0,0,0,0,0
s5target,0,5,1297036692683816960,16,101,0,0,0,0,0
s5target,0,5,1297036692683882496,16,90,0,0,0,0,0
s5target,0,5,1297036692684013568,16,98,0,0,0,0,0
s5target,0,5,1297036692684275712,16,101,0,0,0,0,0
s5target,0,5,1297036692685848576,16,105,0,0,0,0,0
s5target,0,5,1297036692687945728,16,105,0,0,0,0,0
s5target,0,5,1297036692692140032,16,105,0,0,0,0,0
s5target,0,5,1297036692700528640,16,88,0,0,0,0,0
s5target,0,5,1297036692717305856,16,104,0,0,0,0,0
s5target,0,5,1297036692750860288,16,91,0,0,0,0,0
s5target,0,5,1297036692817969152,16,92,0,0,0,0,0
s5target,0,5,1297036693220622336,16,102,0,0,0,0,0
s5target,0,5,1297036693757493248,16,93,0,0,0,0,0
s5target,0,5,1297036694831235072,16,102,0,0,0,0,0
s5target,0,5,1297036696978718720,16,99,0,0,0,0,0
s5target,0,5,1297036701273686016,16,103,0,0,0,0,0
s5target,0,5,1297036709863620608,16,98,0,0,0,0,0
s5target,0,5,1297036727043489792,16,95,0,0,0,0,0
s5target,0,5,1297036761403228160,16,87,0,0,0,0,0
s5target,0,5,1297036830122704896,16,95,0,0,0,0,0
s5target,0,5,1297036967561658368,16,92,0,0,0,0,0
s5target,0,5,1297037242439565312,16,95,0,0,0,0,0
s5target,0,5,1297037792195379200,16,94,0,0,0,0,0
s5target,0,5,1297041090730262528,16,103,0,0,0,0,0
s5target,0,5,1297045488776773632,16,105,0,0,0,0,0
s5target,0,5,1297071877055840256,16,100,0,0,0,0,0
s5target,0,5,1297107061427929088,16,92,0,0,0,0,0
s5target,0,5,1301540292311121920,16,102,0,0,0,0,0
s5target,0,5,1306043891938492416,16,101,0,0,0,0,0
s5target,0,5,1315051091193233408,16,105,0,0,0,0,0
s5target,0,5,1369094286721679360,16,93,0,0,0,0,0
s5target,0,5,1585267068835463168,16,93,0,0,0,0,0
s5target,0,5,1873497444987174912,16,90,0,0,0,0,0
s5target,0,5,3602879701897445376,16,92,0,0,0,0,0
s5target,0,5,5908722711111139328,16,89,0,0,0,0,0
s5target,0,5,10376293541461626880,1028,98,0,0,0,0,0
s5target,0,5,10376293541461626880,1032,88,0,0,0,0,0
s5target,0,5,10376293541461626880,9216,106,0,0,0,0,0
s5target,0,5,10376293541461626880,17408,97,0,0,0,0,0
s5target,0,5,10376293541461626880,33792,99,0,0,0,0,0
s5target,0,5,10376293541461626880,66560,100,0,0,0,0,0
s5target,0,5,10376293541461626880,132096,95,0,0,0,0,0
s5target,0,5,10376293541461626880,16778240,106,0,0,0,0,0
s5target,0,5,10376293541461626880,33555456,99,0,0,0,0,0
s5target,0,5,10376293541461626880,67109888,88,0,0,0,0,0
s5target,0,5,10376293541461626880,134218752,105,0,0,0,0,0
s5target,0,5,10376293541461626880,268436480,100,0,0,0,0,0
