parent,strategy,outcome,exact_visited,exact_maxdepth,exact_memo,exact_seconds,wall_seconds,pid,root_unique,root_entered,root_first_lo,root_first_hi,root_witness,root_children,probe10k_visited,probe10k_seconds,probe10k_n,probe1m_visited,probe1m_seconds,probe1m_n,probe_visited_total,probe_seconds_total,b_total_visited,solver_cmd
"12,57,58",B,WIN,26873962,18,26798600,66.3652,69.721,2270,97,1,6755399709622272,0,28,97,970000,58.992,97,11000000,52.557,11,11970000,111.548,38843962,/mnt/d/ghq/github.com/yuubinnkyoku/kyouen-1-to-9-classification/research/experiments/solver-benchmarks/bin/parent_bench_native /mnt/d/ghq/github.com/yuubinnkyoku/kyouen-1-to-9-classification/research/experiments/solver-benchmarks/bin/tmpihf7n1yw.txt 0 90 0 0 --root-depth 3 --root-order-file /mnt/d/ghq/github.com/yuubinnkyoku/kyouen-1-to-9-classification/results/10x10/ab-staged-v3-root/root_orders/order_12_57_58.txt
"12,57,58",A,WIN,23332546,18,23254915,54.976,57.388,2279,97,2,150870587517042688,0,59,97,,,,,,,,,,/mnt/d/ghq/github.com/yuubinnkyoku/kyouen-1-to-9-classification/research/experiments/solver-benchmarks/bin/parent_bench_native /mnt/d/ghq/github.com/yuubinnkyoku/kyouen-1-to-9-classification/research/experiments/solver-benchmarks/bin/tmps1s0abgv.txt 0 90 0 0 --root-depth 3
"4,15,23",A,WIN,14494611,18,14438528,33.4627,35.746,2286,97,1,1125899973967904,0,59,97,,,,,,,,,,/mnt/d/ghq/github.com/yuubinnkyoku/kyouen-1-to-9-classification/research/experiments/solver-benchmarks/bin/parent_bench_native /mnt/d/ghq/github.com/yuubinnkyoku/kyouen-1-to-9-classification/research/experiments/solver-benchmarks/bin/tmpwrf4_qts.txt 0 90 0 0 --root-depth 3
"4,15,23",B,WIN,8435409,18,8393130,20.4982,22.888,2291,97,1,290483279771992064,0,85,97,970000,57.784,97,11000000,51.848,11,11970000,109.631,20405409,/mnt/d/ghq/github.com/yuubinnkyoku/kyouen-1-to-9-classification/research/experiments/solver-benchmarks/bin/parent_bench_native /mnt/d/ghq/github.com/yuubinnkyoku/kyouen-1-to-9-classification/research/experiments/solver-benchmarks/bin/tmp2cs9zpkd.txt 0 90 0 0 --root-depth 3 --root-order-file /mnt/d/ghq/github.com/yuubinnkyoku/kyouen-1-to-9-classification/results/10x10/ab-staged-v3-root/root_orders/order_4_15_23.txt
"11,25,64",B,WIN,55761029,18,55632662,149.558,151.986,2294,92,3,4714705859905536,0,88,92,920000,50.970,92,11000000,55.172,11,11920000,106.142,67681029,/mnt/d/ghq/github.com/yuubinnkyoku/kyouen-1-to-9-classification/research/experiments/solver-benchmarks/bin/parent_bench_native /mnt/d/ghq/github.com/yuubinnkyoku/kyouen-1-to-9-classification/research/experiments/solver-benchmarks/bin/tmp1gnmhpoo.txt 0 90 0 0 --root-depth 3 --root-order-file /mnt/d/ghq/github.com/yuubinnkyoku/kyouen-1-to-9-classification/results/10x10/ab-staged-v3-root/root_orders/order_11_25_64.txt
"11,25,64",A,WIN,101290530,18,101089898,441.334,444.127,2314,92,4,17039360,130,57,92,,,,,,,,,,/mnt/d/ghq/github.com/yuubinnkyoku/kyouen-1-to-9-classification/research/experiments/solver-benchmarks/bin/parent_bench_native /mnt/d/ghq/github.com/yuubinnkyoku/kyouen-1-to-9-classification/research/experiments/solver-benchmarks/bin/tmpoa9b3um8.txt 0 90 0 0 --root-depth 3
"4,45,68",B,WIN,12474929,18,12423704,56.2931,60.466,2353,97,1,9799867973530296320,0,66,97,970000,52.699,97,11000000,54.672,11,11970000,107.371,24444929,/mnt/d/ghq/github.com/yuubinnkyoku/kyouen-1-to-9-classification/research/experiments/solver-benchmarks/bin/parent_bench_native /mnt/d/ghq/github.com/yuubinnkyoku/kyouen-1-to-9-classification/research/experiments/solver-benchmarks/bin/tmpazcyxn4v.txt 0 90 0 0 --root-depth 3 --root-order-file /mnt/d/ghq/github.com/yuubinnkyoku/kyouen-1-to-9-classification/results/10x10/ab-staged-v3-root/root_orders/order_4_45_68.txt
"4,45,68",A,WIN,79047740,19,78859589,404.534,408.734,2358,97,4,1143492092953600,0,5,97,,,,,,,,,,/mnt/d/ghq/github.com/yuubinnkyoku/kyouen-1-to-9-classification/research/experiments/solver-benchmarks/bin/parent_bench_native /mnt/d/ghq/github.com/yuubinnkyoku/kyouen-1-to-9-classification/research/experiments/solver-benchmarks/bin/tmp7qqv5e7t.txt 0 90 0 0 --root-depth 3
"3,58,81",B,WIN,11363418,18,11303591,57.0588,62.726,2408,96,1,297237575406452744,131072,53,96,960000,54.128,96,11000000,52.696,11,11960000,106.824,23323418,/mnt/d/ghq/github.com/yuubinnkyoku/kyouen-1-to-9-classification/research/experiments/solver-benchmarks/bin/parent_bench_native /mnt/d/ghq/github.com/yuubinnkyoku/kyouen-1-to-9-classification/research/experiments/solver-benchmarks/bin/tmpatoblaw5.txt 0 90 0 0 --root-depth 3 --root-order-file /mnt/d/ghq/github.com/yuubinnkyoku/kyouen-1-to-9-classification/results/10x10/ab-staged-v3-root/root_orders/order_3_58_81.txt
"3,58,81",A,WIN,68428419,18,68234647,320.621,324.980,2413,96,3,2113536,131104,36,96,,,,,,,,,,/mnt/d/ghq/github.com/yuubinnkyoku/kyouen-1-to-9-classification/research/experiments/solver-benchmarks/bin/parent_bench_native /mnt/d/ghq/github.com/yuubinnkyoku/kyouen-1-to-9-classification/research/experiments/solver-benchmarks/bin/tmpq965r2or.txt 0 90 0 0 --root-depth 3
"2,30,53",B,WIN,22187375,19,22132928,109.875,114.979,2451,92,1,9007750084296708,0,96,92,920000,51.519,92,11000000,54.144,11,11920000,105.663,34107375,/mnt/d/ghq/github.com/yuubinnkyoku/kyouen-1-to-9-classification/research/experiments/solver-benchmarks/bin/parent_bench_native /mnt/d/ghq/github.com/yuubinnkyoku/kyouen-1-to-9-classification/research/experiments/solver-benchmarks/bin/tmpcliye3qv.txt 0 90 0 0 --root-depth 3 --root-order-file /mnt/d/ghq/github.com/yuubinnkyoku/kyouen-1-to-9-classification/results/10x10/ab-staged-v3-root/root_orders/order_2_30_53.txt
"2,30,53",A,WIN,86429522,18,86258636,456.825,462.000,2460,92,5,9288675305193476,0,22,92,,,,,,,,,,/mnt/d/ghq/github.com/yuubinnkyoku/kyouen-1-to-9-classification/research/experiments/solver-benchmarks/bin/parent_bench_native /mnt/d/ghq/github.com/yuubinnkyoku/kyouen-1-to-9-classification/research/experiments/solver-benchmarks/bin/tmpdhh_r9e3.txt 0 90 0 0 --root-depth 3
"22,44,55",B,WIN,10239311,18,10194277,52.9801,58.027,2494,45,1,18049600195657728,0,34,90,900000,53.978,90,11000000,55.729,11,11900000,109.708,22139311,/mnt/d/ghq/github.com/yuubinnkyoku/kyouen-1-to-9-classification/research/experiments/solver-benchmarks/bin/parent_bench_native /mnt/d/ghq/github.com/yuubinnkyoku/kyouen-1-to-9-classification/research/experiments/solver-benchmarks/bin/tmpt_vsrexy.txt 0 90 0 0 --root-depth 3 --root-order-file /mnt/d/ghq/github.com/yuubinnkyoku/kyouen-1-to-9-classification/results/10x10/ab-staged-v3-root/root_orders/order_22_44_55.txt
"22,44,55",A,WIN,7049546,18,7017179,36.1586,41.165,2499,45,1,18049617375526912,0,35,90,,,,,,,,,,/mnt/d/ghq/github.com/yuubinnkyoku/kyouen-1-to-9-classification/research/experiments/solver-benchmarks/bin/parent_bench_native /mnt/d/ghq/github.com/yuubinnkyoku/kyouen-1-to-9-classification/research/experiments/solver-benchmarks/bin/tmpj_hkb817.txt 0 90 0 0 --root-depth 3
"4,32,64",A,WIN,14189168,18,14128766,73.5325,78.413,2504,97,1,106652636282880,0,45,97,,,,,,,,,,/mnt/d/ghq/github.com/yuubinnkyoku/kyouen-1-to-9-classification/research/experiments/solver-benchmarks/bin/parent_bench_native /mnt/d/ghq/github.com/yuubinnkyoku/kyouen-1-to-9-classification/research/experiments/solver-benchmarks/bin/tmpuehijlfc.txt 0 90 0 0 --root-depth 3
"4,32,64",B,WIN,10662167,18,10614785,55.7607,60.297,2507,97,1,572845625180160,0,49,97,970000,57.720,97,11000000,53.784,11,11970000,111.504,22632167,/mnt/d/ghq/github.com/yuubinnkyoku/kyouen-1-to-9-classification/research/experiments/solver-benchmarks/bin/parent_bench_native /mnt/d/ghq/github.com/yuubinnkyoku/kyouen-1-to-9-classification/research/experiments/solver-benchmarks/bin/tmpdkjza1a9.txt 0 90 0 0 --root-depth 3 --root-order-file /mnt/d/ghq/github.com/yuubinnkyoku/kyouen-1-to-9-classification/results/10x10/ab-staged-v3-root/root_orders/order_4_32_64.txt
"12,44,46",A,WIN,6657408,17,6613926,33.5343,38.137,2511,96,1,61572651286528,0,44,96,,,,,,,,,,/mnt/d/ghq/github.com/yuubinnkyoku/kyouen-1-to-9-classification/research/experiments/solver-benchmarks/bin/parent_bench_native /mnt/d/ghq/github.com/yuubinnkyoku/kyouen-1-to-9-classification/research/experiments/solver-benchmarks/bin/tmpcvjyg0f_.txt 0 90 0 0 --root-depth 3
"12,44,46",B,WIN,6657408,17,6613926,33.0602,37.639,2514,96,1,61572651286528,0,44,96,960000,57.469,96,11000000,54.993,11,11960000,112.462,18617408,/mnt/d/ghq/github.com/yuubinnkyoku/kyouen-1-to-9-classification/research/experiments/solver-benchmarks/bin/parent_bench_native /mnt/d/ghq/github.com/yuubinnkyoku/kyouen-1-to-9-classification/research/experiments/solver-benchmarks/bin/tmpw_grv2_n.txt 0 90 0 0 --root-depth 3 --root-order-file /mnt/d/ghq/github.com/yuubinnkyoku/kyouen-1-to-9-classification/results/10x10/ab-staged-v3-root/root_orders/order_12_44_46.txt
"4,16,41",A,WIN,14364974,18,14319059,72.5569,76.889,2515,97,2,2199023321136,0,74,97,,,,,,,,,,/mnt/d/ghq/github.com/yuubinnkyoku/kyouen-1-to-9-classification/research/experiments/solver-benchmarks/bin/parent_bench_native /mnt/d/ghq/github.com/yuubinnkyoku/kyouen-1-to-9-classification/research/experiments/solver-benchmarks/bin/tmpd3p_zg1w.txt 0 90 0 0 --root-depth 3
"4,16,41",B,WIN,9823171,18,9778002,49.6449,54.575,2520,97,1,283673999974432,0,48,97,970000,58.797,97,11000000,57.023,11,11970000,115.820,21793171,/mnt/d/ghq/github.com/yuubinnkyoku/kyouen-1-to-9-classification/research/experiments/solver-benchmarks/bin/parent_bench_native /mnt/d/ghq/github.com/yuubinnkyoku/kyouen-1-to-9-classification/research/experiments/solver-benchmarks/bin/tmpuzpnlygo.txt 0 90 0 0 --root-depth 3 --root-order-file /mnt/d/ghq/github.com/yuubinnkyoku/kyouen-1-to-9-classification/results/10x10/ab-staged-v3-root/root_orders/order_4_16_41.txt
"1,27,54",A,WIN,28886008,18,28796302,148.429,153.432,2523,97,2,18049583015788546,0,56,97,,,,,,,,,,/mnt/d/ghq/github.com/yuubinnkyoku/kyouen-1-to-9-classification/research/experiments/solver-benchmarks/bin/parent_bench_native /mnt/d/ghq/github.com/yuubinnkyoku/kyouen-1-to-9-classification/research/experiments/solver-benchmarks/bin/tmp_6fu2a27.txt 0 90 0 0 --root-depth 3
"1,27,54",B,WIN,15660673,18,15612562,81.0914,86.202,2530,97,1,18014398647894018,0,22,97,970000,69.704,97,11000000,52.946,11,11970000,122.650,27630673,/mnt/d/ghq/github.com/yuubinnkyoku/kyouen-1-to-9-classification/research/experiments/solver-benchmarks/bin/parent_bench_native /mnt/d/ghq/github.com/yuubinnkyoku/kyouen-1-to-9-classification/research/experiments/solver-benchmarks/bin/tmp10aizkr0.txt 0 90 0 0 --root-depth 3 --root-order-file /mnt/d/ghq/github.com/yuubinnkyoku/kyouen-1-to-9-classification/results/10x10/ab-staged-v3-root/root_orders/order_1_27_54.txt
"4,13,67",A,WIN,21645184,18,21579581,111.589,116.351,2535,96,1,2306968909189742592,0,21,96,,,,,,,,,,/mnt/d/ghq/github.com/yuubinnkyoku/kyouen-1-to-9-classification/research/experiments/solver-benchmarks/bin/parent_bench_native /mnt/d/ghq/github.com/yuubinnkyoku/kyouen-1-to-9-classification/research/experiments/solver-benchmarks/bin/tmpulv2lfxa.txt 0 90 0 0 --root-depth 3
"4,13,67",B,WIN,16742770,18,16684189,80.8875,85.553,2540,96,1,1152921504606855184,8,96,96,960000,70.274,96,11000000,58.109,11,11960000,128.383,28702770,/mnt/d/ghq/github.com/yuubinnkyoku/kyouen-1-to-9-classification/research/experiments/solver-benchmarks/bin/parent_bench_native /mnt/d/ghq/github.com/yuubinnkyoku/kyouen-1-to-9-classification/research/experiments/solver-benchmarks/bin/tmpbby6eeq0.txt 0 90 0 0 --root-depth 3 --root-order-file /mnt/d/ghq/github.com/yuubinnkyoku/kyouen-1-to-9-classification/results/10x10/ab-staged-v3-root/root_orders/order_4_13_67.txt
"2,59,87",A,WIN,241174390,19,240703928,1653.95,1658.582,2545,97,21,268436512,64,75,97,,,,,,,,,,/mnt/d/ghq/github.com/yuubinnkyoku/kyouen-1-to-9-classification/research/experiments/solver-benchmarks/bin/parent_bench_native /mnt/d/ghq/github.com/yuubinnkyoku/kyouen-1-to-9-classification/research/experiments/solver-benchmarks/bin/tmp4vmgpaxq.txt 0 90 0 0 --root-depth 3
"2,59,87",B,WIN,362238186,19,361565986,2430.82,2436.631,2633,97,30,268435488,576,75,97,970000,73.093,97,11000000,53.021,11,11970000,126.114,374208186,/mnt/d/ghq/github.com/yuubinnkyoku/kyouen-1-to-9-classification/research/experiments/solver-benchmarks/bin/parent_bench_native /mnt/d/ghq/github.com/yuubinnkyoku/kyouen-1-to-9-classification/research/experiments/solver-benchmarks/bin/tmpi9ipqq5x.txt 0 90 0 0 --root-depth 3 --root-order-file /mnt/d/ghq/github.com/yuubinnkyoku/kyouen-1-to-9-classification/results/10x10/ab-staged-v3-root/root_orders/order_2_59_87.txt
"4,55,78",B,WIN,12981953,18,12933232,64.0866,68.658,2710,95,1,37189881298026496,0,55,95,950000,71.652,95,11000000,56.500,11,11950000,128.152,24931953,/mnt/d/ghq/github.com/yuubinnkyoku/kyouen-1-to-9-classification/research/experiments/solver-benchmarks/bin/parent_bench_native /mnt/d/ghq/github.com/yuubinnkyoku/kyouen-1-to-9-classification/research/experiments/solver-benchmarks/bin/tmp8lu4dvci.txt 0 90 0 0 --root-depth 3 --root-order-file /mnt/d/ghq/github.com/yuubinnkyoku/kyouen-1-to-9-classification/results/10x10/ab-staged-v3-root/root_orders/order_4_55_78.txt
"4,55,78",A,WIN,82933033,18,82768680,373.081,377.880,2711,95,5,1161084283256832,0,12,95,,,,,,,,,,/mnt/d/ghq/github.com/yuubinnkyoku/kyouen-1-to-9-classification/research/experiments/solver-benchmarks/bin/parent_bench_native /mnt/d/ghq/github.com/yuubinnkyoku/kyouen-1-to-9-classification/research/experiments/solver-benchmarks/bin/tmpx6higp8v.txt 0 90 0 0 --root-depth 3
"2,50,69",A,WIN,111884858,19,111668478,476.348,480.584,2713,97,7,1729382257447141504,0,52,97,,,,,,,,,,/mnt/d/ghq/github.com/yuubinnkyoku/kyouen-1-to-9-classification/research/experiments/solver-benchmarks/bin/parent_bench_native /mnt/d/ghq/github.com/yuubinnkyoku/kyouen-1-to-9-classification/research/experiments/solver-benchmarks/bin/tmpvffh8xgf.txt 0 90 0 0 --root-depth 3
"2,50,69",B,WIN,40379879,19,40266489,168.833,173.176,2723,97,2,1125899906842628,288,67,97,970000,70.250,97,11000000,56.018,11,11970000,126.268,52349879,/mnt/d/ghq/github.com/yuubinnkyoku/kyouen-1-to-9-classification/research/experiments/solver-benchmarks/bin/parent_bench_native /mnt/d/ghq/github.com/yuubinnkyoku/kyouen-1-to-9-classification/research/experiments/solver-benchmarks/bin/tmp_k34fp78.txt 0 90 0 0 --root-depth 3 --root-order-file /mnt/d/ghq/github.com/yuubinnkyoku/kyouen-1-to-9-classification/results/10x10/ab-staged-v3-root/root_orders/order_2_50_69.txt
"3,36,62",B,WIN,11715422,18,11673031,48.7377,52.836,2724,96,1,4620693286401605640,0,53,96,960000,65.904,96,11000000,52.776,11,11960000,118.680,23675422,/mnt/d/ghq/github.com/yuubinnkyoku/kyouen-1-to-9-classification/research/experiments/solver-benchmarks/bin/parent_bench_native /mnt/d/ghq/github.com/yuubinnkyoku/kyouen-1-to-9-classification/research/experiments/solver-benchmarks/bin/tmp22p6dh5k.txt 0 90 0 0 --root-depth 3 --root-order-file /mnt/d/ghq/github.com/yuubinnkyoku/kyouen-1-to-9-classification/results/10x10/ab-staged-v3-root/root_orders/order_3_36_62.txt
"3,36,62",A,WIN,7198361,18,7153974,26.5361,30.271,2728,96,1,1152921513196781632,8,69,96,,,,,,,,,,/mnt/d/ghq/github.com/yuubinnkyoku/kyouen-1-to-9-classification/research/experiments/solver-benchmarks/bin/parent_bench_native /mnt/d/ghq/github.com/yuubinnkyoku/kyouen-1-to-9-classification/research/experiments/solver-benchmarks/bin/tmpgecpt0r7.txt 0 90 0 0 --root-depth 3
