target,3,6,1729382261213626368,536870976,81,0,1,0,0,0
target,11,6,1729382261213626368,570425344,81,0,1,0,0,0
target,19,6,1729382261213626400,536870912,77,0,1,0,0,0
target,27,6,1729382261213642752,536870912,95,0,1,0,0,0
target,35,6,1729382261230403584,536870912,72,0,1,0,0,0
target,43,6,1729382278393495552,536870912,88,0,1,0,0,0
target,51,6,1729386659260137472,536870912,92,0,1,0,0,0
target,59,6,1747396659723108352,536870912,92,0,1,0,0,0
target,67,6,3458764513954758664,8606711808,92,0,1,0,0,0
target,75,6,3458764513954762752,8606711808,90,0,1,0,0,0
target,83,6,3458764513955807232,8606711808,69,0,1,0,0,0
target,91,6,3458764515972218880,536903680,93,0,1,0,0,0
target,99,6,3602879704048074752,536870912,83,0,1,0,0,0
