replay,0,6,81,1,2000000,1,263571,1,1441151880758558721,17733517312
replay,0,6,76,1,2000000,1,116376,0,1441151880758558721,553648130
replay,0,6,84,1,2000000,1,225223,1,1441151880758558722,17733517312
replay,0,6,87,1,2000000,1,482281,2,1441151880758558722,553648130
replay,0,6,82,1,2000000,1,182759,1,1441151880758558724,17733517312
replay,0,6,85,1,2000000,1,139032,0,1441151880758558724,553648130
replay,0,6,86,1,2000000,1,88422,0,1441151880758558728,17733517312
replay,0,6,85,1,2000000,1,411734,1,1441151880758558728,553648130
replay,0,6,79,1,2000000,1,55991,0,1441151880758558736,17733517312
replay,0,6,82,1,2000000,1,170510,0,1441151880758558736,553648130
replay,0,6,78,1,2000000,1,118220,1,1441151880758558752,17733517312
replay,0,6,67,1,2000000,1,35624,0,1441151880758558752,553648130
replay,0,6,83,1,2000000,1,74178,0,1441151880758558784,17733517312
replay,0,6,87,1,2000000,1,127035,0,1441151880758558784,553648130
replay,0,6,86,1,2000000,1,305874,1,1441151880758558848,17733517312
replay,0,6,83,1,2000000,1,169632,1,1441151880758558848,553648130
replay,0,6,76,1,2000000,1,82883,0,1441151880758558976,17733517312
replay,0,6,76,1,2000000,1,58246,0,1441151880758558976,553648130
replay,0,6,86,1,2000000,0,2000000,9,1441151880758559232,17733517312
replay,0,6,87,1,2000000,1,158119,0,1441151880758559232,553648130
replay,0,6,84,1,2000000,1,186869,1,1441151880758559744,17733517312
replay,0,6,82,1,2000000,1,1351563,6,1441151880758559744,553648130
replay,0,6,80,1,2000000,1,113491,0,1441151880758560768,17733517312
replay,0,6,81,1,2000000,1,218409,1,1441151880758560768,553648130
replay,0,6,80,1,2000000,1,32031,0,1441151880758562816,17733517312
replay,0,6,83,1,2000000,1,121530,1,1441151880758562816,553648130
replay,0,6,86,1,2000000,1,95263,0,1441151880758566912,17733517312
replay,0,6,87,1,2000000,1,69858,0,1441151880758566912,553648130
replay,0,6,79,1,2000000,1,37906,0,1441151880758575104,17733517312
replay,0,6,82,1,2000000,1,237170,1,1441151880758575104,553648130
replay,0,6,85,1,2000000,1,632438,3,1441151880758591488,17733517312
replay,0,6,88,1,2000000,1,223913,1,1441151880758591488,553648130
replay,0,6,71,1,2000000,1,65599,0,1441151880758624256,17733517312
replay,0,6,71,1,2000000,1,92324,0,1441151880758624256,553648130
replay,0,6,84,1,2000000,1,47971,0,1441151880758689792,17733517312
replay,0,6,72,1,2000000,1,149832,0,1441151880758689792,553648130
replay,0,6,74,1,2000000,1,157727,1,1441151880758820864,17733517312
replay,0,6,69,1,2000000,1,311574,1,1441151880758820864,553648130
replay,0,6,86,1,2000000,1,295841,1,1441151880759083008,17733517312
replay,0,6,87,1,2000000,1,155091,0,1441151880759083008,553648130
replay,0,6,81,1,2000000,1,178598,1,1441151880759607296,17733517312
replay,0,6,77,1,2000000,1,601105,2,1441151880759607296,553648130
replay,0,6,83,1,2000000,1,72962,0,1441151880760655872,17733517312
replay,0,6,86,1,2000000,1,542377,2,1441151880760655872,553648130
replay,0,6,72,1,2000000,1,130448,0,1441151880896970752,131074
replay,0,6,72,1,2000000,1,87911,0,1441151880896970752,134217730
replay,0,6,79,1,2000000,1,335893,1,1441151880896970752,16386
replay,0,6,86,1,2000000,1,297262,1,1441151880896970752,16777218
replay,0,6,78,1,2000000,1,585619,2,1441151880896970752,18
replay,0,6,74,1,2000000,1,55012,0,1441151880896970752,268435458
replay,0,6,83,1,2000000,1,266464,1,1441151880896970752,32770
replay,0,6,82,1,2000000,1,144150,0,1441151880896970752,33554434
replay,0,6,69,1,2000000,1,190528,0,1441151880896970752,34
replay,0,6,83,1,2000000,1,594231,2,1441151880896970752,6
replay,0,6,84,1,2000000,0,2000000,9,1441151880896970752,65538
replay,0,6,77,1,2000000,1,133219,0,1441151880896970752,67108866
replay,0,6,77,1,2000000,1,88744,0,1441151880896970752,8194
replay,0,6,76,1,2000000,1,591913,2,1441151885191938048,128
replay,0,6,84,1,2000000,1,1226315,6,1441151885191938048,131072
replay,0,6,71,1,2000000,1,422898,1,1441151885191938048,134217728
replay,0,6,77,1,2000000,1,191038,0,1441151885191938048,16
replay,0,6,81,1,2000000,1,280993,1,1441151885191938048,16384
replay,0,6,83,1,2000000,1,1920627,10,1441151885191938048,16777216
replay,0,6,50,1,2000000,1,94622,0,1441151885191938048,262144
replay,0,6,78,1,2000000,1,25507,0,1441151885191938048,268435456
replay,0,6,76,1,2000000,1,32344,0,1441151885191938048,32
replay,0,6,86,1,2000000,1,1375923,6,1441151885191938048,32768
replay,0,6,86,1,2000000,1,1720974,8,1441151885191938048,33554432
replay,0,6,81,1,2000000,1,69186,0,1441151885191938048,4
replay,0,6,79,1,2000000,1,368328,1,1441151885191938048,536870912
replay,0,6,82,1,2000000,1,154445,0,1441151885191938048,65536
replay,0,6,74,1,2000000,1,115935,0,1441151885191938048,67108864
replay,0,6,72,1,2000000,1,93692,0,1441151885191938048,8192
replay,0,6,80,1,2000000,1,1623785,7,1441151885191938050,0
replay,0,6,79,1,2000000,1,131397,0,1441151885191938064,0
replay,0,6,79,1,2000000,1,1878879,9,1441151885191938080,0
replay,0,6,80,1,2000000,1,156051,0,1441151885191938112,0
replay,0,6,83,1,2000000,1,67497,0,1441151885191938176,0
replay,0,6,82,1,2000000,1,1851037,9,1441151885191938560,0
replay,0,6,85,1,2000000,1,126112,0,1441151885191939072,0
replay,0,6,79,1,2000000,1,479853,2,1441151885191940096,0
replay,0,6,79,1,2000000,1,744156,3,1441151885191946240,0
replay,0,6,73,1,2000000,1,89125,0,1441151885191954432,0
replay,0,6,71,1,2000000,1,539225,2,1441151885192003584,0
replay,0,6,69,1,2000000,1,117840,0,1441151885192200192,0
replay,0,6,79,1,2000000,1,184833,0,1441151885192462336,0
replay,0,6,80,1,2000000,1,58140,0,1441151885194035200,0
replay,0,6,78,1,2000000,1,291288,1,1441151902371807232,0
replay,0,6,80,1,2000000,1,58208,0,1441151919551676416,0
replay,0,6,74,1,2000000,1,482336,2,1441151953911414784,0
replay,0,6,75,1,2000000,1,92853,0,1441152022630891520,0
replay,0,6,79,1,2000000,1,56370,0,1441152434947751936,0
replay,0,6,76,1,2000000,1,53177,0,1441152984703565824,0
replay,0,6,84,1,2000000,1,519065,2,1441154084215193600,0
replay,0,6,83,1,2000000,1,384180,1,1441156283238449152,0
replay,0,6,85,1,2000000,1,190665,1,1441160681284960256,0
replay,0,6,80,1,2000000,1,940859,4,1441169477377982464,0
replay,0,6,78,1,2000000,1,47254,0,1441187069564026880,0
replay,0,6,75,1,2000000,1,727047,3,1441222253936115712,0
replay,0,6,72,1,2000000,1,136474,0,1441292622680293376,0
replay,0,6,69,1,2000000,1,65599,0,1441433360168648704,0
replay,0,6,75,1,2000000,1,252983,1,1441714835145359360,0
replay,0,6,68,1,2000000,1,267404,1,1442277785098780672,0
replay,0,6,79,1,2000000,1,907316,4,1443403685005623296,0
replay,0,6,77,1,2000000,1,554344,2,1445655484819308544,0
replay,0,6,82,1,2000000,1,68341,0,1450159084446679040,0
replay,0,6,82,1,2000000,1,84788,0,1459166283701420032,0
replay,0,6,75,1,2000000,1,241169,1,1513209479229865984,0
replay,0,6,70,1,2000000,1,208031,1,2017612637495361536,0
replay,0,6,72,1,2000000,1,83808,0,3746994894405632000,0
replay,0,6,79,1,2000000,1,181261,0,5764607527467614208,131072
replay,0,6,75,1,2000000,1,870402,3,5764607527467614208,134217728
replay,0,6,81,1,2000000,1,1313736,6,5764607527467614208,16
replay,0,6,85,1,2000000,1,90363,0,5764607527467614208,16384
replay,0,6,85,1,2000000,1,87458,0,5764607527467614208,16777216
replay,0,6,72,1,2000000,1,162855,0,5764607527467614208,268435456
replay,0,6,83,1,2000000,1,262460,1,5764607527467614208,32
replay,0,6,84,1,2000000,1,423030,2,5764607527467614208,32768
replay,0,6,87,1,2000000,1,123463,0,5764607527467614208,33554432
replay,0,6,83,1,2000000,1,231361,1,5764607527467614208,4
replay,0,6,81,1,2000000,1,48583,0,5764607527467614208,65536
replay,0,6,76,1,2000000,1,1515883,7,5764607527467614208,67108864
replay,0,6,70,1,2000000,1,179122,0,5764607527467614208,8192
replay,0,6,70,1,2000000,1,233655,1,5800636324482383872,128
replay,0,6,76,1,2000000,1,320081,1,5800636324482383872,131072
replay,0,6,72,1,2000000,1,439498,2,5800636324482383872,134217728
replay,0,6,79,1,2000000,1,93195,0,5800636324482383872,16
replay,0,6,77,1,2000000,1,648680,2,5800636324482383872,16384
replay,0,6,81,1,2000000,1,633195,3,5800636324482383872,16777216
replay,0,6,61,1,2000000,1,65766,0,5800636324482383872,262144
replay,0,6,68,1,2000000,1,253487,2,5800636324482383872,268435456
replay,0,6,80,1,2000000,1,203365,1,5800636324482383872,32
replay,0,6,83,1,2000000,1,444083,2,5800636324482383872,32768
replay,0,6,80,1,2000000,1,53399,0,5800636324482383872,33554432
replay,0,6,73,1,2000000,1,80633,0,5800636324482383872,4
replay,0,6,75,1,2000000,1,81873,0,5800636324482383872,536870912
replay,0,6,77,1,2000000,1,370029,1,5800636324482383872,65536
replay,0,6,78,1,2000000,1,180287,0,5800636324482383872,67108864
replay,0,6,77,1,2000000,1,50842,0,5800636324482383872,8192
replay,0,6,82,1,2000000,1,643999,3,5800636324482383873,0
replay,0,6,87,1,2000000,1,674717,2,5800636324482383874,0
replay,0,6,85,1,2000000,1,310123,1,5800636324482383880,0
replay,0,6,83,1,2000000,1,266862,1,5800636324482383888,0
replay,0,6,76,1,2000000,1,73310,0,5800636324482383904,0
replay,0,6,82,1,2000000,1,453332,2,5800636324482383936,0
replay,0,6,84,1,2000000,1,114253,0,5800636324482384384,0
replay,0,6,79,1,2000000,1,149930,0,5800636324482385920,0
replay,0,6,86,1,2000000,1,147401,0,5800636324482392064,0
replay,0,6,70,1,2000000,1,62948,0,5800636324482400256,0
replay,0,6,72,1,2000000,1,933847,4,5800636324482449408,0
replay,0,6,71,1,2000000,1,518901,2,5800636324482646016,0
replay,0,6,81,1,2000000,1,77596,0,5800636324482908160,0
replay,0,6,81,1,2000000,1,194360,1,5800636324484481024,0
replay,0,6,74,1,2000000,1,93988,0,5800636324490772480,0
replay,0,6,65,1,2000000,1,200289,1,5800636324515938304,0
replay,0,6,66,1,2000000,1,183760,1,5800636324549492736,0
replay,0,6,65,1,2000000,1,35624,0,5800636324750819328,0
replay,0,6,75,1,2000000,1,237617,1,5800636325556125696,0
replay,0,6,76,1,2000000,1,177996,0,5800636326629867520,0
replay,0,6,86,1,2000000,1,517402,2,5800636333072318464,0
replay,0,6,76,1,2000000,1,131799,0,5800636341662253056,0
replay,0,6,78,1,2000000,1,303434,1,5800636358842122240,0
replay,0,6,75,1,2000000,1,99608,0,5800636393201860608,0
replay,0,6,76,1,2000000,1,120940,0,5800636461921337344,0
replay,0,6,66,1,2000000,1,170071,1,5800636874238197760,0
replay,0,6,77,1,2000000,1,596281,2,5800637423994011648,0
replay,0,6,81,1,2000000,1,291559,1,5800638523505639424,0
replay,0,6,78,1,2000000,1,291441,1,5800640722528894976,0
replay,0,6,75,1,2000000,1,50842,0,5800653916668428288,0
replay,0,6,79,1,2000000,1,197807,1,5800671508854472704,0
replay,0,6,76,1,2000000,1,582158,2,5800706693226561536,0
replay,0,6,76,1,2000000,1,168790,0,5800777061970739200,0
replay,0,6,64,1,2000000,1,158703,1,5800917799459094528,0
replay,0,6,70,1,2000000,1,204742,1,5801199274435805184,0
replay,0,6,76,1,2000000,1,86298,0,5801762224389226496,0
replay,0,6,67,1,2000000,1,74231,0,5802888124296069120,0
replay,0,6,73,1,2000000,1,823585,3,5805139924109754368,0
replay,0,6,81,1,2000000,1,295290,1,5809643523737124864,0
replay,0,6,83,1,2000000,1,284439,1,5818650722991865856,0
replay,0,6,77,1,2000000,1,795579,3,5836665121505542144,0
replay,0,6,78,1,2000000,1,92220,0,5908722715543470080,0
