replay,0,6,76,1,15000000,1,68402,0,1152921513330999296,10304
replay,0,6,84,1,15000000,1,217937,0,1152921513330999296,2105408
replay,0,6,85,1,15000000,1,476350,1,1152921513330999296,4202497
replay,0,6,83,1,15000000,1,289621,1,1152921513330999296,4202504
replay,0,6,85,1,15000000,1,1319834,4,1152921513330999296,4202624
replay,0,6,86,1,15000000,1,1252235,3,1152921513330999296,4218880
replay,0,6,82,1,15000000,1,561392,1,1152921513330999296,4333568
replay,0,6,73,1,15000000,1,623142,2,1152921513330999296,4464640
replay,0,6,77,1,15000000,1,701815,2,1152921513330999296,5251072
replay,0,6,81,1,15000000,1,232003,0,1152921513330999296,6299648
replay,0,6,84,1,15000000,1,113874,0,1152921513330999296,8396864
replay,0,6,83,1,15000000,1,838696,2,1152921513330999424,4202496
replay,0,6,81,1,15000000,1,408549,1,1152921513331007488,4202496
replay,0,6,80,1,15000000,1,1007338,3,1152921513331015680,4202496
replay,0,6,85,1,15000000,1,264787,1,1152921513331032064,4202496
replay,0,6,80,1,15000000,1,1211817,3,1152921513331130368,4202496
replay,0,6,85,1,15000000,1,1257061,4,1152921513332047872,8256
replay,0,6,74,1,15000000,1,235832,1,1152921513335193600,4202496
replay,0,6,84,1,15000000,1,1467098,4,1152921514404741120,8256
replay,0,6,89,1,15000000,1,58049,0,1152921517625966592,8193
replay,0,6,86,1,15000000,1,162650,0,1152921517625966592,8196
replay,0,6,87,1,15000000,1,81102,0,1152921517625966592,8200
replay,0,6,91,1,15000000,1,359654,1,1152921517625966592,8208
replay,0,6,89,1,15000000,1,74097,0,1152921517625966592,8224
replay,0,6,91,1,15000000,1,88645,0,1152921517625966592,8256
replay,0,6,84,1,15000000,1,108332,0,1152921517625966592,8320
replay,0,6,90,1,15000000,1,81680,0,1152921517625966592,8704
replay,0,6,94,1,15000000,1,103003,0,1152921517625966592,9216
replay,0,6,92,1,15000000,1,108886,0,1152921517625966592,12288
replay,0,6,94,1,15000000,1,118029,0,1152921517625966592,24576
replay,0,6,93,1,15000000,1,192244,1,1152921517625966592,40960
replay,0,6,90,1,15000000,1,174037,0,1152921517625966592,139264
replay,0,6,69,1,15000000,1,25629,0,1152921517625966592,270336
replay,0,6,78,1,15000000,1,25629,0,1152921517625966592,1056768
replay,0,6,85,1,15000000,1,75556,0,1152921517625966592,2105344
replay,0,6,90,1,15000000,1,84790,0,1152921517625966592,4202496
replay,0,6,74,1,15000000,1,310178,1,1152921517625966592,8396800
replay,0,6,84,1,15000000,1,123979,0,1152921517625966592,16785408
replay,0,6,88,1,15000000,1,366221,1,1152921517625966592,67117056
replay,0,6,83,1,15000000,1,1651753,5,1152921517625966592,134225920
replay,0,6,88,1,15000000,1,94756,0,1152921517625966592,268443648
replay,0,6,96,1,15000000,1,103889,0,1152921517625966594,8192
replay,0,6,89,1,15000000,1,155373,0,1152921517625966596,8192
replay,0,6,87,1,15000000,1,90458,0,1152921517625966608,8192
replay,0,6,88,1,15000000,1,222557,0,1152921517625966624,8192
replay,0,6,90,1,15000000,1,133702,0,1152921517625966656,8192
replay,0,6,77,1,15000000,1,211945,0,1152921517625966720,8192
replay,0,6,89,1,15000000,1,114715,0,1152921517625966848,8192
replay,0,6,90,1,15000000,1,88312,0,1152921517625967104,8192
replay,0,6,90,1,15000000,1,187554,0,1152921517625967616,8192
replay,0,6,87,1,15000000,1,303073,1,1152921517625968640,8192
replay,0,6,91,1,15000000,1,247812,0,1152921517625970688,8192
replay,0,6,78,1,15000000,1,180691,0,1152921517625974784,8192
replay,0,6,85,1,15000000,1,1557481,5,1152921517625982976,8192
replay,0,6,84,1,15000000,1,229017,0,1152921517625999360,8192
replay,0,6,87,1,15000000,1,84932,0,1152921517626032128,8192
replay,0,6,84,1,15000000,1,292291,1,1152921517626228736,8192
replay,0,6,87,1,15000000,1,186213,0,1152921517626490880,8192
replay,0,6,89,1,15000000,1,121269,0,1152921517628063744,8192
replay,0,6,64,1,15000000,1,84638,0,1152921517630160896,8192
replay,0,6,77,1,15000000,1,242841,0,1152921517642743808,8192
replay,0,6,80,1,15000000,1,245159,0,1152921517659521024,8192
replay,0,6,82,1,15000000,1,338216,1,1152921517693075456,8192
replay,0,6,84,1,15000000,1,134096,0,1152921517894402048,8192
replay,0,6,87,1,15000000,1,192688,0,1152921518162837504,8192
replay,0,6,85,1,15000000,1,652590,2,1152921518699708416,8192
replay,0,6,86,1,15000000,1,126159,0,1152921519773450240,8192
replay,0,6,96,1,15000000,1,180318,0,1152921534805835776,8192
replay,0,6,88,1,15000000,1,103047,0,1152921551985704960,8192
replay,0,6,85,1,15000000,1,112430,0,1152921650769952768,4202496
replay,0,6,83,1,15000000,1,80987,0,1152921655064920064,8192
replay,0,6,79,1,15000000,1,449994,1,1152921788208906240,4202496
replay,0,6,78,1,15000000,1,219192,0,1152921792503873536,8192
replay,0,6,69,1,15000000,1,157727,0,1152922612842627072,8256
replay,0,6,81,1,15000000,1,1421710,4,1152922612842627072,4202496
replay,0,6,77,1,15000000,1,84638,0,1152922617137594368,8192
replay,0,6,86,1,15000000,1,644130,1,1152923712354254848,8256
replay,0,6,81,1,15000000,1,140186,0,1152923712354254848,4202496
replay,0,6,79,1,15000000,1,48333,0,1152923716649222144,8192
replay,0,6,82,1,15000000,1,2249255,7,1152925911243292673,536879104
replay,0,6,85,1,15000000,2,6505457,25,1152925911243292680,536879104
replay,0,6,81,1,15000000,1,129537,0,1152925911243292704,536879104
replay,0,6,85,1,15000000,2,5525038,21,1152925911243300864,536879104
replay,0,6,83,1,15000000,1,466550,1,1152925911243358208,536879104
replay,0,6,94,1,15000000,1,1212704,3,1152925915672477696,8192
replay,0,6,91,1,15000000,1,190841,0,1152930300699869185,562036736
replay,0,6,83,1,15000000,1,105398,0,1152930300699869186,562036736
replay,0,6,93,1,15000000,1,105306,0,1152930300699869188,562036736
replay,0,6,87,1,15000000,1,106553,0,1152930300699869192,562036736
replay,0,6,87,1,15000000,1,118030,0,1152930300699869200,562036736
replay,0,6,83,1,15000000,1,95648,0,1152930300699869216,562036736
replay,0,6,91,1,15000000,1,347908,1,1152930300699869248,562036736
replay,0,6,87,1,15000000,1,131956,0,1152930300699869312,562036736
replay,0,6,89,1,15000000,1,101333,0,1152930300699869440,562036736
replay,0,6,91,1,15000000,1,107904,0,1152930300699869696,562036736
replay,0,6,86,1,15000000,1,158064,0,1152930300699870208,562036736
replay,0,6,86,1,15000000,1,118772,0,1152930300699871232,562036736
replay,0,6,92,1,15000000,1,159242,0,1152930300699873280,562036736
replay,0,6,93,1,15000000,1,149877,0,1152930300699877376,562036736
replay,0,6,96,1,15000000,1,383800,1,1152930300699885568,562036736
replay,0,6,85,1,15000000,1,56021,0,1152930300699901952,562036736
replay,0,6,83,1,15000000,1,69086,0,1152930300699934720,562036736
replay,0,6,91,1,15000000,1,100430,0,1152930300700000256,562036736
replay,0,6,86,1,15000000,1,350734,1,1152930300700131328,562036736
replay,0,6,89,1,15000000,1,97788,0,1152930300700393472,562036736
replay,0,6,84,1,15000000,1,87764,0,1152930300700917760,562036736
replay,0,6,88,1,15000000,1,536512,1,1152930300701966336,562036736
replay,0,6,82,1,15000000,1,119734,0,1152930300834086912,8413184
replay,0,6,96,1,15000000,1,215976,0,1152930300838281216,41943040
replay,0,6,83,1,15000000,1,1095113,3,1152930300838281216,75497472
replay,0,6,87,1,15000000,1,90567,0,1152930300838281216,142606336
replay,0,6,96,1,15000000,1,186779,0,1152930300838281216,276824064
replay,0,6,86,1,15000000,1,1048531,3,1152930313718988800,8192
replay,0,6,85,1,15000000,1,83210,0,1152956701998055424,8192
replay,0,6,96,1,15000000,1,79697,0,1152991886370144256,8192
replay,0,6,84,1,15000000,1,444191,1,1153062250819354624,4202496
replay,0,6,85,1,15000000,1,76942,0,1153062255114321920,8192
replay,0,6,85,1,15000000,1,2310482,7,1153202988174540800,536879104
replay,0,6,82,1,15000000,1,155803,0,1153202992602677248,8192
replay,0,6,86,1,15000000,1,403611,1,1153484467579387904,8192
replay,0,6,84,1,15000000,1,216495,0,1154047413237841920,4202496
replay,0,6,82,1,15000000,1,108313,0,1154047417532809216,8192
replay,0,6,84,1,15000000,2,5629425,22,1155173313144684544,8256
replay,0,6,83,1,15000000,1,76703,0,1155173317439651840,8192
replay,0,6,87,1,15000000,1,63588,0,1157425117253337088,8192
replay,0,6,86,1,15000000,1,83545,0,1161928716880707584,8192
replay,0,6,94,1,15000000,1,125212,0,1170935916135448576,8192
replay,0,6,77,1,15000000,1,2184522,7,1188950310349963264,4202496
replay,0,6,78,1,15000000,1,184254,0,1188950314644930560,8192
replay,0,6,84,1,15000000,2,5072711,20,1297036701406855168,4202496
replay,0,6,84,1,15000000,1,253415,0,1297036705701822464,8192
replay,0,6,85,1,15000000,1,144054,0,1298162592589545608,4
replay,0,6,78,1,15000000,1,151064,0,1298162592589545608,64
replay,0,6,80,1,15000000,1,385839,2,1298162592589545608,128
replay,0,6,83,1,15000000,1,639934,1,1298162592589545608,8192
replay,0,6,83,1,15000000,1,133528,0,1298162592589545672,0
replay,0,6,75,1,15000000,1,1291570,4,1298162592589546632,0
replay,0,6,84,1,15000000,1,2087695,7,1298162592589611144,0
replay,0,6,84,1,15000000,1,212305,0,1298162592590594184,0
replay,0,6,85,1,15000000,1,1682883,5,1298162592591642760,0
replay,0,6,78,1,15000000,1,998460,3,1298162592606322824,0
replay,0,6,80,1,15000000,1,276638,0,1298162592723763336,0
replay,0,6,83,1,15000000,1,2146781,7,1298162593663287432,0
replay,0,6,85,1,15000000,2,5168312,20,1298162661309022344,0
replay,0,6,80,1,15000000,1,309914,1,1298162730028499080,0
replay,0,6,79,1,15000000,1,426967,1,1298163142345359496,0
replay,0,6,82,1,15000000,1,62952,0,1298232961333723272,0
replay,0,6,76,1,15000000,1,239466,0,1298303330077900936,0
replay,0,6,81,1,15000000,1,117310,0,1300414392403230856,0
replay,0,6,91,1,15000000,1,485555,1,1441151893777678336,8192
replay,0,6,80,1,15000000,1,1185106,3,1586392968741257352,0
replay,0,6,81,1,15000000,1,157700,0,1729382269929390080,8192
replay,0,6,83,1,15000000,1,129633,0,1874623344892969096,0
replay,0,6,83,1,15000000,1,247724,0,3458764522544693248,4202496
replay,0,6,85,1,15000000,1,244849,0,3458764526839660544,8192
replay,0,6,84,1,15000000,1,407472,1,3604005601803239560,0
replay,0,6,87,1,15000000,1,97006,0,5764607536053354496,8192
replay,0,6,77,1,15000000,1,512434,1,5909848611016933512,0
replay,0,6,86,1,15000000,1,428632,1,10376293554480742400,8192
replay,0,6,77,1,15000000,1,1080776,3,10376575016438333576,65536
replay,0,6,80,1,15000000,1,360893,1,10412603813457297544,0
replay,0,6,79,1,15000000,1,119598,0,10448632610476261512,0
