reply27-repair-s5,8,5,1297036761536397344,0,81,0,0,0,0,0
reply27-repair-s5,24,5,1299288492630605856,0,85,0,0,0,0,0
reply27-repair-s5,40,5,1297036692682702976,288,86,0,0,0,0,0
reply27-repair-s5,56,5,1153062525697261568,0,88,0,0,0,0,0
reply27-repair-s5,72,5,10448351135499551744,68719476736,88,0,0,0,0,0
reply27-repair-s5,88,5,1152921788208906368,0,90,0,0,0,0,0
reply27-repair-s5,104,5,1297036692816921632,0,91,0,0,0,0,0
reply27-repair-s5,120,5,1152921788209954816,0,92,0,0,0,0,0
reply27-repair-s5,136,5,10376293541595840512,32770,92,0,0,0,0,0
reply27-repair-s5,152,5,1873497444986126592,8,93,0,0,0,0,0
reply27-repair-s5,168,5,1297045488909942816,0,94,0,0,0,0,0
reply27-repair-s5,184,5,1152921504607895552,537141248,94,0,0,0,0,0
reply27-repair-s5,200,5,10376293541595840520,64,95,0,0,0,0,0
reply27-repair-s5,216,5,1873638182474481920,0,96,0,0,0,0,0
reply27-repair-s5,232,5,14987979559889010816,32768,96,0,0,0,0,0
reply27-repair-s5,248,5,1297036709996789792,0,97,0,0,0,0,0
reply27-repair-s5,264,5,1152921504741064704,8960,97,0,0,0,0,0
reply27-repair-s5,280,5,1873497445522997504,0,98,0,0,0,0,0
reply27-repair-s5,296,5,1152921504612089856,536871040,98,0,0,0,0,0
reply27-repair-s5,312,5,10376293541595840544,4,99,0,0,0,0,0
reply27-repair-s5,328,5,1157425104368435200,8448,99,0,0,0,0,0
reply27-repair-s5,344,5,1333065489701667840,536870912,99,0,0,0,0,0
reply27-repair-s5,360,5,10376293550051557384,64,100,0,0,0,0,0
reply27-repair-s5,376,5,1162491653949227008,16777216,100,0,0,0,0,0
reply27-repair-s5,392,5,10376293541461623304,64,101,0,0,0,0,0
reply27-repair-s5,408,5,1873515037172171008,0,102,0,0,0,0,0
reply27-repair-s5,424,5,1873497444986388736,0,104,0,0,0,0,0
reply27-repair-s5,440,5,10376311133647667208,64,105,0,0,0,0,0
reply27-repair-s5,456,5,1152921504741064960,8448,106,0,0,0,0,0
reply27-repair-s5,472,5,1152921504611042304,536871040,107,0,0,0,0,0
