replay,12,5,103,0,15000000,2,5883031,18,1152921513330999296,65
replay,14,5,104,0,15000000,2,4573430,15,1152921513330999296,66
replay,8,5,101,0,15000000,2,4529738,14,1152921513330999424,64
replay,21,5,108,0,15000000,2,5936768,16,1152921513330999552,64
replay,21,5,108,0,15000000,2,7328649,20,1152921513330999808,64
replay,3,5,97,0,15000000,2,7519722,23,1152921513331000320,64
replay,16,5,105,0,15000000,2,7754777,24,1152921513331261440,64
replay,19,5,107,0,15000000,2,11731937,37,1152921513331523584,64
replay,2,5,96,0,15000000,2,7407590,20,1152921513332047872,64
replay,21,5,108,0,15000000,2,6252882,18,1152921513333096448,64
replay,6,5,100,0,15000000,2,2191959,5,1152921513867870208,64
replay,2,5,95,0,15000000,2,7252371,20,1152921514404741120,64
replay,14,5,104,0,15000000,2,4724565,16,1152921515478482944,64
replay,14,5,104,0,15000000,0,15000000,42,1152921517625966592,64
replay,0,5,83,0,15000000,2,8026955,25,1152922612842627072,64
replay,16,5,105,0,15000000,2,5788660,16,1152923712354254848,64
replay,5,5,99,0,15000000,2,5700746,16,1152925911377510400,64
replay,14,5,104,0,15000000,2,9526599,26,1152930300834086912,260
replay,0,5,90,0,15000000,2,5425453,17,1152930300834086912,264
replay,10,5,102,0,15000000,2,8570747,26,1152930300834086912,272
replay,6,5,100,0,15000000,2,7557681,20,1152930300834086912,288
replay,19,5,107,0,15000000,2,4786480,14,1152930300834086912,16640
replay,10,5,102,0,15000000,2,3215421,11,1152930300834086912,33024
replay,22,5,109,0,15000000,2,5320248,17,1152930300834086912,16777472
replay,22,5,108,0,15000000,2,2881649,7,1152930300834086912,33554688
replay,18,5,106,0,15000000,2,14949181,40,1152930309424021504,64
replay,22,5,109,0,15000000,0,15000000,44,1153202979583558144,536879104
replay,18,5,106,0,15000000,2,12304432,36,1153202979583558656,536879104
replay,23,5,109,0,15000000,2,11741886,32,1153202979585654784,536879104
replay,1,5,94,0,15000000,2,5589466,15,1154047413237841920,64
replay,9,5,102,0,15000000,2,4152833,10,1157425112958369792,64
replay,19,5,107,0,15000000,2,14730021,43,1161928712585740288,64
replay,18,5,106,0,15000000,2,3106834,7,1170935911840481280,64
replay,3,5,97,0,15000000,2,6555591,20,1298162592589545480,4
replay,7,5,101,0,15000000,2,6446559,18,1298162592589545480,8
replay,9,5,102,0,15000000,2,5609147,14,1298162592589545480,16
replay,0,5,94,0,15000000,2,5969732,19,1298162592589545480,32
replay,4,5,99,0,15000000,2,5276600,14,1298162592589545481,0
replay,20,5,108,0,15000000,2,9181134,24,1298162592589545482,0
replay,5,5,100,0,15000000,2,4843819,12,1298162592589545544,0
replay,15,5,105,0,15000000,2,6841390,21,1298162592589545736,0
replay,17,5,106,0,15000000,2,3911463,13,1298162592589545992,0
replay,0,5,93,0,15000000,2,7603605,24,1298162592589546504,0
replay,8,5,102,0,15000000,2,9940869,32,1298162592589547528,0
replay,4,5,99,0,15000000,2,6122865,19,1298162592589553672,0
replay,3,5,98,0,15000000,2,4402512,12,1298162592589561864,0
replay,17,5,106,0,15000000,2,5883922,15,1298162592589578248,0
replay,1,5,95,0,15000000,2,3904137,10,1298162592589611016,0
replay,18,5,107,0,15000000,2,10003820,29,1298162592589807624,0
replay,10,5,103,0,15000000,2,3048298,7,1298162592590069768,0
replay,11,5,103,0,15000000,2,7383172,21,1298162592591642632,0
replay,13,5,104,0,15000000,2,8853731,25,1298162592593739784,0
replay,0,5,94,0,15000000,2,3761704,10,1298162592606322696,0
replay,20,5,108,0,15000000,2,6889697,18,1298162592623099912,0
replay,7,5,101,0,15000000,2,8630158,24,1298162592656654344,0
replay,0,5,94,0,15000000,2,6486363,20,1298162592723763208,0
replay,9,5,102,0,15000000,2,5027110,16,1298162592857980936,0
replay,11,5,103,0,15000000,2,7478626,20,1298162593126416392,0
replay,5,5,100,0,15000000,2,6969229,19,1298162593663287304,0
replay,20,5,108,0,15000000,2,4905651,13,1298162594737029128,0
replay,20,5,108,0,15000000,2,5322227,13,1298162596884512776,0
replay,7,5,101,0,15000000,2,3112266,8,1298162601179480072,0
replay,17,5,106,0,15000000,2,5256731,16,1298162609769414664,0
replay,17,5,106,0,15000000,2,3001735,8,1298162626949283848,0
replay,3,5,98,0,15000000,2,4144739,13,1298162730028498952,0
replay,5,5,100,0,15000000,2,11618730,35,1298162867467452424,0
replay,1,5,95,0,15000000,2,11673320,35,1298163142345359368,0
replay,2,5,97,0,15000000,2,6539492,18,1298163692101173256,0
replay,11,5,103,0,15000000,2,3765438,10,1298164791612801032,0
replay,11,5,103,0,15000000,2,4006326,10,1298166990636056584,0
replay,16,5,105,0,15000000,2,11420150,30,1298171388682567688,0
replay,9,5,102,0,15000000,2,13015807,36,1298180184775589896,0
replay,2,5,97,0,15000000,2,7242564,20,1298232961333723144,0
replay,0,5,91,0,15000000,2,8778445,27,1298303330077900808,0
replay,6,5,100,0,15000000,0,15000000,45,1298444067566256136,0
replay,4,5,99,0,15000000,0,15000000,42,1298725542542966792,0
replay,1,5,95,0,15000000,2,6123869,17,1300414392403230728,0
replay,13,5,104,0,15000000,2,2900603,7,1302666192216915976,0
replay,12,5,103,0,15000000,2,9438825,28,1307169791844286472,0
replay,13,5,104,0,15000000,2,8376562,22,1316176991099027464,0
replay,7,5,101,0,15000000,2,5114514,17,1334191389608509448,0
replay,4,5,98,0,15000000,2,3442102,10,1370220186627473416,0
replay,1,5,94,0,15000000,2,7347596,19,3458764522544693248,64
replay,1,5,97,0,15000000,2,8303564,22,3604005601803239432,0
replay,12,5,103,0,15000000,2,4966550,13,5764607531758387200,64
replay,0,5,93,0,15000000,2,3582077,13,5909848611016933384,0
replay,10,5,102,0,15000000,2,6584621,17,10376293550185775104,64
replay,21,5,108,0,15000000,2,10800571,31,10376575016438333568,4
replay,13,5,104,0,15000000,2,5329785,14,10376575016438333568,8
replay,12,5,103,0,15000000,2,3182999,8,10376575016438333568,16
replay,8,5,101,0,15000000,2,7155036,21,10376575016438333568,32
replay,8,5,101,0,15000000,2,9923145,27,10376575016438333568,64
replay,19,5,107,0,15000000,2,14595856,44,10376575016438333568,8192
replay,15,5,104,0,15000000,2,4450629,12,10376575016438333568,16384
replay,16,5,105,0,15000000,2,4691985,12,10376575016438333568,32768
replay,6,5,100,0,15000000,2,2795111,7,10376575016438333568,65536
replay,15,5,104,0,15000000,2,5146369,14,10376575016438333568,16777216
replay,22,5,109,0,15000000,2,6460678,21,10376575016438333568,33554432
replay,15,5,104,0,15000000,2,7330425,20,10376575016438333568,67108864
replay,1,5,95,0,15000000,2,7903913,22,10412603813457297536,0
replay,1,5,93,0,15000000,2,7921552,20,10448632610476261504,0
