reply27-next18-full-unknown,0,5,1152921513196782080,537133056,97,0,0,0,0,0
reply27-next18-full-unknown,1,5,1152921513196782592,537133056,103,0,0,0,0,0
reply27-next18-full-unknown,2,5,1152921513197830144,537133056,100,0,0,0,0,0
reply27-next18-full-unknown,3,5,1152921513198878720,537133056,103,0,0,0,0,0
reply27-next18-full-unknown,4,5,1152921779618971648,8193,94,0,0,0,0,0
reply27-next18-full-unknown,5,5,1152921779618971648,8194,96,0,0,0,0,0
reply27-next18-full-unknown,6,5,1152921779618971648,8704,98,0,0,0,0,0
reply27-next18-full-unknown,7,5,1152921779618971648,9216,93,0,0,0,0,0
reply27-next18-full-unknown,8,5,1152921779618971648,10240,91,0,0,0,0,0
reply27-next18-full-unknown,9,5,1152921779618971648,12288,101,0,0,0,0,0
reply27-next18-full-unknown,10,5,1152921779618971648,2105344,95,0,0,0,0,0
reply27-next18-full-unknown,11,5,1152921779618971648,4202496,91,0,0,0,0,0
reply27-next18-full-unknown,12,5,1152921779618971648,8396800,92,0,0,0,0,0
reply27-next18-full-unknown,13,5,1152921779618971648,25165824,100,0,0,0,0,0
reply27-next18-full-unknown,14,5,1152921779618971648,41943040,99,0,0,0,0,0
reply27-next18-full-unknown,15,5,1152921779618971776,8192,88,0,0,0,0,0
reply27-next18-full-unknown,16,5,1152921779618971904,8192,94,0,0,0,0,0
reply27-next18-full-unknown,17,5,1152921779618972160,8192,100,0,0,0,0,0
reply27-next18-full-unknown,18,5,1152921779618972672,8192,96,0,0,0,0,0
reply27-next18-full-unknown,19,5,1152921779619233792,8192,92,0,0,0,0,0
reply27-next18-full-unknown,20,5,1152921779619495936,8192,100,0,0,0,0,0
reply27-next18-full-unknown,21,5,1152921779620020224,8192,93,0,0,0,0,0
reply27-next18-full-unknown,22,5,1152921779621068800,8192,99,0,0,0,0,0
reply27-next18-full-unknown,23,5,1152921780155842560,8192,99,0,0,0,0,0
reply27-next18-full-unknown,24,5,1152921780692713472,8192,91,0,0,0,0,0
reply27-next18-full-unknown,25,5,1152921781766455296,8192,98,0,0,0,0,0
reply27-next18-full-unknown,26,5,1152921783913938944,8192,90,0,0,0,0,0
reply27-next18-full-unknown,27,5,1152922879130599424,8192,93,0,0,0,0,0
reply27-next18-full-unknown,28,5,1152923978642227200,8192,90,0,0,0,0,0
reply27-next18-full-unknown,29,5,1152926177665482752,8192,96,0,0,0,0,0
reply27-next18-full-unknown,30,5,1155173579432656896,8192,89,0,0,0,0,0
reply27-next18-full-unknown,31,5,1157425379246342144,8192,100,0,0,0,0,0
reply27-next18-full-unknown,32,5,1161928978873712640,8192,95,0,0,0,0,0
reply27-next18-full-unknown,33,5,1170936178128453632,8192,101,0,0,0,0,0
reply27-next18-full-unknown,34,5,1585267068834414720,4,96,0,0,0,0,0
reply27-next18-full-unknown,35,5,1585267068834414720,8,85,0,0,0,0,0
reply27-next18-full-unknown,36,5,1585267068834414720,16,91,0,0,0,0,0
reply27-next18-full-unknown,37,5,1585267068834414720,32,92,0,0,0,0,0
reply27-next18-full-unknown,38,5,1585267068834414720,64,85,0,0,0,0,0
reply27-next18-full-unknown,39,5,1585267068834414720,128,88,0,0,0,0,0
reply27-next18-full-unknown,40,5,1585267068834414724,0,87,0,0,0,0,0
reply27-next18-full-unknown,41,5,1585267068834414736,0,98,0,0,0,0,0
reply27-next18-full-unknown,42,5,1585267068834414752,0,93,0,0,0,0,0
reply27-next18-full-unknown,43,5,1585267068834414784,0,99,0,0,0,0,0
reply27-next18-full-unknown,44,5,1585267068834414976,0,97,0,0,0,0,0
reply27-next18-full-unknown,45,5,1585267068834415232,0,102,0,0,0,0,0
reply27-next18-full-unknown,46,5,1585267068834415744,0,99,0,0,0,0,0
reply27-next18-full-unknown,47,5,1585267068834416768,0,101,0,0,0,0,0
reply27-next18-full-unknown,48,5,1585267068834418816,0,96,0,0,0,0,0
reply27-next18-full-unknown,49,5,1585267068834422912,0,94,0,0,0,0,0
reply27-next18-full-unknown,50,5,1585267068834431104,0,95,0,0,0,0,0
reply27-next18-full-unknown,51,5,1585267068834447488,0,95,0,0,0,0,0
reply27-next18-full-unknown,52,5,1585267068834480256,0,91,0,0,0,0,0
reply27-next18-full-unknown,53,5,1585267068834545792,0,89,0,0,0,0,0
reply27-next18-full-unknown,54,5,1585267068834939008,0,97,0,0,0,0,0
reply27-next18-full-unknown,55,5,1585267068835463296,0,96,0,0,0,0,0
reply27-next18-full-unknown,56,5,1585267068836511872,0,97,0,0,0,0,0
reply27-next18-full-unknown,57,5,1585267068838609024,0,96,0,0,0,0,0
reply27-next18-full-unknown,58,5,1585267068842803328,0,94,0,0,0,0,0
reply27-next18-full-unknown,59,5,1585267068851191936,0,88,0,0,0,0,0
reply27-next18-full-unknown,60,5,1585267068867969152,0,89,0,0,0,0,0
reply27-next18-full-unknown,61,5,1585267068901523584,0,101,0,0,0,0,0
reply27-next18-full-unknown,62,5,1585267069102850176,0,92,0,0,0,0,0
reply27-next18-full-unknown,63,5,1585267069371285632,0,101,0,0,0,0,0
reply27-next18-full-unknown,64,5,1585267069908156544,0,93,0,0,0,0,0
reply27-next18-full-unknown,65,5,1585267070981898368,0,96,0,0,0,0,0
reply27-next18-full-unknown,66,5,1585267073129382016,0,102,0,0,0,0,0
reply27-next18-full-unknown,67,5,1585267086014283904,0,88,0,0,0,0,0
reply27-next18-full-unknown,68,5,1585267103194153088,0,96,0,0,0,0,0
reply27-next18-full-unknown,69,5,1585267137553891456,0,92,0,0,0,0,0
reply27-next18-full-unknown,70,5,1585267206273368192,0,87,0,0,0,0,0
reply27-next18-full-unknown,71,5,1585267343712321664,0,95,0,0,0,0,0
reply27-next18-full-unknown,72,5,1585267618590228608,0,98,0,0,0,0,0
reply27-next18-full-unknown,73,5,1585269267857670272,0,93,0,0,0,0,0
reply27-next18-full-unknown,74,5,1585271466880925824,0,102,0,0,0,0,0
reply27-next18-full-unknown,75,5,1585275864927436928,0,98,0,0,0,0,0
reply27-next18-full-unknown,76,5,1585284661020459136,0,96,0,0,0,0,0
reply27-next18-full-unknown,77,5,1585302253206503552,0,92,0,0,0,0,0
reply27-next18-full-unknown,78,5,1585337437578592384,0,89,0,0,0,0,0
reply27-next18-full-unknown,79,5,1585407806322770048,0,87,0,0,0,0,0
reply27-next18-full-unknown,80,5,1585548543811125376,0,90,0,0,0,0,0
reply27-next18-full-unknown,81,5,1585830018787836032,0,92,0,0,0,0,0
reply27-next18-full-unknown,82,5,1586392968741257344,0,91,0,0,0,0,0
reply27-next18-full-unknown,83,5,1587518868648099968,0,99,0,0,0,0,0
reply27-next18-full-unknown,84,5,1589770668461785216,0,101,0,0,0,0,0
reply27-next18-full-unknown,85,5,1594274268089155712,0,102,0,0,0,0,0
reply27-next18-full-unknown,86,5,1603281467343896704,0,102,0,0,0,0,0
reply27-next18-full-unknown,87,5,5764607798046359552,8192,94,0,0,0,0,0
reply27-next18-full-unknown,88,5,14987979559889010696,4,100,0,0,0,0,0
reply27-next18-full-unknown,89,5,14987979559889010696,8,102,0,0,0,0,0
reply27-next18-full-unknown,90,5,14987979559889010696,16,102,0,0,0,0,0
reply27-next18-full-unknown,91,5,14987979559889010696,32,93,0,0,0,0,0
reply27-next18-full-unknown,92,5,14987979559889010696,8192,99,0,0,0,0,0
reply27-next18-full-unknown,93,5,14987979559889010696,16384,103,0,0,0,0,0
reply27-next18-full-unknown,94,5,14987979559889010696,32768,97,0,0,0,0,0
reply27-next18-full-unknown,95,5,14987979559889010696,65536,89,0,0,0,0,0
reply27-next18-full-unknown,96,5,14987979559889010696,16777216,103,0,0,0,0,0
reply27-next18-full-unknown,97,5,14987979559889010696,33554432,101,0,0,0,0,0
reply27-next18-full-unknown,98,5,14987979559889010696,67108864,96,0,0,0,0,0
