target,0,6,1153202979717779456,33554433,77,0,1,0,0,0
target,1,6,1153202979717779456,33554434,77,0,1,0,0,0
target,2,6,1153202979717779456,33555456,79,0,1,0,0,0
target,3,6,1153202979717779456,33556480,79,0,1,0,0,0
target,4,6,1153202979717779456,33558528,81,0,1,0,0,0
target,5,6,1153202979717779456,35651584,77,0,1,0,0,0
target,6,6,1153202979717779456,37748736,82,0,1,0,0,0
target,7,6,1153202979717779456,41943040,79,0,1,0,0,0
target,8,6,1153202979717779456,8623489024,82,0,1,0,0,0
target,9,6,1153202979717779968,33554432,73,0,1,0,0,0
target,10,6,1153202979717780480,33554432,77,0,1,0,0,0
target,11,6,1153202979718303744,33554432,71,0,1,0,0,0
target,12,6,1153202979718828032,33554432,75,0,1,0,0,0
target,13,6,1153202979719876608,33554432,69,0,1,0,0,0
target,14,6,1153202980791521280,33554432,73,0,1,0,0,0
target,15,6,1153202981865263104,33554432,79,0,1,0,0,0
target,16,6,1153202984012746752,33554432,77,0,1,0,0,0
target,17,6,1153205178741035008,33554432,82,0,1,0,0,0
target,18,6,1153207377764290560,33554432,82,0,1,0,0,0
target,19,6,1153211775810801664,33554432,83,0,1,0,0,0
target,20,6,1154047404648955904,8606711808,76,0,1,0,0,0
target,21,6,1154047404648955904,42949672960,84,0,1,0,0,0
target,22,6,1157706579345149952,33554432,74,0,1,0,0,0
target,23,6,1162210178972520448,33554432,74,0,1,0,0,0
target,24,6,1171217378227261440,33554432,76,0,1,0,0,0
target,25,6,1297318167659941888,4,79,0,1,0,0,0
target,26,6,1297318167659941888,8,67,0,1,0,0,0
target,27,6,1297318167659941888,32,76,0,1,0,0,0
target,28,6,1297318167659941888,64,74,0,1,0,0,0
target,29,6,1297318167659941888,8192,80,0,1,0,0,0
target,30,6,1297318167659941888,16384,69,0,1,0,0,0
target,31,6,1297318167659941888,32768,78,0,1,0,0,0
target,32,6,1297318167659941888,262144,73,0,1,0,0,0
target,33,6,1297318167659941888,16777216,73,0,1,0,0,0
target,34,6,1297318167659941896,0,68,0,1,0,0,0
target,35,6,1297318167659941904,0,75,0,1,0,0,0
target,36,6,1297318167659941952,0,73,0,1,0,0,0
target,37,6,1297318167659942016,0,75,0,1,0,0,0
target,38,6,1297318167659942400,0,83,0,1,0,0,0
target,39,6,1297318167659942912,0,78,0,1,0,0,0
target,40,6,1297318167659943936,0,68,0,1,0,0,0
target,41,6,1297318167659950080,0,64,0,1,0,0,0
target,42,6,1297318167659958272,0,68,0,1,0,0,0
target,43,6,1297318167659974656,0,63,0,1,0,0,0
target,44,6,1297318167660007424,0,65,0,1,0,0,0
target,45,6,1297318167660204032,0,67,0,1,0,0,0
target,46,6,1297318167660990464,0,70,0,1,0,0,0
target,47,6,1297318167662039040,0,67,0,1,0,0,0
target,48,6,1297318167664136192,0,62,0,1,0,0,0
target,49,6,1297318167693496320,0,72,0,1,0,0,0
target,50,6,1297318167727050752,0,71,0,1,0,0,0
target,51,6,1297318167794159616,0,64,0,1,0,0,0
target,52,6,1297318167928377344,0,74,0,1,0,0,0
target,53,6,1297318168196812800,0,82,0,1,0,0,0
target,54,6,1297318169807425536,0,75,0,1,0,0,0
target,55,6,1297318171954909184,0,80,0,1,0,0,0
target,56,6,1297318184839811072,0,71,0,1,0,0,0
target,57,6,1297318305098895360,0,66,0,1,0,0,0
target,58,6,1297318442537848832,0,76,0,1,0,0,0
target,59,6,1297318717415755776,0,77,0,1,0,0,0
target,60,6,1297320366683197440,0,81,0,1,0,0,0
target,61,6,1297322565706452992,0,77,0,1,0,0,0
target,62,6,1297326963752964096,0,80,0,1,0,0,0
target,63,6,1297335759845986304,0,72,0,1,0,0,0
target,64,6,1301821767287312384,0,77,0,1,0,0,0
target,65,6,1306325366914682880,0,79,0,1,0,0,0
target,66,6,1315332566169423872,0,70,0,1,0,0,0
target,67,6,1333346964678905856,0,67,0,1,0,0,0
target,68,6,1369375761697869824,0,67,0,1,0,0,0
target,69,6,1585548543811653632,0,67,0,1,0,0,0
target,70,6,3603161176873635840,0,64,0,1,0,0,0
target,71,6,10376575016572555264,33554432,75,0,1,0,0,0
target,72,6,10377419441369522176,4,80,0,1,0,0,0
target,73,6,10377419441369522176,8,83,0,1,0,0,0
target,74,6,10377419441369522176,16,79,0,1,0,0,0
target,75,6,10377419441369522176,32,76,0,1,0,0,0
target,76,6,10377419441369522176,8192,72,0,1,0,0,0
target,77,6,10377419441369522176,16384,84,0,1,0,0,0
target,78,6,10377419441369522176,32768,73,0,1,0,0,0
target,79,6,10377419441369522176,131072,78,0,1,0,0,0
target,80,6,10377419441369522176,16777216,84,0,1,0,0,0
target,81,6,10377419441369522176,33554432,81,0,1,0,0,0
target,82,6,10377419441369522176,34359738368,84,0,1,0,0,0
target,83,6,10413448238388486144,0,74,0,1,0,0,0
target,84,6,10449477035407450112,0,66,0,1,0,0,0
target,85,6,10520690204514717696,0,65,0,1,0,0,0
