reply27-class-completion,1,5,1297036984740478980,0,84,0,0,0,0,0
reply27-class-completion,2,5,1297036967577387012,0,85,0,0,0,0,0
reply27-class-completion,6,5,1369094561598537732,0,86,0,0,0,0,0
reply27-class-completion,7,5,1297036967627718660,0,87,0,0,0,0,0
reply27-class-completion,10,5,1441151880897232896,0,88,0,0,0,0,0
reply27-class-completion,11,5,1441151883044454400,0,88,0,0,0,0,0
reply27-class-completion,12,5,1297036967560609924,0,89,0,0,0,0,0
reply27-class-completion,13,5,1297037036280086532,0,89,0,0,0,0,0
reply27-class-completion,14,5,1297318442537320452,0,89,0,0,0,0,0
reply27-class-completion,15,5,1441151881433841664,0,89,0,0,0,0,0
reply27-class-completion,16,5,1297036967560617988,0,90,0,0,0,0,0
reply27-class-completion,17,5,1441151885191938048,0,90,0,0,0,0,0
reply27-class-completion,18,5,1441714830850392064,0,90,0,0,0,0,0
reply27-class-completion,21,5,1297177705048965124,0,91,0,0,0,0,0
reply27-class-completion,22,5,3602879976774303748,0,91,0,0,0,0,0
reply27-class-completion,23,5,5800636324482383872,0,91,0,0,0,0,0
reply27-class-completion,24,5,5764607527463419904,64,91,0,0,0,0,0
reply27-class-completion,25,5,10376293816339529984,16384,91,0,0,0,0,0
reply27-class-completion,26,5,1297036967560609798,0,92,0,0,0,0,0
reply27-class-completion,27,5,1297036967560626180,0,92,0,0,0,0,0
reply27-class-completion,28,5,1297036967560642564,0,92,0,0,0,0,0
reply27-class-completion,29,5,1297036967568998404,0,92,0,0,0,0,0
reply27-class-completion,30,5,1297036967829045252,0,92,0,0,0,0,0
reply27-class-completion,31,5,10412322613358493952,0,92,0,0,0,0,0
reply27-class-completion,32,5,1441152430652784640,0,93,0,0,0,0,0
reply27-class-completion,33,5,1441152980408598528,0,93,0,0,0,0,0
reply27-class-completion,34,5,10376293816339529984,32,93,0,0,0,0,0
reply27-class-completion,35,5,10376293816339529984,16777216,93,0,0,0,0,0
reply27-class-completion,36,5,1297036967560610308,0,94,0,0,0,0,0
reply27-class-completion,37,5,1297036967560610820,0,94,0,0,0,0,0
reply27-class-completion,38,5,1297036967560871940,0,94,0,0,0,0,0
reply27-class-completion,39,5,1297036967594164228,0,94,0,0,0,0,0
reply27-class-completion,40,5,6052837899324358656,0,94,0,0,0,0,0
reply27-class-completion,41,5,1297036967560609812,0,95,0,0,0,0,0
reply27-class-completion,42,5,1297036967561658372,0,95,0,0,0,0,0
reply27-class-completion,43,5,1297054559746654212,0,95,0,0,0,0,0
reply27-class-completion,44,5,1315051366070091780,0,95,0,0,0,0,0
reply27-class-completion,45,5,1333065764579573764,0,95,0,0,0,0,0
reply27-class-completion,46,5,1441151880897101824,0,95,0,0,0,0,0
reply27-class-completion,47,5,1443403680710656000,0,95,0,0,0,0,0
reply27-class-completion,48,5,1445655480524341248,0,95,0,0,0,0,0
reply27-class-completion,49,5,5764607527463419904,8192,95,0,0,0,0,0
reply27-class-completion,50,5,1441151880759607296,553648128,95,0,0,0,0,0
reply27-class-completion,51,5,1297036967560609860,0,96,0,0,0,0,0
reply27-class-completion,52,5,1297036967560611844,0,96,0,0,0,0,0
reply27-class-completion,53,5,1297041365607120900,0,96,0,0,0,0,0
reply27-class-completion,54,5,5764607527463419904,8,96,0,0,0,0,0
reply27-class-completion,55,5,5764607527463419904,65536,96,0,0,0,0,0
reply27-class-completion,56,5,1297036971855577092,0,97,0,0,0,0,0
reply27-class-completion,57,5,1297038067072237572,0,97,0,0,0,0,0
reply27-class-completion,58,5,1441151880896970816,0,97,0,0,0,0,0
reply27-class-completion,59,5,1441151880898019328,0,97,0,0,0,0,0
reply27-class-completion,60,5,1441151880899067904,0,97,0,0,0,0,0
reply27-class-completion,61,5,5764607527463419904,32,97,0,0,0,0,0
reply27-class-completion,62,5,1297036967560610052,0,98,0,0,0,0,0
reply27-class-completion,63,5,1299288767374295044,0,98,0,0,0,0,0
reply27-class-completion,64,5,1441151880896970880,0,98,0,0,0,0,0
reply27-class-completion,65,5,5764607527463419904,16,98,0,0,0,0,0
reply27-class-completion,66,5,10376293816339529984,32768,98,0,0,0,0,0
reply27-class-completion,67,5,1297036967562706948,0,99,0,0,0,0,0
reply27-class-completion,68,5,1441151880896971776,0,99,0,0,0,0,0
reply27-class-completion,69,5,1450159080151711744,0,99,0,0,0,0,0
reply27-class-completion,70,5,10376293816339529984,8,99,0,0,0,0,0
reply27-class-completion,71,5,1297036968097480708,0,100,0,0,0,0,0
reply27-class-completion,72,5,1297036969708093444,0,100,0,0,0,0,0
reply27-class-completion,73,5,1297045763653632004,0,100,0,0,0,0,0
reply27-class-completion,74,5,1301540567187980292,0,100,0,0,0,0,0
reply27-class-completion,75,5,1441151880897495040,0,100,0,0,0,0,0
reply27-class-completion,76,5,1441156278943481856,0,100,0,0,0,0,0
reply27-class-completion,77,5,5764607527463419904,16384,100,0,0,0,0,0
reply27-class-completion,78,5,1306044166815350788,0,101,0,0,0,0,0
reply27-class-completion,79,5,1441151880896971264,0,101,0,0,0,0,0
reply27-class-completion,80,5,1441154079920226304,0,101,0,0,0,0,0
reply27-class-completion,81,5,1441160676989992960,0,101,0,0,0,0,0
reply27-class-completion,82,5,1459166279406452736,0,101,0,0,0,0,0
reply27-class-completion,83,5,5764607527463419904,4,101,0,0,0,0,0
reply27-class-completion,84,5,10376293816339529984,4,101,0,0,0,0,0
reply27-class-completion,85,5,10376293816339529984,8192,101,0,0,0,0,0
reply27-class-completion,86,5,5764607527463419904,32768,101,0,0,0,0,0
reply27-class-completion,87,5,10376293816339529984,33554432,101,0,0,0,0,0
reply27-class-completion,88,5,5764607527463419904,16777216,102,0,0,0,0,0
reply27-class-completion,89,5,5764607527463419904,33554432,102,0,0,0,0,0
reply27-class-completion,90,5,1441151880758559232,553648128,102,0,0,0,0,0
reply27-class-completion,91,5,1441151880758559744,553648128,102,0,0,0,0,0
reply27-class-completion,92,5,1441151880760655872,553648128,102,0,0,0,0,0
