# Exact S6 WIN/LOSS replay rows only; UNKNOWN excluded.
replay,0,6,71,1,2000000,1,614185,1,1152921504606914560,536870917
replay,0,6,81,1,2000000,1,83335,0,1152921504606914560,536870918
replay,0,6,78,1,2000000,1,232595,0,1152921504606914560,536872964
replay,0,6,66,1,2000000,1,100555,0,1152921504606914560,536875012
replay,0,6,85,1,2000000,1,306609,0,1152921504606914560,536879105
replay,0,6,68,1,2000000,1,83673,0,1152921504606914560,536907776
replay,0,6,76,1,2000000,1,370756,1,1152921504606914560,536940544
replay,0,6,78,1,2000000,1,103984,0,1152921504606914560,537001985
replay,0,6,84,1,2000000,1,124005,0,1152921504606914560,537001986
replay,0,6,83,1,2000000,1,118523,0,1152921504606914560,537006080
replay,0,6,83,1,2000000,1,140424,0,1152921504606914560,570429440
replay,0,6,83,1,2000000,1,99129,0,1152921504606914560,603983872
replay,0,6,76,1,2000000,1,847097,2,1152921504606914560,805310464
replay,0,6,82,1,2000000,1,130873,0,1152921504606914560,69256347649
replay,0,6,69,1,2000000,1,70577,0,1152921504606914560,69256351744
replay,0,6,84,1,2000000,1,199206,0,1152921504606914560,77846282240
replay,0,6,83,1,2000000,1,189320,0,1152921504606914560,275414781952
replay,0,6,79,1,2000000,1,1001569,2,1152921504606914560,550292688896
replay,0,6,80,1,2000000,1,252824,0,1152921504606915072,536870916
replay,0,6,79,1,2000000,1,158023,0,1152921504606915074,536870912
replay,0,6,81,1,2000000,1,1055897,2,1152921504606915584,536870916
replay,0,6,80,1,2000000,1,901839,2,1152921504606915584,69256347648
replay,0,6,84,1,2000000,1,621377,1,1152921504606915586,536870912
replay,0,6,69,1,2000000,1,232219,0,1152921504607963136,536870916
replay,0,6,79,1,2000000,1,283021,0,1152921504607963136,536870920
replay,0,6,79,1,2000000,1,83504,0,1152921504607963136,536870928
replay,0,6,75,1,2000000,1,338352,0,1152921504607963136,536870944
replay,0,6,57,1,2000000,1,109452,0,1152921504607963136,536870976
replay,0,6,77,1,2000000,1,322074,0,1152921504607963136,536879104
replay,0,6,78,1,2000000,1,94004,0,1152921504607963136,536887296
replay,0,6,70,1,2000000,1,70384,0,1152921504607963136,536903680
replay,0,6,58,1,2000000,1,64487,0,1152921504607963136,536936448
replay,0,6,75,1,2000000,1,120010,0,1152921504607963136,537001984
replay,0,6,79,1,2000000,1,294207,0,1152921504607963136,570425344
replay,0,6,64,1,2000000,1,61538,0,1152921504607963136,603979776
replay,0,6,81,1,2000000,1,114414,0,1152921504607963136,671088640
replay,0,6,82,1,2000000,1,116539,0,1152921504607963136,34896609280
replay,0,6,71,1,2000000,1,180629,0,1152921504607963138,536870912
replay,0,6,76,1,2000000,1,906643,2,1152921504607963140,536870912
replay,0,6,74,1,2000000,1,602487,1,1152921504607963144,536870912
replay,0,6,72,1,2000000,1,629451,1,1152921504607963152,536870912
replay,0,6,71,1,2000000,1,154041,0,1152921504607963200,536870912
replay,0,6,77,1,2000000,1,391572,1,1152921504607963264,536870912
replay,0,6,69,1,2000000,1,81421,0,1152921504607963392,536870912
replay,0,6,72,1,2000000,1,69194,0,1152921504609009664,536870917
replay,0,6,78,1,2000000,1,807869,2,1152921504609009664,536870948
replay,0,6,72,1,2000000,1,47421,0,1152921504609009664,536871172
replay,0,6,82,1,2000000,1,188730,0,1152921504609009664,536871940
replay,0,6,77,1,2000000,1,51097,0,1152921504609009664,536872964
replay,0,6,85,1,2000000,1,1440964,3,1152921504609009664,536883200
replay,0,6,79,1,2000000,1,220720,0,1152921504609009664,536887300
replay,0,6,83,1,2000000,1,579534,1,1152921504609009664,536891392
replay,0,6,75,1,2000000,1,265365,0,1152921504609009664,536903684
replay,0,6,70,1,2000000,1,384448,1,1152921504609009664,536936452
replay,0,6,86,1,2000000,1,305510,0,1152921504609009664,537403392
replay,0,6,84,1,2000000,1,88022,0,1152921504609009664,537411584
replay,0,6,81,1,2000000,1,1425190,3,1152921504609009664,553652224
replay,0,6,76,1,2000000,1,75891,0,1152921504609009664,570425348
replay,0,6,81,1,2000000,1,780751,2,1152921504609009664,570429440
replay,0,6,82,1,2000000,1,922199,2,1152921504609009664,570949632
replay,0,6,78,1,2000000,1,118096,0,1152921504609009664,671088644
replay,0,6,77,1,2000000,1,129204,0,1152921504609009664,805306372
replay,0,6,86,1,2000000,1,253740,0,1152921504609009664,34896613376
replay,0,6,76,1,2000000,1,180991,0,1152921504609009664,69256347652
replay,0,6,86,1,2000000,1,338293,1,1152921504609009664,69256364032
replay,0,6,84,1,2000000,1,547781,1,1152921504609009664,69289902080
replay,0,6,81,1,2000000,1,54979,0,1152921504609009664,137975824388
replay,0,6,80,1,2000000,1,64768,0,1152921504609009664,275414777860
replay,0,6,80,1,2000000,1,64418,0,1152921504609009664,550292684804
replay,0,6,85,1,2000000,1,148501,0,1152921504609009666,536870916
replay,0,6,78,1,2000000,1,96023,0,1152921504609009668,536870916
replay,0,6,82,1,2000000,1,152660,0,1152921504609009672,536870916
replay,0,6,74,1,2000000,1,405545,1,1152921504609009728,536870916
replay,0,6,79,1,2000000,1,880827,2,1152921504609009792,536870916
replay,0,6,84,1,2000000,1,824098,2,1152921504609009920,536870916
replay,0,6,76,1,2000000,1,288130,0,1152921504609010176,536870916
replay,0,6,86,1,2000000,1,188335,0,1152921504609010176,536870920
replay,0,6,85,1,2000000,1,495517,1,1152921504609010176,553648128
replay,0,6,79,1,2000000,1,63702,0,1152921504609010176,570425344
replay,0,6,83,1,2000000,1,264790,0,1152921504609010176,34896609280
replay,0,6,80,1,2000000,1,190230,0,1152921504609010688,536870916
replay,0,6,72,1,2000000,1,142286,0,1152921504609011712,536870916
replay,0,6,86,1,2000000,1,164616,0,1152921504609011712,536879104
replay,0,6,83,1,2000000,1,86551,0,1152921504609011712,69256347648
replay,0,6,75,1,2000000,1,241684,0,1152921504609011714,536870912
replay,0,6,66,1,2000000,1,86738,0,1152921504609013760,536870916
replay,0,6,74,1,2000000,1,198792,0,1152921504609013760,536870920
replay,0,6,74,1,2000000,1,66828,0,1152921504609013760,536870928
replay,0,6,71,1,2000000,1,330051,1,1152921504609013760,536870944
replay,0,6,72,1,2000000,1,74268,0,1152921504609013760,536870976
replay,0,6,81,1,2000000,1,706310,3,1152921504609013760,536879104
replay,0,6,75,1,2000000,1,77565,0,1152921504609013760,536887296
replay,0,6,73,1,2000000,1,965177,2,1152921504609013760,536903680
replay,0,6,66,1,2000000,1,91582,0,1152921504609013760,536936448
replay,0,6,77,1,2000000,1,274822,0,1152921504609013760,553648128
replay,0,6,77,1,2000000,1,165920,0,1152921504609013760,603979776
replay,0,6,76,1,2000000,1,247166,0,1152921504609013760,671088640
replay,0,6,70,1,2000000,1,266411,0,1152921504609013760,805306368
replay,0,6,80,1,2000000,1,324572,0,1152921504609013760,34896609280
replay,0,6,74,1,2000000,1,82508,0,1152921504609013760,69256347648
replay,0,6,75,1,2000000,1,185234,0,1152921504609017856,69256347648
replay,0,6,69,1,2000000,1,268372,0,1152921504609026048,536870916
replay,0,6,70,1,2000000,1,75043,0,1152921504609042432,536870916
replay,0,6,76,1,2000000,1,79435,0,1152921504609140736,536870916
replay,0,6,79,1,2000000,1,241789,0,1152921504609271808,536870916
replay,0,6,76,1,2000000,1,137319,0,1152921504609533952,536870916
replay,0,6,74,1,2000000,1,86947,0,1152921504610058240,536870916
replay,0,6,79,1,2000000,1,157400,0,1152921504612157440,536870912
replay,0,6,86,1,2000000,1,127618,0,1152921504613203968,536870916
replay,0,6,74,1,2000000,1,98743,0,1152921504613208064,536870912
replay,0,6,77,1,2000000,1,129913,0,1152921504616351744,536870912
replay,0,6,85,1,2000000,1,57113,0,1152921504617398272,69256347648
replay,0,6,77,1,2000000,1,136966,0,1152921504617402368,536870912
replay,0,6,70,1,2000000,1,104667,0,1152921504624740352,536870912
replay,0,6,70,1,2000000,1,106129,0,1152921504625786880,536870916
replay,0,6,86,1,2000000,1,1443571,4,1152921504625786880,536870920
replay,0,6,80,1,2000000,1,103806,0,1152921504625786880,536870928
replay,0,6,81,1,2000000,1,225825,0,1152921504625786880,536887296
replay,0,6,77,1,2000000,1,636618,1,1152921504625786880,553648128
replay,0,6,84,1,2000000,1,172929,1,1152921504625786880,570425344
replay,0,6,82,1,2000000,1,134484,0,1152921504625786880,603979776
replay,0,6,70,1,2000000,1,285658,0,1152921504625786880,69256347648
replay,0,6,78,1,2000000,1,121725,0,1152921504625786882,536870912
replay,0,6,78,1,2000000,1,873727,2,1152921504625788928,536870912
replay,0,6,63,1,2000000,1,120201,0,1152921504625790976,536870912
replay,0,6,85,1,2000000,1,430913,1,1152921504629981184,536870912
replay,0,6,83,1,2000000,1,919143,2,1152921504634175488,536870912
replay,0,6,74,1,2000000,1,401142,2,1152921504641517568,536870912
replay,0,6,72,1,2000000,1,194170,0,1152921504675072000,536870912
replay,0,6,81,1,2000000,1,255487,0,1152921504741064706,36318243454976
replay,0,6,82,1,2000000,1,216404,0,1152921504741064708,36318243454976
replay,0,6,83,1,2000000,1,1330540,3,1152921504741065216,1133871368192
replay,0,6,84,1,2000000,1,464638,1,1152921504741065728,1138166333440
replay,0,6,79,1,2000000,1,545126,1,1152921504741065728,18726057410560
replay,0,6,84,1,2000000,1,1747640,5,1152921504742114304,1133871366144
replay,0,6,79,1,2000000,1,311536,0,1152921504877445120,536870916
replay,0,6,74,1,2000000,1,308960,0,1152921505145880576,536870916
replay,0,6,69,1,2000000,1,72565,0,1152921505682751488,536870916
replay,0,6,84,1,2000000,1,175746,0,1152921506754398208,536870916
replay,0,6,86,1,2000000,1,975550,2,1152921506754398208,537001984
replay,0,6,85,1,2000000,1,181765,0,1152921508901881856,536870916
replay,0,6,84,1,2000000,1,1677548,4,1152921509036032256,1133871366144
replay,0,6,75,1,2000000,1,235059,0,1152921513198944768,536870912
replay,0,6,67,1,2000000,1,68350,0,1152921513198948352,536870912
replay,0,6,75,1,2000000,1,142391,0,1152921513215721472,536870912
replay,0,6,78,1,2000000,1,50723,0,1152921521787832320,536870912
replay,0,6,77,1,2000000,1,301160,0,1152921521788878848,536870916
replay,0,6,81,1,2000000,1,135611,0,1152921521788878848,69256347648
replay,0,6,72,1,2000000,1,170103,0,1152921521788882944,536870912
replay,0,6,73,1,2000000,1,551064,1,1152921521805656064,536870912
replay,0,6,80,1,2000000,1,1832422,5,1152921538967701504,536870912
replay,0,6,78,1,2000000,1,373030,1,1152921538968752128,536870912
replay,0,6,68,1,2000000,1,151389,0,1152921573327439872,536870912
replay,0,6,77,1,2000000,1,92404,0,1152921573328486400,536870916
replay,0,6,67,1,2000000,1,716616,2,1152921573328490496,536870912
replay,0,6,73,1,2000000,1,68024,0,1152921642046916608,536870912
replay,0,6,77,1,2000000,1,298196,0,1152921642047963136,536870916
replay,0,6,85,1,2000000,1,1016106,2,1152921642180019200,1133871366144
replay,0,6,75,1,2000000,1,157019,0,1152922054364823552,536870916
replay,0,6,73,1,2000000,1,742877,2,1152925902653425664,536870916
replay,0,6,83,1,2000000,1,82846,0,1152925902653425664,69256347648
replay,0,6,77,1,2000000,1,121477,0,1152925902655520768,536870916
replay,0,6,80,1,2000000,1,78429,0,1152930300699936768,536870916
replay,0,6,81,1,2000000,1,159928,0,1152930300699936768,537001984
replay,0,6,81,1,2000000,1,308571,1,1152930300699936768,69256347648
replay,0,6,84,1,2000000,1,117308,0,1152930300702031872,536870916
replay,0,6,73,1,2000000,1,130865,0,1152939096794007552,536870912
replay,0,6,84,1,2000000,1,207328,0,1152939096795054080,536870916
replay,0,6,79,1,2000000,1,76869,0,1152939096795058176,536870912
replay,0,6,81,1,2000000,1,242439,0,1152939096811831296,536870912
replay,0,6,86,1,2000000,1,392465,1,1152939096927110144,1133871366144
replay,0,6,72,1,2000000,1,462756,1,1152956688980051968,536870912
replay,0,6,60,1,2000000,1,267386,0,1152956688981102592,536870912
replay,0,6,71,1,2000000,1,351013,1,1152991873352140800,536870912
replay,0,6,73,1,2000000,1,118207,0,1152991873353187328,536870916
replay,0,6,76,1,2000000,1,90888,0,1152991873353187328,69256347648
replay,0,6,66,1,2000000,1,73405,0,1152991873353191424,536870912
replay,0,6,86,1,2000000,1,400235,1,1153062242097364992,536870916
replay,0,6,77,1,2000000,1,83532,0,1153062242097369088,536870912
replay,0,6,71,1,2000000,1,56095,0,1153202979584673792,536870912
replay,0,6,72,1,2000000,1,59764,0,1153202979585720320,536870916
replay,0,6,59,1,2000000,1,59595,0,1153202979585724416,536870912
replay,0,6,73,1,2000000,1,389548,1,1154047404515852288,536870916
replay,0,6,81,1,2000000,1,768799,2,1155173304422694912,536870916
replay,0,6,73,1,2000000,1,102574,0,1157425104236380160,536870916
replay,0,6,71,1,2000000,1,133388,0,1161928703861655552,536870916
replay,0,6,74,1,2000000,1,1741401,5,1161928703861655552,536879104
replay,0,6,75,1,2000000,1,729426,2,1161928703861655552,537001984
replay,0,6,78,1,2000000,1,67754,0,1161928703861655552,69256347648
replay,0,6,77,1,2000000,1,132179,0,1161928703863750656,536870916
replay,0,6,84,1,2000000,1,187781,0,1170935903116396544,536870916
replay,0,6,81,1,2000000,1,40872,0,1170935903118491648,536870916
replay,0,6,84,1,2000000,1,394399,1,1170935903250546689,1133871366144
replay,0,6,77,1,2000000,1,169284,0,1170935903250546692,1133871366144
replay,0,6,78,1,2000000,1,117449,0,1170935903250546696,1133871366144
replay,0,6,84,1,2000000,1,1307840,7,1170935903250546704,1133871366144
replay,0,6,79,1,2000000,1,201444,0,1170935903250546752,1133871366144
replay,0,6,77,1,2000000,1,77218,0,1170935903250546944,1133871366144
replay,0,6,85,1,2000000,1,148858,0,1170935903250547200,1133871366144
replay,0,6,77,1,2000000,1,540067,1,1188950301627973632,536870916
replay,0,6,75,1,2000000,1,214271,0,1188950301627977728,536870912
replay,0,6,80,1,2000000,1,1777400,5,1188950301644750848,536870912
replay,0,6,68,1,2000000,1,129943,0,1224979098645891072,536870912
replay,0,6,72,1,2000000,1,169633,0,1224979098646937600,536870916
replay,0,6,82,1,2000000,1,445238,2,1224979098646937600,69256347648
replay,0,6,79,1,2000000,1,239677,0,1224979098646938112,536870912
replay,0,6,79,1,2000000,1,134171,0,1297036692682703360,16777473
replay,0,6,81,1,2000000,1,156689,0,1297036692682703360,16777729
replay,0,6,74,1,2000000,1,110280,0,1297036692682703360,16779265
replay,0,6,85,1,2000000,1,124438,0,1297036692682703360,16785409
replay,0,6,80,1,2000000,1,114513,0,1297036692682703360,16842753
replay,0,6,81,1,2000000,1,278745,0,1297036692682703360,17039361
replay,0,6,84,1,2000000,1,1822083,5,1297036692682703360,17825793
replay,0,6,77,1,2000000,1,1185226,3,1297036692682703360,18874369
replay,0,6,80,1,2000000,1,1225869,3,1297036692682703360,20971521
replay,0,6,85,1,2000000,1,364471,1,1297036692682703360,150994945
replay,0,6,74,1,2000000,1,204937,0,1297036692682703360,553648129
replay,0,6,82,1,2000000,1,177240,0,1297036692682703360,1090519041
replay,0,6,71,1,2000000,1,217339,0,1297036692682703360,4311744513
replay,0,6,74,1,2000000,1,33758,0,1297036692682703360,4328521729
replay,0,6,76,1,2000000,1,87561,0,1297036692682703360,8606711809
replay,0,6,84,1,2000000,1,558184,1,1297036692682703360,34359738433
replay,0,6,83,1,2000000,1,111083,0,1297036692682703360,34359738625
replay,0,6,82,1,2000000,1,758232,2,1297036692682703360,34359738881
replay,0,6,78,1,2000000,1,1242926,3,1297036692682703360,34359740417
replay,0,6,82,1,2000000,1,171629,0,1297036692682703360,34359803905
replay,0,6,84,1,2000000,1,405420,1,1297036692682703360,34361835521
replay,0,6,80,1,2000000,1,120900,0,1297036692682703360,34363932673
replay,0,6,82,1,2000000,1,147865,0,1297036692682703360,34896609281
replay,0,6,85,1,2000000,1,294374,0,1297036692682703360,35433480193
replay,0,6,81,1,2000000,1,952344,2,1297036692682703360,42949672961
replay,0,6,76,1,2000000,1,207798,0,1297036692682703360,68719476753
replay,0,6,75,1,2000000,1,82794,0,1297036692682703360,68719476801
replay,0,6,83,1,2000000,1,67641,0,1297036692682703360,68719476865
replay,0,6,71,1,2000000,1,485218,1,1297036692682703360,68719477249
replay,0,6,75,1,2000000,1,231163,0,1297036692682703360,68719478785
replay,0,6,84,1,2000000,1,280578,0,1297036692682703360,68719484929
replay,0,6,72,1,2000000,1,163048,0,1297036692682703360,68719542273
replay,0,6,82,1,2000000,1,1981989,5,1297036692682703360,68719607809
replay,0,6,79,1,2000000,1,628400,1,1297036692682703360,68719738881
replay,0,6,83,1,2000000,1,155634,0,1297036692682703360,68720525313
replay,0,6,81,1,2000000,1,361030,1,1297036692682703360,68721573889
replay,0,6,75,1,2000000,1,83727,0,1297036692682703360,68723671041
replay,0,6,79,1,2000000,1,93002,0,1297036692682703360,68736253953
replay,0,6,81,1,2000000,1,71519,0,1297036692682703360,68753031169
replay,0,6,81,1,2000000,1,589052,1,1297036692682703360,68786585601
replay,0,6,80,1,2000000,1,231076,0,1297036692682703360,68853694465
replay,0,6,80,1,2000000,1,199956,0,1297036692682703360,1099528404993
replay,0,6,80,1,2000000,1,116431,0,1297036692682703360,17626545782785
replay,0,6,83,1,2000000,1,106351,0,1297036692682703361,16777217
replay,0,6,84,1,2000000,1,142593,0,1297036692682703361,68719476737
replay,0,6,75,1,2000000,1,230789,1,1297036692682703368,65537
replay,0,6,80,1,2000000,1,678640,1,1297036692682703368,134217729
replay,0,6,82,1,2000000,1,1445205,4,1297036692682703376,5
replay,0,6,75,1,2000000,1,87215,0,1297036692682703376,9
replay,0,6,76,1,2000000,1,107997,0,1297036692682703376,17
replay,0,6,72,1,2000000,1,417808,1,1297036692682703376,65
replay,0,6,83,1,2000000,1,326457,1,1297036692682703376,8193
replay,0,6,80,1,2000000,1,240620,0,1297036692682703376,16385
replay,0,6,82,1,2000000,1,132059,0,1297036692682703376,32769
replay,0,6,74,1,2000000,1,1284670,3,1297036692682703376,65537
replay,0,6,75,1,2000000,1,104499,0,1297036692682703376,16777217
replay,0,6,83,1,2000000,1,97548,0,1297036692682703376,33554433
replay,0,6,81,1,2000000,1,510661,1,1297036692682703376,67108865
replay,0,6,72,1,2000000,1,93202,0,1297036692682703376,134217729
replay,0,6,78,1,2000000,1,103806,0,1297036692682703376,268435457
replay,0,6,84,1,2000000,1,186218,0,1297036692682703376,34359738369
replay,0,6,71,1,2000000,1,65272,0,1297036692682703376,68719476737
replay,0,6,85,1,2000000,1,81569,0,1297036692682703488,68719476737
replay,0,6,85,1,2000000,1,87061,0,1297036692682703616,16777217
replay,0,6,73,1,2000000,1,207548,0,1297036692682704384,68719476737
replay,0,6,79,1,2000000,1,54601,0,1297036692682707456,9
replay,0,6,80,1,2000000,1,1093119,2,1297036692682707456,17
replay,0,6,83,1,2000000,1,105936,0,1297036692682707456,65
replay,0,6,80,1,2000000,1,350865,1,1297036692682707456,16385
replay,0,6,76,1,2000000,1,116429,0,1297036692682707456,65537
replay,0,6,77,1,2000000,1,727075,1,1297036692682707456,131073
replay,0,6,82,1,2000000,1,93281,0,1297036692682707456,16777217
replay,0,6,81,1,2000000,1,33758,0,1297036692682707456,33554433
replay,0,6,85,1,2000000,1,1723192,4,1297036692682707456,67108865
replay,0,6,84,1,2000000,1,771308,2,1297036692682707456,134217729
replay,0,6,79,1,2000000,1,70632,0,1297036692682707456,68719476737
replay,0,6,78,1,2000000,1,414876,1,1297036692682768896,16777217
replay,0,6,81,1,2000000,1,588887,1,1297036692682768896,34359738369
replay,0,6,77,1,2000000,1,847345,4,1297036692682768896,68719476737
replay,0,6,79,1,2000000,1,179393,0,1297036692682834432,16777217
replay,0,6,85,1,2000000,1,308539,0,1297036692682834432,34359738369
replay,0,6,80,1,2000000,1,580515,1,1297036692682834432,68719476737
replay,0,6,82,1,2000000,1,949892,2,1297036692682965504,16777217
replay,0,6,81,1,2000000,1,594537,1,1297036692682965504,68719476737
replay,0,6,77,1,2000000,1,107930,0,1297036692683751936,16777217
replay,0,6,81,1,2000000,1,502199,1,1297036692683751936,34359738369
replay,0,6,66,1,2000000,1,103281,0,1297036692683751936,68719476737
replay,0,6,70,1,2000000,1,92055,0,1297036692683819008,536870912
replay,0,6,82,1,2000000,1,220651,0,1297036692684800512,5
replay,0,6,84,1,2000000,1,326578,0,1297036692684800512,9
replay,0,6,78,1,2000000,1,87733,0,1297036692684800512,17
replay,0,6,85,1,2000000,1,194783,0,1297036692684800512,65
replay,0,6,85,1,2000000,1,214886,0,1297036692684800512,16385
replay,0,6,81,1,2000000,1,101710,0,1297036692684800512,32769
replay,0,6,77,1,2000000,1,140411,0,1297036692684800512,65537
replay,0,6,77,1,2000000,1,357618,1,1297036692684800512,131073
replay,0,6,81,1,2000000,1,72897,0,1297036692684800512,33554433
replay,0,6,68,1,2000000,1,247004,1,1297036692684800512,134217729
replay,0,6,76,1,2000000,1,151004,0,1297036692684865536,536870916
replay,0,6,76,1,2000000,1,318892,0,1297036692684865536,69256347648
replay,0,6,67,1,2000000,1,40786,0,1297036692684869632,536870912
replay,0,6,80,1,2000000,1,134829,0,1297036692686897664,16777217
replay,0,6,85,1,2000000,1,73324,0,1297036692691091968,68719476737
replay,0,6,82,1,2000000,1,210011,0,1297036692699480576,68719476737
replay,0,6,74,1,2000000,1,400586,1,1297036692701642752,536870912
replay,0,6,75,1,2000000,1,77218,0,1297036692716257792,16777217
replay,0,6,80,1,2000000,1,424160,1,1297036692716257792,34359738369
replay,0,6,79,1,2000000,1,161419,0,1297036692716257792,68719476737
replay,0,6,80,1,2000000,1,106337,0,1297036692816921088,16777217
replay,0,6,75,1,2000000,1,566124,1,1297036692816921088,68719476737
replay,0,6,75,1,2000000,1,918258,2,1297036692951138816,16777217
replay,0,6,81,1,2000000,1,58962,0,1297036692951138816,68719476737
replay,0,6,75,1,2000000,1,1152402,3,1297036693756445184,16777217
replay,0,6,85,1,2000000,1,1815462,5,1297036693756445184,34359738369
replay,0,6,64,1,2000000,1,105348,0,1297036693756445184,68719476737
replay,0,6,77,1,2000000,1,1177068,5,1297036694830187008,16777217
replay,0,6,79,1,2000000,1,73246,0,1297036694830187008,68719476737
replay,0,6,84,1,2000000,1,235481,1,1297036696977670656,68719476737
replay,0,6,79,1,2000000,1,89992,0,1297036709862572544,68719476737
replay,0,6,76,1,2000000,1,84804,0,1297036761402180096,16777217
replay,0,6,81,1,2000000,1,57523,0,1297036761402180096,34359738369
replay,0,6,70,1,2000000,1,221865,0,1297036761402180096,68719476737
replay,0,6,85,1,2000000,1,415832,1,1297036830121656832,16777217
replay,0,6,76,1,2000000,1,58950,0,1297036830121656832,68719476737
replay,0,6,85,1,2000000,1,1927558,5,1297036967560610304,68719476737
replay,0,6,85,1,2000000,1,393460,1,1297037242438517248,34359738369
replay,0,6,85,1,2000000,1,470109,1,1297037792194331136,16777217
replay,0,6,74,1,2000000,1,161634,0,1297037792194331136,68719476737
replay,0,6,77,1,2000000,1,380139,1,1297038891705958912,68719476737
replay,0,6,83,1,2000000,1,365009,1,1297041090729214464,16777217
replay,0,6,83,1,2000000,1,198668,0,1297041090729214464,68719476737
replay,0,6,85,1,2000000,1,480636,1,1297045488775725568,16777217
replay,0,6,84,1,2000000,1,398631,1,1297045488775725568,68719476737
replay,0,6,80,1,2000000,1,61110,0,1297071877054792192,68719476737
replay,0,6,78,1,2000000,1,317204,0,1297107061426881024,16777217
replay,0,6,83,1,2000000,1,173532,0,1297107061426881024,34359738369
replay,0,6,78,1,2000000,1,244833,0,1297107061426881024,68719476737
replay,0,6,81,1,2000000,1,125360,0,1297177430171058688,9
replay,0,6,83,1,2000000,1,656724,1,1297177430171058688,65
replay,0,6,83,1,2000000,1,96172,0,1297177430171058688,16385
replay,0,6,82,1,2000000,1,219855,0,1297177430171058688,32769
replay,0,6,85,1,2000000,1,1102948,2,1297177430171058688,33554433
replay,0,6,83,1,2000000,1,827617,2,1297177430171058688,67108865
replay,0,6,78,1,2000000,1,136910,0,1297177430171058688,134217729
replay,0,6,85,1,2000000,1,69933,0,1297177430171058688,68719476737
replay,0,6,80,1,2000000,1,34661,0,1297318167659414016,68719476737
replay,0,6,82,1,2000000,1,228507,1,1297599642636124672,16777217
replay,0,6,76,1,2000000,1,224229,0,1297599642636124672,34359738369
replay,0,6,79,1,2000000,1,314581,0,1297599642636124672,68719476737
replay,0,6,74,1,2000000,1,91094,0,1298162592589545984,68719476737
replay,0,6,85,1,2000000,1,201864,0,1299288492496388608,68719476737
replay,0,6,85,1,2000000,1,825855,2,1301540292310073856,16777217
replay,0,6,78,1,2000000,1,726261,1,1306043891937444352,16777217
replay,0,6,80,1,2000000,1,176160,0,1306043891937444352,34359738369
replay,0,6,76,1,2000000,1,135942,0,1306043891937444352,68719476737
replay,0,6,85,1,2000000,1,1063526,2,1315051091192185344,34359738369
replay,0,6,84,1,2000000,1,132726,0,1315051091192185344,68719476737
replay,0,6,79,1,2000000,1,290222,0,1441151880760721408,536870916
replay,0,6,70,1,2000000,1,78203,0,1441151880760725504,536870912
replay,0,6,83,1,2000000,1,96061,0,1729382256912433152,536870916
replay,0,6,72,1,2000000,1,579738,1,1729382256912437248,536870912
replay,0,6,79,1,2000000,1,163699,0,3458764513822703616,536870916
replay,0,6,81,1,2000000,1,287135,0,5764607523036397568,536870916
replay,0,6,75,1,2000000,1,61698,0,10376293541463785472,536870916
replay,0,6,71,1,2000000,1,776387,2,10448351135499550722,67108868
replay,0,6,65,1,2000000,1,365796,1,10448351135499550722,67108896
replay,0,6,67,1,2000000,1,1358324,4,10448351135499550722,67108928
replay,0,6,77,1,2000000,1,258359,1,10448351135499550722,67108992
replay,0,6,74,1,2000000,1,62451,0,10448351135499550722,67109120
replay,0,6,81,1,2000000,1,687196,1,10448351135499550722,67110912
replay,0,6,67,1,2000000,1,524300,1,10448351135499550722,67141632
replay,0,6,69,1,2000000,1,648066,2,10448351135499550722,67174400
replay,0,6,78,1,2000000,1,338272,1,10448351135499550722,67239936
replay,0,6,76,1,2000000,1,320894,0,10448351135499550722,67633152
replay,0,6,70,1,2000000,1,85433,0,10448351135499550722,68157440
replay,0,6,84,1,2000000,1,188119,0,10448351135499550722,69206016
replay,0,6,77,1,2000000,1,974663,2,10448351135499550722,71303168
replay,0,6,79,1,2000000,1,124438,0,10448351135499550722,75497472
replay,0,6,84,1,2000000,1,764713,2,10448351135499550722,83886080
replay,0,6,63,1,2000000,1,249916,0,10448351135499550722,100663296
replay,0,6,80,1,2000000,1,155134,0,10448351135499550722,201326592
replay,0,6,73,1,2000000,1,212367,0,10448351135499550722,68719478784
replay,0,6,79,1,2000000,1,335310,1,10448351135499550722,68723671040
replay,0,6,79,1,2000000,1,133858,0,10448351135499550722,68727865344
replay,0,6,74,1,2000000,1,129961,0,10448351135499550722,77309411328
replay,0,6,77,1,2000000,1,150111,0,10448351135499550722,85899345920
replay,0,6,81,1,2000000,1,1492970,4,10448351135499550722,566935683072
replay,0,6,77,1,2000000,1,334601,1,10448351135499550723,67108864
replay,0,6,79,1,2000000,1,225152,0,10448351135499550726,67108864
replay,0,6,77,1,2000000,1,150896,0,10448351135499550730,67108864
replay,0,6,74,1,2000000,1,278833,0,10448351135499550786,4
replay,0,6,69,1,2000000,1,58994,0,10448351135499550786,8
replay,0,6,83,1,2000000,1,340073,1,10448351135499550786,128
replay,0,6,84,1,2000000,1,251793,0,10448351135499550786,8192
replay,0,6,71,1,2000000,1,721811,2,10448351135499550786,16384
replay,0,6,70,1,2000000,1,621980,1,10448351135499550786,32768
replay,0,6,80,1,2000000,1,544330,1,10448351135499550786,131072
replay,0,6,75,1,2000000,1,360104,1,10448351135499550786,262144
replay,0,6,85,1,2000000,1,118078,0,10448351135499550786,16777216
replay,0,6,69,1,2000000,1,538086,1,10448351135499550786,33554432
replay,0,6,64,1,2000000,1,161262,0,10448351135499550786,67108864
replay,0,6,84,1,2000000,1,988799,2,10448351135499550786,134217728
replay,0,6,69,1,2000000,1,91620,0,10448351135499550786,268435456
replay,0,6,71,1,2000000,1,100477,0,10448351135499550786,536870912
replay,0,6,80,1,2000000,1,844153,2,10448351135499550790,0
replay,0,6,78,1,2000000,1,40872,0,10448351135499550802,0
replay,0,6,78,1,2000000,1,986494,5,10448351135499550850,8
replay,0,6,84,1,2000000,1,73778,0,10448351135499550850,64
replay,0,6,76,1,2000000,1,685160,1,10448351135499550850,33554432
replay,0,6,84,1,2000000,1,522622,1,10448351135499551298,0
replay,0,6,71,1,2000000,1,184290,0,10448351135499551746,67108864
replay,0,6,68,1,2000000,1,270750,0,10448351135499551746,68719476736
replay,0,6,76,1,2000000,1,449467,1,10448351135499551810,0
replay,0,6,79,1,2000000,1,314801,0,10448351135499552770,4
replay,0,6,74,1,2000000,1,1001495,2,10448351135499552770,8
replay,0,6,79,1,2000000,1,380749,1,10448351135499552770,32
replay,0,6,77,1,2000000,1,76351,0,10448351135499552770,64
replay,0,6,78,1,2000000,1,87139,0,10448351135499552770,8192
replay,0,6,74,1,2000000,1,100937,0,10448351135499552770,16384
replay,0,6,79,1,2000000,1,1371668,3,10448351135499552770,32768
replay,0,6,79,1,2000000,1,279534,0,10448351135499552770,65536
replay,0,6,84,1,2000000,1,121758,0,10448351135499552770,262144
replay,0,6,84,1,2000000,1,442600,1,10448351135499552770,16777216
replay,0,6,70,1,2000000,1,146173,0,10448351135499552770,33554432
replay,0,6,79,1,2000000,1,96906,0,10448351135499552770,67108864
replay,0,6,78,1,2000000,1,244031,0,10448351135499552770,268435456
replay,0,6,85,1,2000000,1,325307,0,10448351135499552771,0
replay,0,6,76,1,2000000,1,101151,0,10448351135499552778,0
replay,0,6,78,1,2000000,1,1496805,4,10448351135499552834,0
replay,0,6,85,1,2000000,1,1665372,4,10448351135499552898,0
replay,0,6,71,1,2000000,1,249797,0,10448351135499554818,67108864
replay,0,6,66,1,2000000,1,309605,0,10448351135499554882,0
replay,0,6,83,1,2000000,1,1755508,9,10448351135499554946,0
replay,0,6,74,1,2000000,1,91620,0,10448351135499556866,0
replay,0,6,74,1,2000000,1,99293,0,10448351135499558914,67108864
replay,0,6,84,1,2000000,1,254039,0,10448351135499558978,0
replay,0,6,75,1,2000000,1,917706,2,10448351135499567106,67108864
replay,0,6,75,1,2000000,1,473700,1,10448351135499567170,0
replay,0,6,84,1,2000000,1,1347862,3,10448351135499569154,0
replay,0,6,71,1,2000000,1,145263,0,10448351135499583554,0
replay,0,6,72,1,2000000,1,83986,0,10448351135499616258,67108864
replay,0,6,63,1,2000000,1,163671,0,10448351135499616322,0
replay,0,6,81,1,2000000,1,762625,2,10448351135499616386,0
replay,0,6,80,1,2000000,1,232338,0,10448351135499681794,67108864
replay,0,6,81,1,2000000,1,51097,0,10448351135499681858,0
replay,0,6,78,1,2000000,1,93202,0,10448351135499812930,0
replay,0,6,84,1,2000000,1,136224,0,10448351135499814914,0
replay,0,6,81,1,2000000,1,98214,0,10448351135500075010,67108864
replay,0,6,75,1,2000000,1,134246,0,10448351135500075074,0
replay,0,6,79,1,2000000,1,287544,0,10448351135500077058,0
replay,0,6,75,1,2000000,1,125336,0,10448351135500599298,8
replay,0,6,82,1,2000000,1,825514,2,10448351135500599298,32
replay,0,6,71,1,2000000,1,65016,0,10448351135500599298,64
replay,0,6,85,1,2000000,1,356439,1,10448351135500599298,128
replay,0,6,81,1,2000000,1,916229,2,10448351135500599298,16384
replay,0,6,76,1,2000000,1,842320,2,10448351135500599298,32768
replay,0,6,77,1,2000000,1,70577,0,10448351135500599298,65536
replay,0,6,77,1,2000000,1,84287,0,10448351135500599298,33554432
replay,0,6,66,1,2000000,1,147774,0,10448351135500599298,67108864
replay,0,6,78,1,2000000,1,97449,0,10448351135500599298,536870912
replay,0,6,62,1,2000000,1,197561,0,10448351135500599298,68719476736
replay,0,6,73,1,2000000,1,382009,1,10448351135500599362,0
replay,0,6,79,1,2000000,1,620855,1,10448351135500600322,0
replay,0,6,76,1,2000000,1,95398,0,10448351135500603394,0
replay,0,6,83,1,2000000,1,110597,0,10448351135500607490,0
replay,0,6,81,1,2000000,1,703577,1,10448351135500615682,0
replay,0,6,80,1,2000000,1,585470,1,10448351135500664834,0
replay,0,6,84,1,2000000,1,151755,0,10448351135501123586,0
replay,0,6,85,1,2000000,1,778978,2,10448351135501647874,67108864
replay,0,6,80,1,2000000,1,203868,0,10448351135501647874,68719476736
replay,0,6,83,1,2000000,1,370800,1,10448351135501647938,0
replay,0,6,82,1,2000000,1,223334,0,10448351135501649922,0
replay,0,6,78,1,2000000,1,875136,2,10448351135503745026,67108864
replay,0,6,78,1,2000000,1,265479,1,10448351135503747074,0
replay,0,6,76,1,2000000,1,159535,0,10448351135507941378,0
replay,0,6,78,1,2000000,1,173964,0,10448351135508987906,0
replay,0,6,69,1,2000000,1,140638,0,10448351135516327938,67108864
replay,0,6,66,1,2000000,1,728740,2,10448351135516328002,0
replay,0,6,78,1,2000000,1,121041,0,10448351135516329986,0
replay,0,6,71,1,2000000,1,113006,0,10448351135517376514,0
replay,0,6,85,1,2000000,1,394003,1,10448351135533105154,67108864
replay,0,6,83,1,2000000,1,1853806,5,10448351135533105218,0
replay,0,6,85,1,2000000,1,200505,0,10448351135533107202,0
replay,0,6,67,1,2000000,1,194506,0,10448351135566659650,0
replay,0,6,77,1,2000000,1,91421,0,10448351135566661634,0
replay,0,6,73,1,2000000,1,174205,0,10448351135567708162,0
replay,0,6,72,1,2000000,1,378766,1,10448351135633768514,0
replay,0,6,79,1,2000000,1,1694854,4,10448351135633768578,0
replay,0,6,76,1,2000000,1,90361,0,10448351135634817026,0
replay,0,6,84,1,2000000,1,365843,1,10448351135767986178,67108864
replay,0,6,85,1,2000000,1,73441,0,10448351135767986242,0
replay,0,6,74,1,2000000,1,261272,0,10448351136036421634,67108864
replay,0,6,75,1,2000000,1,456466,1,10448351136036423682,0
replay,0,6,74,1,2000000,1,215727,0,10448351136573292546,67108864
replay,0,6,83,1,2000000,1,82205,0,10448351136573294594,0
replay,0,6,80,1,2000000,1,1007439,2,10448351136574341122,0
replay,0,6,84,1,2000000,1,711184,1,10448351137647034370,67108864
replay,0,6,80,1,2000000,1,116421,0,10448351137647034370,68719476736
replay,0,6,85,1,2000000,1,466201,1,10448351137647034434,0
replay,0,6,73,1,2000000,1,1181283,3,10448351139794518018,67108864
replay,0,6,73,1,2000000,1,291720,0,10448351139794518018,68719476736
replay,0,6,74,1,2000000,1,633729,1,10448351139794518082,0
replay,0,6,78,1,2000000,1,146357,0,10448351139795566594,0
replay,0,6,79,1,2000000,1,937019,4,10448351144089485314,67108864
replay,0,6,70,1,2000000,1,638756,1,10448351152679419970,0
replay,0,6,75,1,2000000,1,121749,0,10448351152679421954,0
replay,0,6,78,1,2000000,1,329635,1,10448351152680468482,0
replay,0,6,72,1,2000000,1,468348,1,10448351169859289154,0
replay,0,6,85,1,2000000,1,1912810,10,10448351169859289218,0
replay,0,6,75,1,2000000,1,143475,0,10448351169859291138,0
replay,0,6,70,1,2000000,1,969549,2,10448351204219027458,67108864
replay,0,6,71,1,2000000,1,185743,0,10448351204219027522,0
replay,0,6,81,1,2000000,1,230125,0,10448351204219029506,0
replay,0,6,83,1,2000000,1,85131,0,10448351204220076034,0
replay,0,6,81,1,2000000,1,739774,2,10448351272938504194,67108864
replay,0,6,76,1,2000000,1,610030,1,10448351272938504258,0
replay,0,6,80,1,2000000,1,133392,0,10448351272938506242,0
replay,0,6,77,1,2000000,1,127341,0,10448351410377457666,67108864
replay,0,6,76,1,2000000,1,260510,0,10448351410377457730,0
replay,0,6,83,1,2000000,1,1182020,3,10448351410377459714,0
replay,0,6,81,1,2000000,1,633314,1,10448351410378506242,0
replay,0,6,77,1,2000000,1,1611005,4,10448351685255364610,67108864
replay,0,6,76,1,2000000,1,689333,2,10448351685255364674,0
replay,0,6,84,1,2000000,1,207045,0,10448351685255366658,0
replay,0,6,83,1,2000000,1,471530,1,10448351685256413186,0
replay,0,6,76,1,2000000,1,124209,0,10448352235011180546,0
replay,0,6,71,1,2000000,1,156698,0,10448352235012227074,0
replay,0,6,81,1,2000000,1,254059,0,10448353334522806338,0
replay,0,6,81,1,2000000,1,695897,1,10448355533546061826,67108864
replay,0,6,75,1,2000000,1,82789,0,10448355533546061826,68719476736
replay,0,6,74,1,2000000,1,53313,0,10448355533546061890,0
replay,0,6,82,1,2000000,1,1195858,3,10448359931592572930,67108864
replay,0,6,71,1,2000000,1,165924,0,10448359931592572930,68719476736
replay,0,6,80,1,2000000,1,124675,0,10448359931592572994,0
replay,0,6,80,1,2000000,1,783776,2,10448359931592574978,0
replay,0,6,77,1,2000000,1,295656,0,10448359931593621506,0
replay,0,6,73,1,2000000,1,112353,0,10448368727685595138,67108864
replay,0,6,82,1,2000000,1,112353,0,10448368727686643714,0
replay,0,6,72,1,2000000,1,764474,2,10448386319871639554,67108864
replay,0,6,69,1,2000000,1,227725,0,10448386319871639618,0
replay,0,6,72,1,2000000,1,757632,2,10448386319871641602,0
replay,0,6,78,1,2000000,1,783323,2,10448386319872688130,0
replay,0,6,72,1,2000000,1,371202,1,10448421504243728450,0
replay,0,6,84,1,2000000,1,1592532,4,10448421504243730434,0
replay,0,6,78,1,2000000,1,459448,1,10448491872987906050,67108864
replay,0,6,76,1,2000000,1,284435,1,10448491872987906114,0
replay,0,6,80,1,2000000,1,175160,0,10448491872987908098,0
replay,0,6,77,1,2000000,1,256210,0,10448491872988954626,0
replay,0,6,74,1,2000000,1,191835,0,10448632610476261442,0
replay,0,6,84,1,2000000,1,269560,0,10448632610476263426,0
replay,0,6,67,1,2000000,1,228942,0,10448914085452972034,67108864
replay,0,6,74,1,2000000,1,298056,1,10448914085452972098,0
replay,0,6,83,1,2000000,1,290397,0,10448914085452972162,0
replay,0,6,79,1,2000000,1,116624,0,10448914085454020610,0
replay,0,6,63,1,2000000,1,382381,1,10449477035406393346,67108864
replay,0,6,74,1,2000000,1,958687,2,10449477035407441922,0
replay,0,6,76,1,2000000,1,179754,0,10450602935313235970,8
replay,0,6,75,1,2000000,1,139158,0,10450602935313235970,32
replay,0,6,76,1,2000000,1,106679,0,10450602935313235970,64
replay,0,6,76,1,2000000,1,108687,0,10450602935313235970,16384
replay,0,6,79,1,2000000,1,549625,1,10450602935313235970,32768
replay,0,6,81,1,2000000,1,49893,0,10450602935313235970,65536
replay,0,6,77,1,2000000,1,203932,0,10450602935313235970,131072
replay,0,6,76,1,2000000,1,267970,0,10450602935313235970,33554432
replay,0,6,81,1,2000000,1,278154,0,10450602935313235970,67108864
replay,0,6,85,1,2000000,1,155365,0,10450602935313235970,134217728
replay,0,6,77,1,2000000,1,99323,0,10450602935313235970,268435456
replay,0,6,73,1,2000000,1,66509,0,10450602935313235970,536870912
replay,0,6,79,1,2000000,1,122780,0,10450602935313235978,0
replay,0,6,81,1,2000000,1,623424,1,10450602935313236034,0
replay,0,6,85,1,2000000,1,1022808,2,10450602935313236994,0
replay,0,6,84,1,2000000,1,123427,0,10450602935313238018,0
replay,0,6,72,1,2000000,1,32230,0,10450602935313240066,0
replay,0,6,72,1,2000000,1,32230,0,10450602935313268738,0
replay,0,6,76,1,2000000,1,58144,0,10450602935313301506,0
replay,0,6,82,1,2000000,1,1364863,3,10450602935313760258,0
replay,0,6,82,1,2000000,1,79618,0,10450602935314284546,0
replay,0,6,76,1,2000000,1,164892,0,10450602935321624578,0
replay,0,6,78,1,2000000,1,243219,0,10450602935330013186,0
replay,0,6,75,1,2000000,1,169905,0,10450602935380344834,0
replay,0,6,69,1,2000000,1,167257,0,10450602935447453698,0
replay,0,6,85,1,2000000,1,322054,0,10450602935581671426,0
replay,0,6,75,1,2000000,1,230562,0,10450602935850106882,0
replay,0,6,81,1,2000000,1,133138,0,10450602936386977794,0
replay,0,6,82,1,2000000,1,120272,0,10450602952493105154,0
replay,0,6,77,1,2000000,1,418561,1,10450602969672974338,0
replay,0,6,79,1,2000000,1,359896,1,10450603004032712706,0
replay,0,6,78,1,2000000,1,416579,1,10450603072752189442,0
replay,0,6,80,1,2000000,1,587153,1,10450603210191142914,0
replay,0,6,76,1,2000000,1,195006,0,10450603485069049858,0
replay,0,6,66,1,2000000,1,49893,0,10450604034824863746,0
replay,0,6,84,1,2000000,1,1159216,3,10450607333359747074,0
replay,0,6,85,1,2000000,1,409235,1,10450611731406258178,0
replay,0,6,78,1,2000000,1,103015,0,10450620527499280386,0
replay,0,6,78,1,2000000,1,98103,0,10450743672801591298,0
replay,0,6,75,1,2000000,1,109637,0,10450884410289946626,0
replay,0,6,76,1,2000000,1,255468,0,10451165885266657282,0
replay,0,6,70,1,2000000,1,626996,1,10452854735126921218,67108864
replay,0,6,72,1,2000000,1,294201,0,10452854735126921282,0
replay,0,6,81,1,2000000,1,202972,0,10452854735126923266,0
replay,0,6,77,1,2000000,1,275710,0,10455106534940606466,0
replay,0,6,83,1,2000000,1,856976,2,10457358334754291714,67108864
replay,0,6,76,1,2000000,1,260856,0,10457358334754291714,68719476736
replay,0,6,77,1,2000000,1,744826,2,10457358334754291778,0
replay,0,6,78,1,2000000,1,337522,1,10457358334754293762,0
replay,0,6,84,1,2000000,1,1337035,3,10459610134567976962,0
replay,0,6,82,1,2000000,1,132175,0,10466365534009032706,67108864
replay,0,6,80,1,2000000,1,258619,0,10466365534009032706,68719476736
replay,0,6,79,1,2000000,1,191268,0,10466365534009032770,0
replay,0,6,84,1,2000000,1,1380766,3,10468617333822717954,0
