# complete canonical s6 boundary raw rows; exact WIN only
replay,0,6,75,1,2000000,1,49585,0,1152921513196781600,537001985
replay,0,6,62,1,2000000,1,63071,0,1152921513196781600,537001986
replay,0,6,67,1,2000000,1,222341,1,1152921513196781600,537004032
replay,0,6,79,1,2000000,1,81063,0,1152921513196781600,537006080
replay,0,6,71,1,2000000,1,21451,0,1152921513196782112,537001984
replay,0,6,77,1,2000000,1,75751,0,1152921513196782624,537001984
replay,0,6,74,1,15000000,1,117041,0,1152921513197830176,537001984
replay,0,6,73,1,2000000,1,121649,0,1152921513198878752,537001984
replay,0,6,72,1,2000000,1,88120,0,1152921515344265248,537001984
replay,0,6,80,1,2000000,1,647770,2,1152921517491748896,537001984
replay,0,6,73,1,2000000,1,64214,0,1152925911243292704,537001984
replay,0,6,74,1,2000000,1,65690,0,1152930300699869216,537403392
replay,0,6,76,1,2000000,1,60261,0,1152930300699869216,537411584
replay,0,6,72,1,2000000,1,135901,0,1152930300699869216,554172416
replay,0,6,73,1,2000000,1,126930,0,1152930300699869216,570949632
replay,0,6,76,1,2000000,1,104245,0,1152930300699869216,34897133568
replay,0,6,62,1,2000000,1,111294,0,1152930309289803808,537001984
replay,0,6,70,1,2000000,1,47912,0,1161928712451522592,537001984
replay,0,6,79,1,2000000,1,110908,0,1170935911706263584,537001984
replay,0,6,79,1,2000000,1,98754,0,1297177430171058304,6
replay,0,6,68,1,2000000,1,150779,0,1297177430171058304,34
replay,0,6,67,1,2000000,1,47838,0,1297177430171058304,66
replay,0,6,73,1,2000000,1,64108,0,1297177430171058304,16386
replay,0,6,72,1,2000000,1,55685,0,1297177430171058304,32770
replay,0,6,80,1,2000000,1,78270,0,1297177430171058304,16777218
replay,0,6,77,1,2000000,1,49801,0,1297177430171058304,67108866
replay,0,6,69,1,2000000,1,117971,0,1297177430171058304,134217730
replay,0,6,70,1,2000000,1,199259,1,1297177430171058304,268435458
replay,0,6,78,1,2000000,1,187611,0,1297177430171058304,34359738370
replay,0,6,77,1,2000000,1,210232,1,1297177430171058304,68719476738
replay,0,6,73,1,2000000,1,78164,0,1297177430171058304,70368744177666
replay,0,6,73,1,2000000,1,88766,0,10414574138294272008,4
replay,0,6,71,1,2000000,1,71807,0,10414574138294272008,8
replay,0,6,77,1,15000000,1,2274916,9,10414574138294272008,16
replay,0,6,66,1,2000000,1,35754,0,10414574138294272008,32
replay,0,6,71,1,2000000,1,43197,0,10414574138294272008,64
replay,0,6,73,1,2000000,1,42491,0,10414574138294272008,8192
replay,0,6,72,1,2000000,1,74220,0,10414574138294272008,16384
replay,0,6,61,1,2000000,1,50375,0,10414574138294272008,65536
replay,0,6,61,1,2000000,1,389483,1,10414574138294272008,131072
replay,0,6,76,1,2000000,1,70851,0,10414574138294272008,262144
replay,0,6,77,1,2000000,1,161971,0,10414574138294272008,16777216
replay,0,6,79,1,2000000,1,148258,0,10414574138294272008,33554432
replay,0,6,72,1,2000000,1,174212,1,10414574138294272008,67108864
replay,0,6,72,1,2000000,1,311619,1,10414574138294272008,268435456
replay,0,6,70,1,2000000,1,196299,1,10414574138294272009,0
replay,0,6,76,1,2000000,1,1861339,7,10414574138294272010,0
replay,0,6,69,1,2000000,1,70874,0,10414574138294272024,0
replay,0,6,75,1,2000000,1,1585629,6,10414574138294272072,0
replay,0,6,75,1,2000000,1,39866,0,10414574138294272136,0
replay,0,6,74,1,2000000,1,50564,0,10414574138294272264,0
replay,0,6,77,1,2000000,1,1769858,7,10414574138294272520,0
replay,0,6,73,1,2000000,1,35957,0,10414574138294274056,0
replay,0,6,60,1,2000000,1,100534,0,10414574138294276104,0
replay,0,6,67,1,2000000,1,66823,0,10414574138294280200,0
replay,0,6,71,1,2000000,1,471243,2,10414574138294288392,0
replay,0,6,70,1,2000000,1,312040,1,10414574138294337544,0
replay,0,6,63,1,2000000,1,264541,1,10414574138294403080,0
replay,0,6,73,1,2000000,1,71544,0,10414574138294534152,0
replay,0,6,68,1,2000000,1,184762,1,10414574138294796296,0
replay,0,6,78,1,2000000,1,116716,0,10414574138295320584,0
replay,0,6,78,1,2000000,1,119431,0,10414574138296369160,0
replay,0,6,74,1,2000000,1,47759,0,10414574138298466312,0
replay,0,6,65,1,2000000,1,353070,1,10414574138302660616,0
replay,0,6,71,1,2000000,1,664304,3,10414574138327826440,0
replay,0,6,77,1,2000000,1,65889,0,10414574138361380872,0
replay,0,6,65,1,2000000,1,428959,2,10414574138562707464,0
replay,0,6,70,1,2000000,1,92904,0,10414574138831142920,0
replay,0,6,73,1,2000000,1,150647,0,10414574139368013832,0
replay,0,6,81,1,2000000,1,72479,0,10414574142589239304,0
replay,0,6,77,1,2000000,1,981141,4,10414574155474141192,0
replay,0,6,67,1,2000000,1,50791,0,10414574172654010376,0
replay,0,6,76,1,2000000,1,124352,0,10414574413172178952,0
replay,0,6,62,1,2000000,1,55801,0,10414575237805899784,0
replay,0,6,73,1,2000000,1,135885,0,10414578536340783112,0
replay,0,6,57,1,2000000,1,36891,0,10414591730480316424,0
replay,0,6,68,1,2000000,1,32617,0,10414644507038449672,0
replay,0,6,65,1,2000000,1,140494,0,10414714875782627336,0
replay,0,6,71,1,2000000,1,68880,0,10414855613270982664,0
replay,0,6,69,1,2000000,1,285378,1,10415137088247693320,0
replay,0,6,66,1,2000000,1,259589,1,10419077737921642504,0
replay,0,6,77,1,2000000,1,134768,0,10423581337549013000,0
replay,0,6,74,1,2000000,1,374706,1,10432588536803753992,0
