reply27-repair-s5,0,5,1297599642637180928,0,79,0,0,0,0,0
reply27-repair-s5,1,5,1297599642771390464,0,81,0,0,0,0,0
reply27-repair-s5,2,5,5909285661064560640,0,82,0,0,0,0,0
reply27-repair-s5,3,5,1297599642637172768,0,83,0,0,0,0,0
reply27-repair-s5,4,5,1297599642637172736,65536,83,0,0,0,0,0
reply27-repair-s5,5,5,1297881117613883392,0,84,0,0,0,0,0
reply27-repair-s5,6,5,1874060394940596224,0,84,0,0,0,0,0
reply27-repair-s5,7,5,10412885288434012160,0,84,0,0,0,0,0
reply27-repair-s5,8,5,1297599642637303808,0,85,0,0,0,0,0
reply27-repair-s5,9,5,3603442651850866688,0,85,0,0,0,0,0
reply27-repair-s5,10,5,1585267068834414720,8,85,0,0,0,0,0
reply27-repair-s5,11,5,1585267068834414720,64,85,0,0,0,0,0
reply27-repair-s5,12,5,1297599642637172736,128,85,0,0,0,0,0
reply27-repair-s5,13,5,1297599642637205504,0,86,0,0,0,0,0
reply27-repair-s5,14,5,1297599642637238272,0,86,0,0,0,0,0
reply27-repair-s5,15,5,1297599642637172736,536870912,86,0,0,0,0,0
reply27-repair-s5,16,5,3458764513821589504,553648128,86,0,0,0,0,0
reply27-repair-s5,17,5,1297599642637172736,68719476736,86,0,0,0,0,0
reply27-repair-s5,18,5,1297740380125528064,0,87,0,0,0,0,0
reply27-repair-s5,19,5,1585267068834414724,0,87,0,0,0,0,0
reply27-repair-s5,20,5,1585267206273368192,0,87,0,0,0,0,0
reply27-repair-s5,21,5,1585407806322770048,0,87,0,0,0,0,0
reply27-repair-s5,22,5,1297599642637172736,67108864,87,0,0,0,0,0
reply27-repair-s5,23,5,1297599917515079680,0,88,0,0,0,0,0
reply27-repair-s5,24,5,1297600192392986624,0,88,0,0,0,0,0
reply27-repair-s5,25,5,1297600742148800512,0,88,0,0,0,0,0
reply27-repair-s5,26,5,1585267068851191936,0,88,0,0,0,0,0
reply27-repair-s5,27,5,1585267086014283904,0,88,0,0,0,0,0
reply27-repair-s5,28,5,1585267068834414720,128,88,0,0,0,0,0
reply27-repair-s5,29,5,1152921779618971776,8192,88,0,0,0,0,0
reply27-repair-s5,30,5,3494793310840553472,536870912,88,0,0,0,0,0
reply27-repair-s5,31,5,1585267068834545792,0,89,0,0,0,0,0
reply27-repair-s5,32,5,1585267068867969152,0,89,0,0,0,0,0
reply27-repair-s5,33,5,1585337437578592384,0,89,0,0,0,0,0
reply27-repair-s5,34,5,1155173579432656896,8192,89,0,0,0,0,0
reply27-repair-s5,35,5,10376856491415048192,32768,89,0,0,0,0,0
reply27-repair-s5,36,5,14987979559889010696,65536,89,0,0,0,0,0
reply27-repair-s5,37,5,1297599642637172736,262144,89,0,0,0,0,0
reply27-repair-s5,38,5,1297599642653949952,0,90,0,0,0,0,0
reply27-repair-s5,39,5,1333628439656136704,0,90,0,0,0,0,0
reply27-repair-s5,40,5,1585548543811125376,0,90,0,0,0,0,0
reply27-repair-s5,41,5,10376856491415048192,8,90,0,0,0,0,0
reply27-repair-s5,42,5,1152921783913938944,8192,90,0,0,0,0,0
reply27-repair-s5,43,5,1152923978642227200,8192,90,0,0,0,0,0
reply27-repair-s5,44,5,1297599642637172736,33554432,90,0,0,0,0,0
reply27-repair-s5,45,5,1297599642637176832,0,91,0,0,0,0,0
reply27-repair-s5,46,5,1297634827009261568,0,91,0,0,0,0,0
reply27-repair-s5,47,5,1302103242264543232,0,91,0,0,0,0,0
reply27-repair-s5,48,5,1585267068834480256,0,91,0,0,0,0,0
reply27-repair-s5,49,5,1586392968741257344,0,91,0,0,0,0,0
reply27-repair-s5,50,5,1585267068834414720,16,91,0,0,0,0,0
reply27-repair-s5,51,5,10376856491415048192,32,91,0,0,0,0,0
reply27-repair-s5,52,5,1152921780692713472,8192,91,0,0,0,0,0
reply27-repair-s5,53,5,1152921779618971648,10240,91,0,0,0,0,0
reply27-repair-s5,54,5,1297599642637172736,131072,91,0,0,0,0,0
reply27-repair-s5,55,5,1152921779618971648,4202496,91,0,0,0,0,0
reply27-repair-s5,56,5,1297599642637172740,0,92,0,0,0,0,0
reply27-repair-s5,57,5,1297599642637172864,0,92,0,0,0,0,0
reply27-repair-s5,58,5,1306606841891913728,0,92,0,0,0,0,0
reply27-repair-s5,59,5,1369657236675100672,0,92,0,0,0,0,0
reply27-repair-s5,60,5,1585267069102850176,0,92,0,0,0,0,0
reply27-repair-s5,61,5,1585267137553891456,0,92,0,0,0,0,0
reply27-repair-s5,62,5,1585302253206503552,0,92,0,0,0,0,0
reply27-repair-s5,63,5,1585830018787836032,0,92,0,0,0,0,0
reply27-repair-s5,64,5,1585830018788884480,0,92,0,0,0,0,0
reply27-repair-s5,65,5,1297599642637172736,8,92,0,0,0,0,0
reply27-repair-s5,66,5,1585267068834414720,32,92,0,0,0,0,0
reply27-repair-s5,67,5,1152921779619233792,8192,92,0,0,0,0,0
reply27-repair-s5,68,5,1297599642637172736,16384,92,0,0,0,0,0
reply27-repair-s5,69,5,1297599642637172736,32768,92,0,0,0,0,0
reply27-repair-s5,70,5,10376856491415048192,65536,92,0,0,0,0,0
reply27-repair-s5,71,5,1152921779618971648,8396800,92,0,0,0,0,0
reply27-repair-s5,72,5,1297599642637172737,0,93,0,0,0,0,0
reply27-repair-s5,73,5,1297599642637173248,0,93,0,0,0,0,0
reply27-repair-s5,74,5,1297599642637173760,0,93,0,0,0,0,0
reply27-repair-s5,75,5,1297599642704281600,0,93,0,0,0,0,0
reply27-repair-s5,76,5,1297599643174043648,0,93,0,0,0,0,0
reply27-repair-s5,77,5,1585267068834414752,0,93,0,0,0,0,0
reply27-repair-s5,78,5,1585267069908156544,0,93,0,0,0,0,0
reply27-repair-s5,79,5,1585269267857670272,0,93,0,0,0,0,0
reply27-repair-s5,80,5,14987979559889010696,32,93,0,0,0,0,0
reply27-repair-s5,81,5,1152921779620020224,8192,93,0,0,0,0,0
reply27-repair-s5,82,5,1152922879130599424,8192,93,0,0,0,0,0
reply27-repair-s5,83,5,1152921779618971648,9216,93,0,0,0,0,0
reply27-repair-s5,84,5,1729382257044489216,68719476736,93,0,0,0,0,0
reply27-repair-s5,85,5,1297599646932140032,0,94,0,0,0,0,0
reply27-repair-s5,86,5,1585267068834422912,0,94,0,0,0,0,0
reply27-repair-s5,87,5,1585267068842803328,0,94,0,0,0,0,0
reply27-repair-s5,88,5,1297599642637172736,16,94,0,0,0,0,0
reply27-repair-s5,89,5,1152921779618971904,8192,94,0,0,0,0,0
reply27-repair-s5,90,5,5764607798046359552,8192,94,0,0,0,0,0
reply27-repair-s5,91,5,1152921779618971648,8193,94,0,0,0,0,0
reply27-repair-s5,92,5,1738389456165015552,536870912,94,0,0,0,0,0
reply27-repair-s5,93,5,1297599642637172736,34359738368,94,0,0,0,0,0
reply27-repair-s5,94,5,1297599642637172992,0,95,0,0,0,0,0
reply27-repair-s5,95,5,1297599642637174784,0,95,0,0,0,0,0
reply27-repair-s5,96,5,1585267068834431104,0,95,0,0,0,0,0
reply27-repair-s5,97,5,1585267068834447488,0,95,0,0,0,0,0
reply27-repair-s5,98,5,1585267343712321664,0,95,0,0,0,0,0
reply27-repair-s5,99,5,1161928978873712640,8192,95,0,0,0,0,0
reply27-repair-s5,100,5,1152921779618971648,2105344,95,0,0,0,0,0
reply27-repair-s5,101,5,1297599642637172736,134217728,95,0,0,0,0,0
reply27-repair-s5,102,5,1729382256910275072,536870912,95,0,0,0,0,0
reply27-repair-s5,103,5,1729382256911323136,536870912,95,0,0,0,0,0
reply27-repair-s5,104,5,1297599642639269888,0,96,0,0,0,0,0
reply27-repair-s5,105,5,1297599642645561344,0,96,0,0,0,0,0
reply27-repair-s5,106,5,1297599644784656384,0,96,0,0,0,0,0
reply27-repair-s5,107,5,1315614041146654720,0,96,0,0,0,0,0
reply27-repair-s5,108,5,1585267068834418816,0,96,0,0,0,0,0
reply27-repair-s5,109,5,1585267068835463296,0,96,0,0,0,0,0
reply27-repair-s5,110,5,1585267068838609024,0,96,0,0,0,0,0
reply27-repair-s5,111,5,1585267070981898368,0,96,0,0,0,0,0
reply27-repair-s5,112,5,1585267103194153088,0,96,0,0,0,0,0
reply27-repair-s5,113,5,1585284661020459136,0,96,0,0,0,0,0
reply27-repair-s5,114,5,1585267068834414720,4,96,0,0,0,0,0
reply27-repair-s5,115,5,1152921779618972672,8192,96,0,0,0,0,0
reply27-repair-s5,116,5,1152926177665482752,8192,96,0,0,0,0,0
reply27-repair-s5,117,5,1297599642637172736,8192,96,0,0,0,0,0
reply27-repair-s5,118,5,1152921779618971648,8194,96,0,0,0,0,0
reply27-repair-s5,119,5,14987979559889010696,67108864,96,0,0,0,0,0
reply27-repair-s5,120,5,1297599642637172738,0,97,0,0,0,0,0
reply27-repair-s5,121,5,1297599642637189120,0,97,0,0,0,0,0
reply27-repair-s5,122,5,1297599642637434880,0,97,0,0,0,0,0
reply27-repair-s5,123,5,1297599642670727168,0,97,0,0,0,0,0
reply27-repair-s5,124,5,1297599651227107328,0,97,0,0,0,0,0
reply27-repair-s5,125,5,1585267068834414976,0,97,0,0,0,0,0
reply27-repair-s5,126,5,1585267068834939008,0,97,0,0,0,0,0
reply27-repair-s5,127,5,1585267068836511872,0,97,0,0,0,0,0
reply27-repair-s5,128,5,10376856491415048192,16384,97,0,0,0,0,0
reply27-repair-s5,129,5,14987979559889010696,32768,97,0,0,0,0,0
reply27-repair-s5,130,5,1729382256912371712,536870912,97,0,0,0,0,0
reply27-repair-s5,131,5,1152921513196782080,537133056,97,0,0,0,0,0
reply27-repair-s5,132,5,1297599659817041920,0,98,0,0,0,0,0
reply27-repair-s5,133,5,1297604040683683840,0,98,0,0,0,0,0
reply27-repair-s5,134,5,1585267068834414736,0,98,0,0,0,0,0
reply27-repair-s5,135,5,1585267618590228608,0,98,0,0,0,0,0
reply27-repair-s5,136,5,1585275864927436928,0,98,0,0,0,0,0
reply27-repair-s5,137,5,1297599642637172736,4,98,0,0,0,0,0
reply27-repair-s5,138,5,1152921781766455296,8192,98,0,0,0,0,0
reply27-repair-s5,139,5,1152921779618971648,8704,98,0,0,0,0,0
reply27-repair-s5,140,5,1297599642637172736,16777216,98,0,0,0,0,0
reply27-repair-s5,141,5,1747396655419756544,536870912,98,0,0,0,0,0
reply27-repair-s5,142,5,3458764513821589504,536879104,98,0,0,0,0,0
reply27-repair-s5,143,5,3458764513821589504,570425344,98,0,0,0,0,0
reply27-repair-s5,144,5,1297599642637172800,0,99,0,0,0,0,0
reply27-repair-s5,145,5,1297599676996911104,0,99,0,0,0,0,0
reply27-repair-s5,146,5,1585267068834414784,0,99,0,0,0,0,0
reply27-repair-s5,147,5,1585267068834415744,0,99,0,0,0,0,0
reply27-repair-s5,148,5,1587518868648099968,0,99,0,0,0,0,0
reply27-repair-s5,149,5,10376856491415048192,4,99,0,0,0,0,0
reply27-repair-s5,150,5,1152921779621068800,8192,99,0,0,0,0,0
reply27-repair-s5,151,5,1152921780155842560,8192,99,0,0,0,0,0
reply27-repair-s5,152,5,14987979559889010696,8192,99,0,0,0,0,0
reply27-repair-s5,153,5,1152921779618971648,41943040,99,0,0,0,0,0
reply27-repair-s5,154,5,1297599642637172736,268435456,99,0,0,0,0,0
reply27-repair-s5,155,5,10376856491415048192,268435456,99,0,0,0,0,0
reply27-repair-s5,156,5,1729382256910275584,536870912,99,0,0,0,0,0
reply27-repair-s5,157,5,1729382259057758208,536870912,99,0,0,0,0,0
reply27-repair-s5,158,5,1297599642637172744,0,100,0,0,0,0,0
reply27-repair-s5,159,5,1297599642637172752,0,100,0,0,0,0,0
reply27-repair-s5,160,5,1297599642641367040,0,100,0,0,0,0,0
reply27-repair-s5,161,5,1297608438730194944,0,100,0,0,0,0,0
reply27-repair-s5,162,5,14987979559889010696,4,100,0,0,0,0,0
reply27-repair-s5,163,5,1152921779618972160,8192,100,0,0,0,0,0
reply27-repair-s5,164,5,1152921779619495936,8192,100,0,0,0,0,0
reply27-repair-s5,165,5,1157425379246342144,8192,100,0,0,0,0,0
reply27-repair-s5,166,5,1152921779618971648,25165824,100,0,0,0,0,0
reply27-repair-s5,167,5,10376856491415048192,134217728,100,0,0,0,0,0
reply27-repair-s5,168,5,1729382261205241856,536870912,100,0,0,0,0,0
reply27-repair-s5,169,5,1729386654956785664,536870912,100,0,0,0,0,0
reply27-repair-s5,170,5,3458764513821589504,536870920,100,0,0,0,0,0
reply27-repair-s5,171,5,3458764513821589504,536887296,100,0,0,0,0,0
reply27-repair-s5,172,5,1152921513197830144,537133056,100,0,0,0,0,0
reply27-repair-s5,173,5,1585267068834416768,0,101,0,0,0,0,0
reply27-repair-s5,174,5,1585267068901523584,0,101,0,0,0,0,0
reply27-repair-s5,175,5,1585267069371285632,0,101,0,0,0,0,0
reply27-repair-s5,176,5,1589770668461785216,0,101,0,0,0,0,0
reply27-repair-s5,177,5,10376856491415048192,16,101,0,0,0,0,0
reply27-repair-s5,178,5,1170936178128453632,8192,101,0,0,0,0,0
reply27-repair-s5,179,5,10376856491415048192,8192,101,0,0,0,0,0
reply27-repair-s5,180,5,1152921779618971648,12288,101,0,0,0,0,0
reply27-repair-s5,181,5,10376856491415048192,16777216,101,0,0,0,0,0
reply27-repair-s5,182,5,14987979559889010696,33554432,101,0,0,0,0,0
reply27-repair-s5,183,5,3458764513821589504,536870916,101,0,0,0,0,0
reply27-repair-s5,184,5,3458764513821589504,34896609280,101,0,0,0,0,0
reply27-repair-s5,185,5,1585267068834415232,0,102,0,0,0,0,0
reply27-repair-s5,186,5,1585267073129382016,0,102,0,0,0,0,0
reply27-repair-s5,187,5,1585271466880925824,0,102,0,0,0,0,0
reply27-repair-s5,188,5,1594274268089155712,0,102,0,0,0,0,0
reply27-repair-s5,189,5,1603281467343896704,0,102,0,0,0,0,0
reply27-repair-s5,190,5,14987979559889010696,8,102,0,0,0,0,0
reply27-repair-s5,191,5,14987979559889010696,16,102,0,0,0,0,0
reply27-repair-s5,192,5,14987979559889010696,16384,103,0,0,0,0,0
reply27-repair-s5,193,5,14987979559889010696,16777216,103,0,0,0,0,0
reply27-repair-s5,194,5,1152921513196782592,537133056,103,0,0,0,0,0
reply27-repair-s5,195,5,1152921513198878720,537133056,103,0,0,0,0,0
