reply27-class-completion,0,5,1297036692683751424,65792,80,0,0,0,0,0
reply27-class-completion,1,5,10376294640973254656,64,82,0,0,0,0,0
reply27-class-completion,2,5,10377419441368469504,64,84,0,0,0,0,0
reply27-class-completion,3,5,10448351135499554816,64,84,0,0,0,0,0
reply27-class-completion,4,5,10376293541461626880,131136,84,0,0,0,0,0
reply27-class-completion,5,5,1297036692683751424,320,85,0,0,0,0,0
reply27-class-completion,6,5,1297036692683751424,67109120,85,0,0,0,0,0
reply27-class-completion,7,5,10376293542535368704,64,86,0,0,0,0,0
reply27-class-completion,8,5,10376293610181103616,64,86,0,0,0,0,0
reply27-class-completion,9,5,10376293541461626880,67108928,86,0,0,0,0,0
reply27-class-completion,10,5,10376293541462675456,64,87,0,0,0,0,0
reply27-class-completion,11,5,10376856491415048192,64,87,0,0,0,0,0
reply27-class-completion,12,5,10664523917613338624,64,87,0,0,0,0,0
reply27-class-completion,13,5,12682136550675320832,64,87,0,0,0,0,0
reply27-class-completion,14,5,10376293541461627904,64,88,0,0,0,0,0
reply27-class-completion,15,5,10376293541528735744,64,88,0,0,0,0,0
reply27-class-completion,16,5,10378545341275312128,64,88,0,0,0,0,0
reply27-class-completion,17,5,10952754293765050368,64,88,0,0,0,0,0
reply27-class-completion,18,5,1297036692683751424,288,88,0,0,0,0,0
reply27-class-completion,19,5,10376575016438334464,68719476736,88,0,0,0,0,0
reply27-class-completion,20,5,10376293541462151168,64,89,0,0,0,0,0
reply27-class-completion,21,5,10376293541478404096,64,89,0,0,0,0,0
reply27-class-completion,22,5,10376363910205804544,64,89,0,0,0,0,0
reply27-class-completion,23,5,10376293541461626880,65600,89,0,0,0,0,0
reply27-class-completion,24,5,10376293678900580352,64,90,0,0,0,0,0
reply27-class-completion,25,5,14987979559889014784,64,90,0,0,0,0,0
reply27-class-completion,26,5,10376293541461626880,192,91,0,0,0,0,0
reply27-class-completion,27,5,1297036692683751424,272,91,0,0,0,0,0
reply27-class-completion,28,5,1153202979584610304,536870912,91,0,0,0,0,0
reply27-class-completion,29,5,10376293558641496064,64,92,0,0,0,0,0
reply27-class-completion,30,5,1153202979584606209,536870912,92,0,0,0,0,0
reply27-class-completion,31,5,10376293541461626881,64,93,0,0,0,0,0
reply27-class-completion,32,5,10376293541461757952,64,93,0,0,0,0,0
reply27-class-completion,33,5,10376294091217440768,64,93,0,0,0,0,0
reply27-class-completion,34,5,10376293541461626880,65,93,0,0,0,0,0
reply27-class-completion,35,5,10376293541461626880,96,93,0,0,0,0,0
reply27-class-completion,36,5,1225260573622534144,536870912,93,0,0,0,0,0
reply27-class-completion,37,5,1297318167660462080,536870912,93,0,0,0,0,0
reply27-class-completion,38,5,10376293541461626912,64,94,0,0,0,0,0
reply27-class-completion,39,5,10376293541495181312,64,94,0,0,0,0,0
reply27-class-completion,40,5,10376293816339533824,64,94,0,0,0,0,0
reply27-class-completion,41,5,10376293541461626888,64,95,0,0,0,0,0
reply27-class-completion,42,5,10376293541461692416,64,95,0,0,0,0,0
reply27-class-completion,43,5,10376293541461889024,64,95,0,0,0,0,0
reply27-class-completion,44,5,10380797141088997376,64,95,0,0,0,0,0
reply27-class-completion,45,5,10376293541461626880,33554496,95,0,0,0,0,0
reply27-class-completion,46,5,1153220571770650624,536870912,95,0,0,0,0,0
reply27-class-completion,47,5,10376293541461626884,64,96,0,0,0,0,0
reply27-class-completion,48,5,10376293541461626896,64,96,0,0,0,0,0
reply27-class-completion,49,5,10376297939508137984,64,96,0,0,0,0,0
reply27-class-completion,50,5,10376328725833715712,64,96,0,0,0,0,0
reply27-class-completion,51,5,10376293541461626880,66,96,0,0,0,0,0
reply27-class-completion,52,5,10376293541461626880,68,96,0,0,0,0,0
reply27-class-completion,53,5,10376293541461626880,80,96,0,0,0,0,0
reply27-class-completion,54,5,1297036692683751424,260,96,0,0,0,0,0
reply27-class-completion,55,5,1297036692683751424,131328,96,0,0,0,0,0
reply27-class-completion,56,5,10376293541461626880,262208,96,0,0,0,0,0
reply27-class-completion,57,5,10376293541461626880,268435520,96,0,0,0,0,0
reply27-class-completion,58,5,1297036692683751424,268435712,96,0,0,0,0,0
reply27-class-completion,59,5,10376293541461626882,64,97,0,0,0,0,0
reply27-class-completion,60,5,10376293541461635072,64,97,0,0,0,0,0
reply27-class-completion,61,5,10376293541461643264,64,97,0,0,0,0,0
reply27-class-completion,62,5,10376293541463724032,64,97,0,0,0,0,0
reply27-class-completion,63,5,10376293541730062336,64,97,0,0,0,0,0
reply27-class-completion,64,5,10385300740716367872,64,97,0,0,0,0,0
reply27-class-completion,65,5,10376293541461626880,16448,97,0,0,0,0,0
reply27-class-completion,66,5,1297036692683751424,33024,97,0,0,0,0,0
reply27-class-completion,67,5,1153202979584608256,536870912,97,0,0,0,0,0
reply27-class-completion,68,5,1153202988174540800,536870912,97,0,0,0,0,0
reply27-class-completion,69,5,1153202979584606208,536887296,97,0,0,0,0,0
reply27-class-completion,70,5,10376293541461627136,64,98,0,0,0,0,0
reply27-class-completion,71,5,10376293541470015488,64,98,0,0,0,0,0
reply27-class-completion,72,5,10376302337554649088,64,98,0,0,0,0,0
reply27-class-completion,73,5,1297036692683751424,16640,98,0,0,0,0,0
reply27-class-completion,74,5,10376293541461626880,32832,98,0,0,0,0,0
reply27-class-completion,75,5,1153202979584606208,536879104,98,0,0,0,0,0
reply27-class-completion,76,5,10376293541461626944,64,99,0,0,0,0,0
reply27-class-completion,77,5,10376293541461628928,64,99,0,0,0,0,0
reply27-class-completion,78,5,10376295740484882432,64,99,0,0,0,0,0
reply27-class-completion,79,5,1297036692683751424,16777472,99,0,0,0,0,0
reply27-class-completion,80,5,1153202979584606208,570425344,99,0,0,0,0,0
reply27-class-completion,81,5,1297036692683751424,8448,100,0,0,0,0,0
reply27-class-completion,82,5,1153202979592994816,536870912,100,0,0,0,0,0
reply27-class-completion,83,5,10376293541461627392,64,101,0,0,0,0,0
reply27-class-completion,84,5,10376293541998497792,64,101,0,0,0,0,0
reply27-class-completion,85,5,10376293543609110528,64,101,0,0,0,0,0
reply27-class-completion,86,5,10376293550051561472,64,101,0,0,0,0,0
reply27-class-completion,87,5,10376311133647671296,64,101,0,0,0,0,0
reply27-class-completion,88,5,1297036692683751424,33554688,101,0,0,0,0,0
reply27-class-completion,89,5,10376293541461626880,134217792,101,0,0,0,0,0
reply27-class-completion,90,5,1153202996764475392,536870912,101,0,0,0,0,0
reply27-class-completion,91,5,1153202979584606208,536870916,101,0,0,0,0,0
reply27-class-completion,92,5,1153202979584606208,536870920,101,0,0,0,0,0
reply27-class-completion,93,5,10376293541461627008,64,102,0,0,0,0,0
reply27-class-completion,94,5,10376293545756594176,64,102,0,0,0,0,0
reply27-class-completion,95,5,10376293541461626880,8256,102,0,0,0,0,0
reply27-class-completion,96,5,10376293541461626880,16777280,102,0,0,0,0,0
reply27-class-completion,97,5,1297036692683751424,134217984,102,0,0,0,0,0
reply27-class-completion,98,5,1153202979584606210,536870912,102,0,0,0,0,0
reply27-class-completion,99,5,1153202979588800512,536870912,102,0,0,0,0,0
reply27-class-completion,100,5,1297036692683751424,34359738624,102,0,0,0,0,0
reply27-class-completion,101,5,1153202979584606208,34896609280,102,0,0,0,0,0
