reply27-class-completion,0,5,10376294641107468288,64,80,0,0,0,0,0
reply27-class-completion,1,5,10448351135633768448,64,82,0,0,0,0,0
reply27-class-completion,2,5,10376293679034793984,64,84,0,0,0,0,0
reply27-class-completion,3,5,10377419441502683136,64,84,0,0,0,0,0
reply27-class-completion,4,5,10952754293899264000,64,85,0,0,0,0,0
reply27-class-completion,5,5,10376293541662949376,64,86,0,0,0,0,0
reply27-class-completion,6,5,10376294091351654400,64,88,0,0,0,0,0
reply27-class-completion,7,5,10664523917747552256,64,88,0,0,0,0,0
reply27-class-completion,8,5,10520408729671696384,64,89,0,0,0,0,0
reply27-class-completion,9,5,10376293541595841536,64,90,0,0,0,0,0
reply27-class-completion,10,5,10376293541595906048,64,90,0,0,0,0,0
reply27-class-completion,11,5,10376293541596889088,64,90,0,0,0,0,0
reply27-class-completion,12,5,10376293541595840512,67108928,90,0,0,0,0,0
reply27-class-completion,13,5,10376293610315317248,64,91,0,0,0,0,0
reply27-class-completion,14,5,10376293541864275968,64,92,0,0,0,0,0
reply27-class-completion,15,5,10376434279084195840,64,92,0,0,0,0,0
reply27-class-completion,16,5,10376293541595840512,96,92,0,0,0,0,0
reply27-class-completion,17,5,10376293541595840512,65600,92,0,0,0,0,0
reply27-class-completion,18,5,10376293541595840640,64,93,0,0,0,0,0
reply27-class-completion,19,5,10376575016572551168,64,93,0,0,0,0,0
reply27-class-completion,20,5,10376293541596364800,64,94,0,0,0,0,0
reply27-class-completion,21,5,10376293575955578880,64,94,0,0,0,0,0
reply27-class-completion,22,5,10376293541595840528,64,95,0,0,0,0,0
reply27-class-completion,23,5,10376293541595840768,64,95,0,0,0,0,0
reply27-class-completion,24,5,10376293542132711424,64,96,0,0,0,0,0
reply27-class-completion,25,5,10376363910340018176,64,96,0,0,0,0,0
reply27-class-completion,26,5,10376293541596102656,64,97,0,0,0,0,0
reply27-class-completion,27,5,10376293541612617728,64,97,0,0,0,0,0
reply27-class-completion,28,5,10376293541629394944,64,97,0,0,0,0,0
reply27-class-completion,29,5,10376293541595840512,80,97,0,0,0,0,0
reply27-class-completion,30,5,10376293541595840513,64,98,0,0,0,0,0
reply27-class-completion,31,5,10376293558775709696,64,98,0,0,0,0,0
reply27-class-completion,32,5,10376293541595840512,8256,98,0,0,0,0,0
reply27-class-completion,33,5,10376293541595840512,32832,98,0,0,0,0,0
reply27-class-completion,34,5,1298162592589546496,536870912,98,0,0,0,0,0
reply27-class-completion,35,5,10376293541595840576,64,99,0,0,0,0,0
reply27-class-completion,36,5,10376293541595856896,64,99,0,0,0,0,0
reply27-class-completion,37,5,10376293541595848704,64,100,0,0,0,0,0
reply27-class-completion,38,5,10376293541604229120,64,100,0,0,0,0,0
reply27-class-completion,39,5,10376293541595840512,68,100,0,0,0,0,0
reply27-class-completion,40,5,10376293541595842560,64,101,0,0,0,0,0
reply27-class-completion,41,5,10376293541595841024,64,102,0,0,0,0,0
reply27-class-completion,42,5,10376293550185775104,64,102,0,0,0,0,0
reply27-class-completion,43,5,10376311133781884928,64,102,0,0,0,0,0
reply27-class-completion,44,5,10376328725967929344,64,102,0,0,0,0,0
reply27-class-completion,45,5,10376293541595840512,16448,102,0,0,0,0,0
reply27-class-completion,46,5,10376293541595840514,64,103,0,0,0,0,0
reply27-class-completion,47,5,10376293541595840516,64,103,0,0,0,0,0
reply27-class-completion,48,5,10376293541595840512,16777280,103,0,0,0,0,0
reply27-class-completion,49,5,10376293541595840512,33554496,103,0,0,0,0,0
reply27-class-completion,50,5,1298162592589545984,536870912,103,0,0,0,0,0
