reply27-repair-s5,0,5,1297036692683882496,65536,73,0,0,0,0,0
reply27-repair-s5,1,5,10448351135499587584,0,77,0,0,0,0,0
reply27-repair-s5,2,5,1153203254595686400,0,78,0,0,0,0,0
reply27-repair-s5,3,5,1153765929671200768,0,78,0,0,0,0,0
reply27-repair-s5,4,5,1299569967473102848,0,79,0,0,0,0,0
reply27-repair-s5,5,5,3602879702030614560,0,79,0,0,0,0,0
reply27-repair-s5,6,5,10449477035407441920,0,79,0,0,0,0,0
reply27-repair-s5,7,5,1153202979717779488,0,80,0,0,0,0,0
reply27-repair-s5,8,5,1153202979718041600,0,80,0,0,0,0,0
reply27-repair-s5,9,5,1153343717206134784,0,80,0,0,0,0,0
reply27-repair-s5,10,5,1297036692683948032,0,80,0,0,0,0,0
reply27-repair-s5,11,5,1297036693757624320,0,80,0,0,0,0,0
reply27-repair-s5,12,5,1297036830255874080,0,80,0,0,0,0,0
reply27-repair-s5,13,5,1297177430172237824,0,80,0,0,0,0,0
reply27-repair-s5,14,5,1153202979717910528,0,81,0,0,0,0,0
reply27-repair-s5,15,5,1297036692683890688,0,81,0,0,0,0,0
reply27-repair-s5,16,5,1297036761536397344,0,81,0,0,0,0,0
reply27-repair-s5,17,5,1297038891840176160,0,81,0,0,0,0,0
reply27-repair-s5,18,5,1307240160588464128,0,81,0,0,0,0,0
reply27-repair-s5,19,5,1333628439789305856,0,81,0,0,0,0,0
reply27-repair-s5,20,5,10448351135633768480,0,81,0,0,0,0,0
reply27-repair-s5,21,5,10448351169859289096,0,81,0,0,0,0,0
reply27-repair-s5,22,5,10448667794848350208,0,81,0,0,0,0,0
reply27-repair-s5,23,5,1153062242254585856,0,82,0,0,0,0,0
reply27-repair-s5,24,5,1153062245450645504,0,82,0,0,0,0,0
reply27-repair-s5,25,5,1153202979717795840,0,82,0,0,0,0,0
reply27-repair-s5,26,5,1153202979718303744,0,82,0,0,0,0,0
reply27-repair-s5,27,5,1153273348461957120,0,82,0,0,0,0,0
reply27-repair-s5,28,5,1297599642770866176,0,82,0,0,0,0,0
reply27-repair-s5,29,5,1442277780803813376,0,82,0,0,0,0,0
reply27-repair-s5,30,5,5910974510923792384,0,82,0,0,0,0,0
reply27-repair-s5,31,5,1297036692682702976,65,82,0,0,0,0,0
reply27-repair-s5,32,5,10376294640973250560,72,82,0,0,0,0,0
reply27-repair-s5,33,5,10376293541461659648,131072,82,0,0,0,0,0
reply27-repair-s5,34,5,1152921526215901184,262144,82,0,0,0,0,0
reply27-repair-s5,35,5,1152965485072023552,536870912,82,0,0,0,0,0
reply27-repair-s5,36,5,1152921504766230529,0,83,0,0,0,0,0
reply27-repair-s5,37,5,1152921504766296064,0,83,0,0,0,0,0
reply27-repair-s5,38,5,1225260573755707392,0,83,0,0,0,0,0
reply27-repair-s5,39,5,1297036692683915264,0,83,0,0,0,0,0
reply27-repair-s5,40,5,1297036693085356064,0,83,0,0,0,0,0
reply27-repair-s5,41,5,1297319267171045376,0,83,0,0,0,0,0
reply27-repair-s5,42,5,1333065490104320000,0,83,0,0,0,0,0
reply27-repair-s5,43,5,5908722711126876160,0,83,0,0,0,0,0
reply27-repair-s5,44,5,10448351135499616264,0,83,0,0,0,0,0
reply27-repair-s5,45,5,10448351136036421640,0,83,0,0,0,0,0
reply27-repair-s5,46,5,10448352235011178504,0,83,0,0,0,0,0
reply27-repair-s5,47,5,10452854735126921224,0,83,0,0,0,0,0
reply27-repair-s5,48,5,1152921507962290176,65536,83,0,0,0,0,0
reply27-repair-s5,49,5,10448351135499550728,67108864,83,0,0,0,0,0
reply27-repair-s5,50,5,1297036692682702976,134217729,83,0,0,0,0,0
reply27-repair-s5,51,5,1297045488775790592,536870912,83,0,0,0,0,0
reply27-repair-s5,52,5,1152921504607895552,637534208,83,0,0,0,0,0
reply27-repair-s5,53,5,1152921645401243648,0,84,0,0,0,0,0
reply27-repair-s5,54,5,1153202979717779460,0,84,0,0,0,0,0
reply27-repair-s5,55,5,1153202979717779472,0,84,0,0,0,0,0
reply27-repair-s5,56,5,1153202979717779712,0,84,0,0,0,0,0
reply27-repair-s5,57,5,1153202980791521280,0,84,0,0,0,0,0
reply27-repair-s5,58,5,1153238164089868288,0,84,0,0,0,0,0
reply27-repair-s5,59,5,1297036984740478980,0,84,0,0,0,0,0
reply27-repair-s5,60,5,1297318167793635328,0,84,0,0,0,0,0
reply27-repair-s5,61,5,1297318168733159424,0,84,0,0,0,0,0
reply27-repair-s5,62,5,1307169792918028288,0,84,0,0,0,0,0
reply27-repair-s5,63,5,1307310529332641792,0,84,0,0,0,0,0
reply27-repair-s5,64,5,3602879701897576448,0,84,0,0,0,0,0
reply27-repair-s5,65,5,5908722711110107264,0,84,0,0,0,0,0
reply27-repair-s5,66,5,5908722711118495744,0,84,0,0,0,0,0
reply27-repair-s5,67,5,5908722712183848960,0,84,0,0,0,0,0
reply27-repair-s5,68,5,10448351685255364616,0,84,0,0,0,0,0
reply27-repair-s5,69,5,1297036692682702976,9,84,0,0,0,0,0
reply27-repair-s5,70,5,5908722711110107136,128,84,0,0,0,0,0
reply27-repair-s5,71,5,1297036692682702976,65537,84,0,0,0,0,0
reply27-repair-s5,72,5,1297599642636648448,33554432,84,0,0,0,0,0
reply27-repair-s5,73,5,10376293541461659648,268435456,84,0,0,0,0,0
reply27-repair-s5,74,5,1152921504766230560,0,85,0,0,0,0,0
reply27-repair-s5,75,5,1152921504766238720,0,85,0,0,0,0,0
reply27-repair-s5,76,5,1152921513356165120,0,85,0,0,0,0,0
reply27-repair-s5,77,5,1153203014077517824,0,85,0,0,0,0,0
reply27-repair-s5,78,5,1297036692683884544,0,85,0,0,0,0,0
reply27-repair-s5,79,5,1297036692684144640,0,85,0,0,0,0,0
reply27-repair-s5,80,5,1297036692684406784,0,85,0,0,0,0,0
reply27-repair-s5,81,5,1297036692816920736,0,85,0,0,0,0,0
reply27-repair-s5,82,5,1297036692952317952,0,85,0,0,0,0,0
reply27-repair-s5,83,5,1297036693236359168,0,85,0,0,0,0,0
reply27-repair-s5,84,5,1297036727176658976,0,85,0,0,0,0,0
reply27-repair-s5,85,5,1297036967577387012,0,85,0,0,0,0,0
reply27-repair-s5,86,5,1297037104999563268,0,85,0,0,0,0,0
reply27-repair-s5,87,5,1297037242572734496,0,85,0,0,0,0,0
reply27-repair-s5,88,5,1297107061428060160,0,85,0,0,0,0,0
reply27-repair-s5,89,5,1297599642636652544,0,85,0,0,0,0,0
reply27-repair-s5,90,5,1297599642637303808,0,85,0,0,0,0,0
reply27-repair-s5,91,5,1299288492630605856,0,85,0,0,0,0,0
reply27-repair-s5,92,5,3603442651850342400,0,85,0,0,0,0,0
reply27-repair-s5,93,5,5908722711110172672,0,85,0,0,0,0,0
reply27-repair-s5,94,5,5908722728289976320,0,85,0,0,0,0,0
reply27-repair-s5,95,5,5908793079854284800,0,85,0,0,0,0,0
reply27-repair-s5,96,5,10448351410377457920,0,85,0,0,0,0,0
reply27-repair-s5,97,5,10664523917613596672,16,85,0,0,0,0,0
reply27-repair-s5,98,5,10448351135499550728,32,85,0,0,0,0,0
reply27-repair-s5,99,5,1297036692683882496,64,85,0,0,0,0,0
reply27-repair-s5,100,5,1152921504766263296,0,86,0,0,0,0,0
reply27-repair-s5,101,5,1152921788209037312,0,86,0,0,0,0,0
reply27-repair-s5,102,5,1152921805388775424,0,86,0,0,0,0,0
reply27-repair-s5,103,5,1152930584301928448,0,86,0,0,0,0,0
reply27-repair-s5,104,5,1153202979717781504,0,86,0,0,0,0,0
reply27-repair-s5,105,5,1153202979726168064,0,86,0,0,0,0,0
reply27-repair-s5,106,5,1153202979751333888,0,86,0,0,0,0,0
reply27-repair-s5,107,5,1154328879624622080,0,86,0,0,0,0,0
reply27-repair-s5,108,5,1297036692683882624,0,86,0,0,0,0,0
reply27-repair-s5,109,5,1297036692683898880,0,86,0,0,0,0,0
reply27-repair-s5,110,5,1297036692884029472,0,86,0,0,0,0,0
reply27-repair-s5,111,5,1297037792195510272,0,86,0,0,0,0,0
reply27-repair-s5,112,5,1297107336304787460,0,86,0,0,0,0,0
reply27-repair-s5,113,5,1297177430305275936,0,86,0,0,0,0,0
reply27-repair-s5,114,5,1297318167659941888,0,86,0,0,0,0,0
reply27-repair-s5,115,5,1297318167793631264,0,86,0,0,0,0,0
reply27-repair-s5,116,5,1306043891938623488,0,86,0,0,0,0,0
reply27-repair-s5,117,5,1333066039591698432,0,86,0,0,0,0,0
reply27-repair-s5,118,5,1369094561598537732,0,86,0,0,0,0,0
reply27-repair-s5,119,5,1873497444987305984,0,86,0,0,0,0,0
reply27-repair-s5,120,5,5908722711111270400,0,86,0,0,0,0,0
reply27-repair-s5,121,5,10448351135499550984,0,86,0,0,0,0,0
reply27-repair-s5,122,5,10448351136573816832,0,86,0,0,0,0,0
reply27-repair-s5,123,5,10450602935313235976,0,86,0,0,0,0,0
reply27-repair-s5,124,5,1152930575711993856,8,86,0,0,0,0,0
reply27-repair-s5,125,5,1297036692682702976,17,86,0,0,0,0,0
reply27-repair-s5,126,5,10376293541461659648,32768,86,0,0,0,0,0
reply27-repair-s5,127,5,10448351135499550728,32768,86,0,0,0,0,0
reply27-repair-s5,128,5,5908722711110107136,131072,86,0,0,0,0,0
reply27-repair-s5,129,5,10664523917613596672,131072,86,0,0,0,0,0
reply27-repair-s5,130,5,1152925919967444992,262144,86,0,0,0,0,0
reply27-repair-s5,131,5,1152921507962290176,67108864,86,0,0,0,0,0
reply27-repair-s5,132,5,10664523917613596672,67108864,86,0,0,0,0,0
reply27-repair-s5,133,5,1224987894737862656,536870912,86,0,0,0,0,0
reply27-repair-s5,134,5,1297036692683882496,536870912,86,0,0,0,0,0
reply27-repair-s5,135,5,1152921539125968896,0,87,0,0,0,0,0
reply27-repair-s5,136,5,1152921788217294848,0,87,0,0,0,0,0
reply27-repair-s5,137,5,1152921822568644608,0,87,0,0,0,0,0
reply27-repair-s5,138,5,1152921925647859712,0,87,0,0,0,0,0
reply27-repair-s5,139,5,1152939096952274944,0,87,0,0,0,0,0
reply27-repair-s5,140,5,1153071313200349184,0,87,0,0,0,0,0
reply27-repair-s5,141,5,1153202979717779458,0,87,0,0,0,0,0
reply27-repair-s5,142,5,1153202984012746752,0,87,0,0,0,0,0
reply27-repair-s5,143,5,1153203263185616896,0,87,0,0,0,0,0
reply27-repair-s5,144,5,1297036692685979648,0,87,0,0,0,0,0
reply27-repair-s5,145,5,1297036692699488384,0,87,0,0,0,0,0
reply27-repair-s5,146,5,1297036830122835968,0,87,0,0,0,0,0
reply27-repair-s5,147,5,1297036967627718660,0,87,0,0,0,0,0
reply27-repair-s5,148,5,1297039166583865348,0,87,0,0,0,0,0
reply27-repair-s5,149,5,1297318167659679744,0,87,0,0,0,0,0
reply27-repair-s5,150,5,1297318167661514752,0,87,0,0,0,0,0
reply27-repair-s5,151,5,1297599642636648480,0,87,0,0,0,0,0
reply27-repair-s5,152,5,1335317289649569792,0,87,0,0,0,0,0
reply27-repair-s5,153,5,1585267068835594240,0,87,0,0,0,0,0
reply27-repair-s5,154,5,5908722848549060608,0,87,0,0,0,0,0
reply27-repair-s5,155,5,5909285661063528448,0,87,0,0,0,0,0
reply27-repair-s5,156,5,10448355533546061832,0,87,0,0,0,0,0
reply27-repair-s5,157,5,10448632610476261384,0,87,0,0,0,0,0
reply27-repair-s5,158,5,5908722711110107136,16,87,0,0,0,0,0
reply27-repair-s5,159,5,10376293816339529984,16,87,0,0,0,0,0
reply27-repair-s5,160,5,10376293542535888896,32,87,0,0,0,0,0
reply27-repair-s5,161,5,10664523917613596672,32,87,0,0,0,0,0
reply27-repair-s5,162,5,10377419441369513984,32768,87,0,0,0,0,0
reply27-repair-s5,163,5,10664523917613596672,32768,87,0,0,0,0,0
reply27-repair-s5,164,5,1152923720944189440,262144,87,0,0,0,0,0
reply27-repair-s5,165,5,1441156278939287552,262144,87,0,0,0,0,0
reply27-repair-s5,166,5,1152921504766230536,0,88,0,0,0,0,0
reply27-repair-s5,167,5,1152921504766230544,0,88,0,0,0,0,0
reply27-repair-s5,168,5,1152921521946099712,0,88,0,0,0,0,0
reply27-repair-s5,169,5,1152921576681766912,0,88,0,0,0,0,0
reply27-repair-s5,170,5,1152921788208922624,0,88,0,0,0,0,0
reply27-repair-s5,171,5,1152991873510408192,0,88,0,0,0,0,0
reply27-repair-s5,172,5,1153062525697261568,0,88,0,0,0,0,0
reply27-repair-s5,173,5,1153202979718828032,0,88,0,0,0,0,0
reply27-repair-s5,174,5,1153202982939000832,0,88,0,0,0,0,0
reply27-repair-s5,175,5,1153202996897648640,0,88,0,0,0,0,0
reply27-repair-s5,176,5,1153212050688704512,0,88,0,0,0,0,0
reply27-repair-s5,177,5,1153220571903823872,0,88,0,0,0,0,0
reply27-repair-s5,178,5,1188950301785194496,0,88,0,0,0,0,0
reply27-repair-s5,179,5,1224979382246834176,0,88,0,0,0,0,0
reply27-repair-s5,180,5,1297036692699619328,0,88,0,0,0,0,0
reply27-repair-s5,181,5,1297036692850475040,0,88,0,0,0,0,0
reply27-repair-s5,182,5,1297036693220753408,0,88,0,0,0,0,0
reply27-repair-s5,183,5,1297037792328548384,0,88,0,0,0,0,0
reply27-repair-s5,184,5,1297318167659417856,0,88,0,0,0,0,0
reply27-repair-s5,185,5,1297599642636656640,0,88,0,0,0,0,0
reply27-repair-s5,186,5,1297599642636713984,0,88,0,0,0,0,0
reply27-repair-s5,187,5,1297600192392462336,0,88,0,0,0,0,0
reply27-repair-s5,188,5,1297881117613359104,0,88,0,0,0,0,0
reply27-repair-s5,189,5,1307170891355914240,0,88,0,0,0,0,0
reply27-repair-s5,190,5,1307451266820997120,0,88,0,0,0,0,0
reply27-repair-s5,191,5,1441151880897232896,0,88,0,0,0,0,0
reply27-repair-s5,192,5,1441151883044454400,0,88,0,0,0,0,0
reply27-repair-s5,193,5,1585830018787835912,0,88,0,0,0,0,0
reply27-repair-s5,194,5,5908722711378542592,0,88,0,0,0,0,0
reply27-repair-s5,195,5,5908724910133362688,0,88,0,0,0,0,0
reply27-repair-s5,196,5,5908740303296151552,0,88,0,0,0,0,0
reply27-repair-s5,197,5,5909285661064036352,0,88,0,0,0,0,0
reply27-repair-s5,198,5,5918855810271674368,0,88,0,0,0,0,0
reply27-repair-s5,199,5,10412322339554852864,0,88,0,0,0,0,0
reply27-repair-s5,200,5,10412885288434016256,0,88,0,0,0,0,0
reply27-repair-s5,201,5,10413448238388477952,0,88,0,0,0,0,0
reply27-repair-s5,202,5,10448351135499554824,0,88,0,0,0,0,0
reply27-repair-s5,203,5,10448386319871639560,0,88,0,0,0,0,0
reply27-repair-s5,204,5,10448491872987906056,0,88,0,0,0,0,0
reply27-repair-s5,205,5,10376293541595840544,32,88,0,0,0,0,0
reply27-repair-s5,206,5,10376856491415052288,32,88,0,0,0,0,0
reply27-repair-s5,207,5,1297036692682702976,33,88,0,0,0,0,0
reply27-repair-s5,208,5,10448351135499550728,64,88,0,0,0,0,0
reply27-repair-s5,209,5,1297599642636648448,128,88,0,0,0,0,0
reply27-repair-s5,210,5,10448351135499550728,128,88,0,0,0,0,0
reply27-repair-s5,211,5,1154047404648955904,8192,88,0,0,0,0,0
reply27-repair-s5,212,5,10664523917613596672,16384,88,0,0,0,0,0
reply27-repair-s5,213,5,1297599642636648448,32768,88,0,0,0,0,0
reply27-repair-s5,214,5,1152925902787575808,270336,88,0,0,0,0,0
reply27-repair-s5,215,5,1152925902787575808,294912,88,0,0,0,0,0
reply27-repair-s5,216,5,1729382257044488192,33554434,88,0,0,0,0,0
reply27-repair-s5,217,5,1152930309289869312,536870912,88,0,0,0,0,0
reply27-repair-s5,218,5,1161946296048680960,536870912,88,0,0,0,0,0
reply27-repair-s5,219,5,1152921504606848000,637534208,88,0,0,0,0,0
reply27-repair-s5,220,5,1152921504741065728,68719476744,88,0,0,0,0,0
reply27-repair-s5,221,5,1152921788208939008,0,89,0,0,0,0,0
reply27-repair-s5,222,5,1154064996835000320,0,89,0,0,0,0,0
reply27-repair-s5,223,5,1154082589021044736,0,89,0,0,0,0,0
reply27-repair-s5,224,5,1297036692700659712,0,89,0,0,0,0,0
reply27-repair-s5,225,5,1297036692816920609,0,89,0,0,0,0,0
reply27-repair-s5,226,5,1297036692816920672,0,89,0,0,0,0,0
reply27-repair-s5,227,5,1297036694831366144,0,89,0,0,0,0,0
reply27-repair-s5,228,5,1297036967560609924,0,89,0,0,0,0,0
reply27-repair-s5,229,5,1297037036280086532,0,89,0,0,0,0,0
reply27-repair-s5,230,5,1297037242439696384,0,89,0,0,0,0,0
reply27-repair-s5,231,5,1297318167660593152,0,89,0,0,0,0,0
reply27-repair-s5,232,5,1297318167927853056,0,89,0,0,0,0,0
reply27-repair-s5,233,5,1297318442537320452,0,89,0,0,0,0,0
reply27-repair-s5,234,5,1297599642636779520,0,89,0,0,0,0,0
reply27-repair-s5,235,5,1307169791844352000,0,89,0,0,0,0,0
reply27-repair-s5,236,5,1333065489835950080,0,89,0,0,0,0,0
reply27-repair-s5,237,5,1333067688859140096,0,89,0,0,0,0,0
reply27-repair-s5,238,5,1441151881433841664,0,89,0,0,0,0,0
reply27-repair-s5,239,5,5908722711110369280,0,89,0,0,0,0,0
reply27-repair-s5,240,5,5913226310737477632,0,89,0,0,0,0,0
reply27-repair-s5,241,5,10448351135499550760,0,89,0,0,0,0,0
reply27-repair-s5,242,5,10449477035406393352,0,89,0,0,0,0,0
reply27-repair-s5,243,5,10457358334754291720,0,89,0,0,0,0,0
reply27-repair-s5,244,5,1152921507962290176,8,89,0,0,0,0,0
reply27-repair-s5,245,5,10448351135499550728,8,89,0,0,0,0,0
reply27-repair-s5,246,5,10376293541595840512,10,89,0,0,0,0,0
reply27-repair-s5,247,5,1307169791844286464,64,89,0,0,0,0,0
reply27-repair-s5,248,5,10376293541528731648,72,89,0,0,0,0,0
reply27-repair-s5,249,5,10376856491415044096,72,89,0,0,0,0,0
reply27-repair-s5,250,5,1297036692683882496,128,89,0,0,0,0,0
reply27-repair-s5,251,5,10376856491415052288,32768,89,0,0,0,0,0
reply27-repair-s5,252,5,1297036692683882496,131072,89,0,0,0,0,0
reply27-repair-s5,253,5,1152921522994675712,262144,89,0,0,0,0,0
reply27-repair-s5,254,5,1224983496825503744,262144,89,0,0,0,0,0
reply27-repair-s5,255,5,1152925902787575808,262152,89,0,0,0,0,0
reply27-repair-s5,256,5,10664523917613596672,16777216,89,0,0,0,0,0
reply27-repair-s5,257,5,10376293541461659648,67108864,89,0,0,0,0,0
reply27-repair-s5,258,5,1297036692683882496,68719476736,89,0,0,0,0,0
reply27-repair-s5,259,5,1152921788208906368,0,90,0,0,0,0,0
reply27-repair-s5,260,5,1152921788209168384,0,90,0,0,0,0,0
reply27-repair-s5,261,5,1152921788477341696,0,90,0,0,0,0,0
reply27-repair-s5,262,5,1152921789282648064,0,90,0,0,0,0,0
reply27-repair-s5,263,5,1152921792503873536,0,90,0,0,0,0,0
reply27-repair-s5,264,5,1152956689138319360,0,90,0,0,0,0,0
reply27-repair-s5,265,5,1152991876706467840,0,90,0,0,0,0,0
reply27-repair-s5,266,5,1153202979717780480,0,90,0,0,0,0,0
reply27-repair-s5,267,5,1153202979717787648,0,90,0,0,0,0,0
reply27-repair-s5,268,5,1154117773393133568,0,90,0,0,0,0,0
reply27-repair-s5,269,5,1226104998686883840,0,90,0,0,0,0,0
reply27-repair-s5,270,5,1297036692701585408,0,90,0,0,0,0,0
reply27-repair-s5,271,5,1297036692717436928,0,90,0,0,0,0,0
reply27-repair-s5,272,5,1297036692816920624,0,90,0,0,0,0,0
reply27-repair-s5,273,5,1297036692825309216,0,90,0,0,0,0,0
reply27-repair-s5,274,5,1297036693353791520,0,90,0,0,0,0,0
reply27-repair-s5,275,5,1297036967560617988,0,90,0,0,0,0,0
reply27-repair-s5,276,5,1297036967561789440,0,90,0,0,0,0,0
reply27-repair-s5,277,5,1297037792211116032,0,90,0,0,0,0,0
reply27-repair-s5,278,5,1297318167660466176,0,90,0,0,0,0,0
reply27-repair-s5,279,5,1297318442537324544,0,90,0,0,0,0,0
reply27-repair-s5,280,5,1297318717415231488,0,90,0,0,0,0,0
reply27-repair-s5,281,5,1297599642636681216,0,90,0,0,0,0,0
reply27-repair-s5,282,5,1297599643710390272,0,90,0,0,0,0,0
reply27-repair-s5,283,5,1307170341600100352,0,90,0,0,0,0,0
reply27-repair-s5,284,5,1333065489836015616,0,90,0,0,0,0,0
reply27-repair-s5,285,5,1369094286721810432,0,90,0,0,0,0,0
reply27-repair-s5,286,5,1441151885191938048,0,90,0,0,0,0,0
reply27-repair-s5,287,5,1441714830850392064,0,90,0,0,0,0,0
reply27-repair-s5,288,5,1442277780800667648,0,90,0,0,0,0,0
reply27-repair-s5,289,5,1585267069102850056,0,90,0,0,0,0,0
reply27-repair-s5,290,5,5908722711110107137,0,90,0,0,0,0,0
reply27-repair-s5,291,5,5908722711110111232,0,90,0,0,0,0,0
reply27-repair-s5,292,5,5908722715539275776,0,90,0,0,0,0,0
reply27-repair-s5,293,5,5908723260865921024,0,90,0,0,0,0,0
reply27-repair-s5,294,5,5908723810621734912,0,90,0,0,0,0,0
reply27-repair-s5,295,5,10448351135500075016,0,90,0,0,0,0,0
reply27-repair-s5,296,5,10448351410377457672,0,90,0,0,0,0,0
reply27-repair-s5,297,5,10448914085452972040,0,90,0,0,0,0,0
reply27-repair-s5,298,5,10448351135499550728,4,90,0,0,0,0,0
reply27-repair-s5,299,5,1297036692683882496,16,90,0,0,0,0,0
reply27-repair-s5,300,5,1297036692682702976,8193,90,0,0,0,0,0
reply27-repair-s5,301,5,10376293542535888896,32768,90,0,0,0,0,0
reply27-repair-s5,302,5,1152921521921458176,262144,90,0,0,0,0,0
reply27-repair-s5,303,5,1297041090863431680,262144,90,0,0,0,0,0
reply27-repair-s5,304,5,10448351135499550728,262144,90,0,0,0,0,0
reply27-repair-s5,305,5,1152925902787575808,278528,90,0,0,0,0,0
reply27-repair-s5,306,5,10376293541461659648,33554432,90,0,0,0,0,0
reply27-repair-s5,307,5,1152925911243358208,536870912,90,0,0,0,0,0
reply27-repair-s5,308,5,1152930300699934720,553648128,90,0,0,0,0,0
reply27-repair-s5,309,5,1152921504767279104,0,91,0,0,0,0,0
reply27-repair-s5,310,5,1152921788208906304,0,91,0,0,0,0,0
reply27-repair-s5,311,5,1152921788208910336,0,91,0,0,0,0,0
reply27-repair-s5,312,5,1153202979717779520,0,91,0,0,0,0,0
reply27-repair-s5,313,5,1297036692699750400,0,91,0,0,0,0,0
reply27-repair-s5,314,5,1297036692816921632,0,91,0,0,0,0,0
reply27-repair-s5,315,5,1297037517316423684,0,91,0,0,0,0,0
reply27-repair-s5,316,5,1297107061561098272,0,91,0,0,0,0,0
reply27-repair-s5,317,5,1297177705048965124,0,91,0,0,0,0,0
reply27-repair-s5,318,5,1297318167659418624,0,91,0,0,0,0,0
reply27-repair-s5,319,5,1297599643173519360,0,91,0,0,0,0,0
reply27-repair-s5,320,5,1301821767286788096,0,91,0,0,0,0,0
reply27-repair-s5,321,5,1307187384030330880,0,91,0,0,0,0,0
reply27-repair-s5,322,5,1307732741797707776,0,91,0,0,0,0,0
reply27-repair-s5,323,5,1309421591657971712,0,91,0,0,0,0,0
reply27-repair-s5,324,5,1311673391471656960,0,91,0,0,0,0,0
reply27-repair-s5,325,5,1333065489835884672,0,91,0,0,0,0,0
reply27-repair-s5,326,5,1441151884114001920,0,91,0,0,0,0,0
reply27-repair-s5,327,5,1586392968741257224,0,91,0,0,0,0,0
reply27-repair-s5,328,5,1729382260265713664,0,91,0,0,0,0,0
reply27-repair-s5,329,5,3602879976774303748,0,91,0,0,0,0,0
reply27-repair-s5,330,5,3613012801057980416,0,91,0,0,0,0,0
reply27-repair-s5,331,5,5800636324482383872,0,91,0,0,0,0,0
reply27-repair-s5,332,5,5908722711110107152,0,91,0,0,0,0,0
reply27-repair-s5,333,5,5908722711110115328,0,91,0,0,0,0,0
reply27-repair-s5,334,5,5908722711112204288,0,91,0,0,0,0,0
reply27-repair-s5,335,5,5908722711143661568,0,91,0,0,0,0,0
reply27-repair-s5,336,5,10448351135499552776,0,91,0,0,0,0,0
reply27-repair-s5,337,5,10448351144089485320,0,91,0,0,0,0,0
reply27-repair-s5,338,5,10448421504243728392,0,91,0,0,0,0,0
reply27-repair-s5,339,5,10377419441369513984,4,91,0,0,0,0,0
reply27-repair-s5,340,5,1297036692683882496,8,91,0,0,0,0,0
reply27-repair-s5,341,5,10448351135499550728,16,91,0,0,0,0,0
reply27-repair-s5,342,5,1297036692683882496,32,91,0,0,0,0,0
reply27-repair-s5,343,5,5764607527463419904,64,91,0,0,0,0,0
reply27-repair-s5,344,5,10376293542535364608,72,91,0,0,0,0,0
reply27-repair-s5,345,5,1297036692683882496,8192,91,0,0,0,0,0
reply27-repair-s5,346,5,10376293816339529984,16384,91,0,0,0,0,0
reply27-repair-s5,347,5,10376293541461659648,65536,91,0,0,0,0,0
reply27-repair-s5,348,5,1152921521920934912,262144,91,0,0,0,0,0
reply27-repair-s5,349,5,1152925911377510400,262144,91,0,0,0,0,0
reply27-repair-s5,350,5,1188954699806539776,262144,91,0,0,0,0,0
reply27-repair-s5,351,5,1729382257044488704,33554432,91,0,0,0,0,0
reply27-repair-s5,352,5,10952754293899264000,33554432,91,0,0,0,0,0
reply27-repair-s5,353,5,1152921513196847616,536870912,91,0,0,0,0,0
reply27-repair-s5,354,5,1233986297900564480,536870912,91,0,0,0,0,0
reply27-repair-s5,355,5,1297036692682702976,68719476737,91,0,0,0,0,0
reply27-repair-s5,356,5,1152921504766232576,0,92,0,0,0,0,0
reply27-repair-s5,357,5,1152921788208906496,0,92,0,0,0,0,0
reply27-repair-s5,358,5,1152921788209954816,0,92,0,0,0,0,0
reply27-repair-s5,359,5,1152921788242460672,0,92,0,0,0,0,0
reply27-repair-s5,360,5,1153202981865263104,0,92,0,0,0,0,0
reply27-repair-s5,361,5,1188950304981254144,0,92,0,0,0,0,0
reply27-repair-s5,362,5,1224988169749921792,0,92,0,0,0,0,0
reply27-repair-s5,363,5,1297036692683883008,0,92,0,0,0,0,0
reply27-repair-s5,364,5,1297036692700012544,0,92,0,0,0,0,0
reply27-repair-s5,365,5,1297036692816920616,0,92,0,0,0,0,0
reply27-repair-s5,366,5,1297036692967923712,0,92,0,0,0,0,0
reply27-repair-s5,367,5,1297036693890662432,0,92,0,0,0,0,0
reply27-repair-s5,368,5,1297036696994455552,0,92,0,0,0,0,0
reply27-repair-s5,369,5,1297036701273817088,0,92,0,0,0,0,0
reply27-repair-s5,370,5,1297036967560609798,0,92,0,0,0,0,0
reply27-repair-s5,371,5,1297036967560626180,0,92,0,0,0,0,0
reply27-repair-s5,372,5,1297036967560642564,0,92,0,0,0,0,0
reply27-repair-s5,373,5,1297036967568998404,0,92,0,0,0,0,0
reply27-repair-s5,374,5,1297036967829045252,0,92,0,0,0,0,0
reply27-repair-s5,375,5,1297599642636648576,0,92,0,0,0,0,0
reply27-repair-s5,376,5,1297600742148276224,0,92,0,0,0,0,0
reply27-repair-s5,377,5,1298162592606330880,0,92,0,0,0,0,0
reply27-repair-s5,378,5,1306325366914158592,0,92,0,0,0,0,0
reply27-repair-s5,379,5,1315332566168899584,0,92,0,0,0,0,0
reply27-repair-s5,380,5,1333065489702846464,0,92,0,0,0,0,0
reply27-repair-s5,381,5,1585267068834676744,0,92,0,0,0,0,0
reply27-repair-s5,382,5,1587518868648099848,0,92,0,0,0,0,0
reply27-repair-s5,383,5,1595400167995998208,0,92,0,0,0,0,0
reply27-repair-s5,384,5,5908722745469845504,0,92,0,0,0,0,0
reply27-repair-s5,385,5,5908757895482195968,0,92,0,0,0,0,0
reply27-repair-s5,386,5,10412322613358493952,0,92,0,0,0,0,0
reply27-repair-s5,387,5,10448351135499681800,0,92,0,0,0,0,0
reply27-repair-s5,388,5,10448351135500599304,0,92,0,0,0,0,0
reply27-repair-s5,389,5,10448351137647034376,0,92,0,0,0,0,0
reply27-repair-s5,390,5,10448351152679419912,0,92,0,0,0,0,0
reply27-repair-s5,391,5,10448351272938504200,0,92,0,0,0,0,0
reply27-repair-s5,392,5,10448368727685595144,0,92,0,0,0,0,0
reply27-repair-s5,393,5,1152930575711993856,16,92,0,0,0,0,0
reply27-repair-s5,394,5,1154047404648955904,16,92,0,0,0,0,0
reply27-repair-s5,395,5,1873497444986126592,16,92,0,0,0,0,0
reply27-repair-s5,396,5,1154047404648955904,32,92,0,0,0,0,0
reply27-repair-s5,397,5,10376293541461623808,72,92,0,0,0,0,0
reply27-repair-s5,398,5,10376293541595840512,32770,92,0,0,0,0,0
reply27-repair-s5,399,5,10448351135499550728,131072,92,0,0,0,0,0
reply27-repair-s5,400,5,1729382261339455488,33554432,92,0,0,0,0,0
reply27-repair-s5,401,5,10448351135499550728,33554432,92,0,0,0,0,0
reply27-repair-s5,402,5,10448351135499550728,134217728,92,0,0,0,0,0
reply27-repair-s5,403,5,1152956688981037056,536870912,92,0,0,0,0,0
reply27-repair-s5,404,5,1152965485071962112,536870912,92,0,0,0,0,0
reply27-repair-s5,405,5,1152930300699934720,536870916,92,0,0,0,0,0
reply27-repair-s5,406,5,1152930300699934720,536870920,92,0,0,0,0,0
reply27-repair-s5,407,5,1152921779485802496,536887296,92,0,0,0,0,0
reply27-repair-s5,408,5,1152921504766230530,0,93,0,0,0,0,0
reply27-repair-s5,409,5,1152921504766230532,0,93,0,0,0,0,0
reply27-repair-s5,410,5,1152921504766230592,0,93,0,0,0,0,0
reply27-repair-s5,411,5,1152921504766361600,0,93,0,0,0,0,0
reply27-repair-s5,412,5,1152921788208906241,0,93,0,0,0,0,0
reply27-repair-s5,413,5,1152921788208906256,0,93,0,0,0,0,0
reply27-repair-s5,414,5,1153202979717779584,0,93,0,0,0,0,0
reply27-repair-s5,415,5,1153202988307714048,0,93,0,0,0,0,0
reply27-repair-s5,416,5,1153203529473593344,0,93,0,0,0,0,0
reply27-repair-s5,417,5,1190076201667919872,0,93,0,0,0,0,0
reply27-repair-s5,418,5,1297036692683882497,0,93,0,0,0,0,0
reply27-repair-s5,419,5,1297036692683882560,0,93,0,0,0,0,0
reply27-repair-s5,420,5,1297036692683883520,0,93,0,0,0,0,0
reply27-repair-s5,421,5,1297036692816920610,0,93,0,0,0,0,0
reply27-repair-s5,422,5,1297036692816920864,0,93,0,0,0,0,0
reply27-repair-s5,423,5,1297036692817182752,0,93,0,0,0,0,0
reply27-repair-s5,424,5,1297036692821114912,0,93,0,0,0,0,0
reply27-repair-s5,425,5,1297036694964404256,0,93,0,0,0,0,0
reply27-repair-s5,426,5,1297036727043620864,0,93,0,0,0,0,0
reply27-repair-s5,427,5,1298725542543491072,0,93,0,0,0,0,0
reply27-repair-s5,428,5,1301540292311252992,0,93,0,0,0,0,0
reply27-repair-s5,429,5,1307171990867542016,0,93,0,0,0,0,0
reply27-repair-s5,430,5,1315614041146130432,0,93,0,0,0,0,0
reply27-repair-s5,431,5,1333066589347512320,0,93,0,0,0,0,0
reply27-repair-s5,432,5,1441152430652784640,0,93,0,0,0,0,0
reply27-repair-s5,433,5,1441152980408598528,0,93,0,0,0,0,0
reply27-repair-s5,434,5,1441160951863705600,0,93,0,0,0,0,0
reply27-repair-s5,435,5,1585267068834414728,0,93,0,0,0,0,0
reply27-repair-s5,436,5,1585267068834414856,0,93,0,0,0,0,0
reply27-repair-s5,437,5,1585267068834545672,0,93,0,0,0,0,0
reply27-repair-s5,438,5,1585267618590228488,0,93,0,0,0,0,0
reply27-repair-s5,439,5,1873497444986126624,0,93,0,0,0,0,0
reply27-repair-s5,440,5,1873778919962837248,0,93,0,0,0,0,0
reply27-repair-s5,441,5,5908722715405074432,0,93,0,0,0,0,0
reply27-repair-s5,442,5,5917729910364848128,0,93,0,0,0,0,0
reply27-repair-s5,443,5,10448351135499558920,0,93,0,0,0,0,0
reply27-repair-s5,444,5,10448914085452980224,0,93,0,0,0,0,0
reply27-repair-s5,445,5,1154047404648955904,8,93,0,0,0,0,0
reply27-repair-s5,446,5,1873497444986126592,8,93,0,0,0,0,0
reply27-repair-s5,447,5,5908722711110107136,8,93,0,0,0,0,0
reply27-repair-s5,448,5,1152921507962290176,32,93,0,0,0,0,0
reply27-repair-s5,449,5,10376293816339529984,32,93,0,0,0,0,0
reply27-repair-s5,450,5,10377419441369513984,32,93,0,0,0,0,0
reply27-repair-s5,451,5,14987979559889010816,32,93,0,0,0,0,0
reply27-repair-s5,452,5,10376293541595840512,34,93,0,0,0,0,0
reply27-repair-s5,453,5,10376856491415052288,64,93,0,0,0,0,0
reply27-repair-s5,454,5,10376293541462671360,72,93,0,0,0,0,0
reply27-repair-s5,455,5,10376293678900576256,72,93,0,0,0,0,0
reply27-repair-s5,456,5,5908722711110107136,8192,93,0,0,0,0,0
reply27-repair-s5,457,5,10376293541461659648,16384,93,0,0,0,0,0
reply27-repair-s5,458,5,1297036692682702976,16385,93,0,0,0,0,0
reply27-repair-s5,459,5,10664523917613596672,65536,93,0,0,0,0,0
reply27-repair-s5,460,5,1297036692683882496,262144,93,0,0,0,0,0
reply27-repair-s5,461,5,1152925902787575808,262148,93,0,0,0,0,0
reply27-repair-s5,462,5,10376293816339529984,16777216,93,0,0,0,0,0
reply27-repair-s5,463,5,10376293541595840544,67108864,93,0,0,0,0,0
reply27-repair-s5,464,5,1152921513197895680,536870912,93,0,0,0,0,0
reply27-repair-s5,465,5,1188959097718898688,536870912,93,0,0,0,0,0
reply27-repair-s5,466,5,1152921504766231552,0,94,0,0,0,0,0
reply27-repair-s5,467,5,1152921504766492672,0,94,0,0,0,0,0
reply27-repair-s5,468,5,1152921504766754816,0,94,0,0,0,0,0
reply27-repair-s5,469,5,1152921788208907264,0,94,0,0,0,0,0
reply27-repair-s5,470,5,1152921788208914432,0,94,0,0,0,0,0
reply27-repair-s5,471,5,1153202979719876608,0,94,0,0,0,0,0
reply27-repair-s5,472,5,1188959372730957824,0,94,0,0,0,0,0
reply27-repair-s5,473,5,1297036692699489280,0,94,0,0,0,0,0
reply27-repair-s5,474,5,1297036692816928800,0,94,0,0,0,0,0
reply27-repair-s5,475,5,1297036697111887904,0,94,0,0,0,0,0
reply27-repair-s5,476,5,1297036701406855200,0,94,0,0,0,0,0
reply27-repair-s5,477,5,1297036967560610308,0,94,0,0,0,0,0
reply27-repair-s5,478,5,1297036967560610820,0,94,0,0,0,0,0
reply27-repair-s5,479,5,1297036967560871940,0,94,0,0,0,0,0
reply27-repair-s5,480,5,1297036967577395200,0,94,0,0,0,0,0
reply27-repair-s5,481,5,1297036967594164228,0,94,0,0,0,0,0
reply27-repair-s5,482,5,1297045488776904704,0,94,0,0,0,0,0
reply27-repair-s5,483,5,1297045488909942816,0,94,0,0,0,0,0
reply27-repair-s5,484,5,1297318167659417728,0,94,0,0,0,0,0
reply27-repair-s5,485,5,1297320366682673152,0,94,0,0,0,0,0
reply27-repair-s5,486,5,1297326963752439808,0,94,0,0,0,0,0
reply27-repair-s5,487,5,1297634827008737280,0,94,0,0,0,0,0
reply27-repair-s5,488,5,1297740380125003776,0,94,0,0,0,0,0
reply27-repair-s5,489,5,1299288492513173504,0,94,0,0,0,0,0
reply27-repair-s5,490,5,1299851442450333696,0,94,0,0,0,0,0
reply27-repair-s5,491,5,1301540292310343680,0,94,0,0,0,0,0
reply27-repair-s5,492,5,1325184190353768448,0,94,0,0,0,0,0
reply27-repair-s5,493,5,1333065491983368192,0,94,0,0,0,0,0
reply27-repair-s5,494,5,1585267070981898248,0,94,0,0,0,0,0
reply27-repair-s5,495,5,1585268168346042376,0,94,0,0,0,0,0
reply27-repair-s5,496,5,1585830018788360192,0,94,0,0,0,0,0
reply27-repair-s5,497,5,1873497445120344320,0,94,0,0,0,0,0
reply27-repair-s5,498,5,1874060394939547904,0,94,0,0,0,0,0
reply27-repair-s5,499,5,5908722711110109184,0,94,0,0,0,0,0
reply27-repair-s5,500,5,5908722711110631424,0,94,0,0,0,0,0
reply27-repair-s5,501,5,5908722719700041728,0,94,0,0,0,0,0
reply27-repair-s5,502,5,6052837899324358656,0,94,0,0,0,0,0
reply27-repair-s5,503,5,10448351135499550729,0,94,0,0,0,0,0
reply27-repair-s5,504,5,10448351135499550744,0,94,0,0,0,0,0
reply27-repair-s5,505,5,10448351139794518024,0,94,0,0,0,0,0
reply27-repair-s5,506,5,10448353334522806280,0,94,0,0,0,0,0
reply27-repair-s5,507,5,1154047404648955904,4,94,0,0,0,0,0
reply27-repair-s5,508,5,5908722711110107136,4,94,0,0,0,0,0
reply27-repair-s5,509,5,10376293541461659648,4,94,0,0,0,0,0
reply27-repair-s5,510,5,1152921507962290176,16,94,0,0,0,0,0
reply27-repair-s5,511,5,10376293541595840544,16,94,0,0,0,0,0
reply27-repair-s5,512,5,10376610200810422272,16,94,0,0,0,0,0
reply27-repair-s5,513,5,10376293541461659648,32,94,0,0,0,0,0
reply27-repair-s5,514,5,10376293541595840544,8192,94,0,0,0,0,0
reply27-repair-s5,515,5,10448351135499550728,8192,94,0,0,0,0,0
reply27-repair-s5,516,5,10376293541595840512,8194,94,0,0,0,0,0
reply27-repair-s5,517,5,1297036692683882496,16384,94,0,0,0,0,0
reply27-repair-s5,518,5,10448351135499550728,16384,94,0,0,0,0,0
reply27-repair-s5,519,5,1154047404648955904,32768,94,0,0,0,0,0
reply27-repair-s5,520,5,1297599642636648448,131072,94,0,0,0,0,0
reply27-repair-s5,521,5,1152921521921982464,262144,94,0,0,0,0,0
reply27-repair-s5,522,5,1152921524068417536,262144,94,0,0,0,0,0
reply27-repair-s5,523,5,1297599642636648448,262144,94,0,0,0,0,0
reply27-repair-s5,524,5,1301540292310335488,262144,94,0,0,0,0,0
reply27-repair-s5,525,5,1297036692683882496,16777216,94,0,0,0,0,0
reply27-repair-s5,526,5,1297036692682702976,16777217,94,0,0,0,0,0
reply27-repair-s5,527,5,1297036692682702976,67108865,94,0,0,0,0,0
reply27-repair-s5,528,5,1152956688979988480,536870912,94,0,0,0,0,0
reply27-repair-s5,529,5,1161963888233680896,536870912,94,0,0,0,0,0
reply27-repair-s5,530,5,1197957500881600512,536870912,94,0,0,0,0,0
reply27-repair-s5,531,5,1729382256918659584,536870912,94,0,0,0,0,0
reply27-repair-s5,532,5,1152921504607895552,537141248,94,0,0,0,0,0
reply27-repair-s5,533,5,1161928703862636544,553648128,94,0,0,0,0,0
reply27-repair-s5,534,5,1152930300699934720,570425344,94,0,0,0,0,0
reply27-repair-s5,535,5,1152921504766230656,0,95,0,0,0,0,0
reply27-repair-s5,536,5,1153000944456171520,0,95,0,0,0,0,0
reply27-repair-s5,537,5,1153202980254650368,0,95,0,0,0,0,0
reply27-repair-s5,538,5,1153205178741035008,0,95,0,0,0,0,0
reply27-repair-s5,539,5,1153207377764290560,0,95,0,0,0,0,0
reply27-repair-s5,540,5,1297036692699488320,0,95,0,0,0,0,0
reply27-repair-s5,541,5,1297036692816921120,0,95,0,0,0,0,0
reply27-repair-s5,542,5,1297036692819017760,0,95,0,0,0,0,0
reply27-repair-s5,543,5,1297036696038146048,0,95,0,0,0,0,0
reply27-repair-s5,544,5,1297036709863751680,0,95,0,0,0,0,0
reply27-repair-s5,545,5,1297036967560609812,0,95,0,0,0,0,0
reply27-repair-s5,546,5,1297036967561658372,0,95,0,0,0,0,0
reply27-repair-s5,547,5,1297041090730393600,0,95,0,0,0,0,0
reply27-repair-s5,548,5,1297054285002965024,0,95,0,0,0,0,0
reply27-repair-s5,549,5,1297054559746654212,0,95,0,0,0,0,0
reply27-repair-s5,550,5,1297318167659417664,0,95,0,0,0,0,0
reply27-repair-s5,551,5,1297599642636648450,0,95,0,0,0,0,0
reply27-repair-s5,552,5,1301541391821963264,0,95,0,0,0,0,0
reply27-repair-s5,553,5,1301575476682424320,0,95,0,0,0,0,0
reply27-repair-s5,554,5,1307169791844287488,0,95,0,0,0,0,0
reply27-repair-s5,555,5,1307169860563763200,0,95,0,0,0,0,0
reply27-repair-s5,556,5,1315051366070091780,0,95,0,0,0,0,0
reply27-repair-s5,557,5,1333065489835885568,0,95,0,0,0,0,0
reply27-repair-s5,558,5,1333065764579573764,0,95,0,0,0,0,0
reply27-repair-s5,559,5,1379227385882214400,0,95,0,0,0,0,0
reply27-repair-s5,560,5,1441151880897101824,0,95,0,0,0,0,0
reply27-repair-s5,561,5,1443403680710656000,0,95,0,0,0,0,0
reply27-repair-s5,562,5,1445655480524341248,0,95,0,0,0,0,0
reply27-repair-s5,563,5,1585267068834938888,0,95,0,0,0,0,0
reply27-repair-s5,564,5,1585269267857670152,0,95,0,0,0,0,0
reply27-repair-s5,565,5,1585271466880925704,0,95,0,0,0,0,0
reply27-repair-s5,566,5,1873497994741940480,0,95,0,0,0,0,0
reply27-repair-s5,567,5,1873532629358215424,0,95,0,0,0,0,0
reply27-repair-s5,568,5,1873567813730304256,0,95,0,0,0,0,0
reply27-repair-s5,569,5,3607383301524029440,0,95,0,0,0,0,0
reply27-repair-s5,570,5,10448351135499550730,0,95,0,0,0,0,0
reply27-repair-s5,571,5,10448351135499550856,0,95,0,0,0,0,0
reply27-repair-s5,572,5,10376293542535888896,4,95,0,0,0,0,0
reply27-repair-s5,573,5,1297599642636648448,8,95,0,0,0,0,0
reply27-repair-s5,574,5,10376293575821361152,72,95,0,0,0,0,0
reply27-repair-s5,575,5,10376293610181099520,72,95,0,0,0,0,0
reply27-repair-s5,576,5,1152921507962290176,8192,95,0,0,0,0,0
reply27-repair-s5,577,5,5764607527463419904,8192,95,0,0,0,0,0
reply27-repair-s5,578,5,10664523917613596672,8192,95,0,0,0,0,0
reply27-repair-s5,579,5,1154047404648955904,16384,95,0,0,0,0,0
reply27-repair-s5,580,5,5908722711110107136,32768,95,0,0,0,0,0
reply27-repair-s5,581,5,1152930575711993856,65536,95,0,0,0,0,0
reply27-repair-s5,582,5,10376293541595840544,65536,95,0,0,0,0,0
reply27-repair-s5,583,5,1153484454695534592,16777216,95,0,0,0,0,0
reply27-repair-s5,584,5,10376856491549261824,16777216,95,0,0,0,0,0
reply27-repair-s5,585,5,10376293542535888896,33554432,95,0,0,0,0,0
reply27-repair-s5,586,5,10376363910205816832,268435456,95,0,0,0,0,0
reply27-repair-s5,587,5,1152956688978940928,536870912,95,0,0,0,0,0
reply27-repair-s5,588,5,1152956691126423552,536870912,95,0,0,0,0,0
reply27-repair-s5,589,5,1152921779484754944,536887296,95,0,0,0,0,0
reply27-repair-s5,590,5,1441151880759607296,553648128,95,0,0,0,0,0
reply27-repair-s5,591,5,1161928703862636544,570425344,95,0,0,0,0,0
reply27-repair-s5,592,5,1152921504766230784,0,96,0,0,0,0,0
reply27-repair-s5,593,5,1152921790356389888,0,96,0,0,0,0,0
reply27-repair-s5,594,5,1152992156953083904,0,96,0,0,0,0,0
reply27-repair-s5,595,5,1153202979717779968,0,96,0,0,0,0,0
reply27-repair-s5,596,5,1153211775810801664,0,96,0,0,0,0,0
reply27-repair-s5,597,5,1297036692699488512,0,96,0,0,0,0,0
reply27-repair-s5,598,5,1297036692699488768,0,96,0,0,0,0,0
reply27-repair-s5,599,5,1297036692817444896,0,96,0,0,0,0,0
reply27-repair-s5,600,5,1297036967560609860,0,96,0,0,0,0,0
reply27-repair-s5,601,5,1297036967560611844,0,96,0,0,0,0,0
reply27-repair-s5,602,5,1297038891722743808,0,96,0,0,0,0,0
reply27-repair-s5,603,5,1297041365607120900,0,96,0,0,0,0,0
reply27-repair-s5,604,5,1297318168196288512,0,96,0,0,0,0,0
reply27-repair-s5,605,5,1297318169806901248,0,96,0,0,0,0,0
reply27-repair-s5,606,5,1297322565705928704,0,96,0,0,0,0,0
reply27-repair-s5,607,5,1297599642636648960,0,96,0,0,0,0,0
reply27-repair-s5,608,5,1297599642645037056,0,96,0,0,0,0,0
reply27-repair-s5,609,5,1301540842066149376,0,96,0,0,0,0,0
reply27-repair-s5,610,5,1301542491333591040,0,96,0,0,0,0,0
reply27-repair-s5,611,5,1307169791877840896,0,96,0,0,0,0,0
reply27-repair-s5,612,5,1307169929283239936,0,96,0,0,0,0,0
reply27-repair-s5,613,5,1315051091193364480,0,96,0,0,0,0,0
reply27-repair-s5,614,5,1333065489835884608,0,96,0,0,0,0,0
reply27-repair-s5,615,5,1333065489836408832,0,96,0,0,0,0,0
reply27-repair-s5,616,5,1333065489837981696,0,96,0,0,0,0,0
reply27-repair-s5,617,5,1333065494130851840,0,96,0,0,0,0,0
reply27-repair-s5,618,5,1369657236674576384,0,96,0,0,0,0,0
reply27-repair-s5,619,5,1585267068834414664,0,96,0,0,0,0,0
reply27-repair-s5,620,5,1873497444986130688,0,96,0,0,0,0,0
reply27-repair-s5,621,5,1873497444987175168,0,96,0,0,0,0,0
reply27-repair-s5,622,5,1873497444994515200,0,96,0,0,0,0,0
reply27-repair-s5,623,5,1873638182474481920,0,96,0,0,0,0,0
reply27-repair-s5,624,5,5908722711110107138,0,96,0,0,0,0,0
reply27-repair-s5,625,5,5908722711110107144,0,96,0,0,0,0,0
reply27-repair-s5,626,5,5908722711110107200,0,96,0,0,0,0,0
reply27-repair-s5,627,5,10412392707224780800,0,96,0,0,0,0,0
reply27-repair-s5,628,5,10448351135499551240,0,96,0,0,0,0,0
reply27-repair-s5,629,5,10448351135499567112,0,96,0,0,0,0,0
reply27-repair-s5,630,5,1297036692683882496,4,96,0,0,0,0,0
reply27-repair-s5,631,5,5764607527463419904,8,96,0,0,0,0,0
reply27-repair-s5,632,5,10377419441369513984,8,96,0,0,0,0,0
reply27-repair-s5,633,5,14987979559889010816,8,96,0,0,0,0,0
reply27-repair-s5,634,5,10376293541461659648,16,96,0,0,0,0,0
reply27-repair-s5,635,5,10376293542535888896,16,96,0,0,0,0,0
reply27-repair-s5,636,5,10377419441369513984,16,96,0,0,0,0,0
reply27-repair-s5,637,5,1307169791844286464,32,96,0,0,0,0,0
reply27-repair-s5,638,5,1873497444986126592,32,96,0,0,0,0,0
reply27-repair-s5,639,5,1152930575711993856,8192,96,0,0,0,0,0
reply27-repair-s5,640,5,1152930575711993856,16384,96,0,0,0,0,0
reply27-repair-s5,641,5,1297599642636648448,16384,96,0,0,0,0,0
reply27-repair-s5,642,5,1297036692683882496,32768,96,0,0,0,0,0
reply27-repair-s5,643,5,10376293541595840544,32768,96,0,0,0,0,0
reply27-repair-s5,644,5,14987979559889010816,32768,96,0,0,0,0,0
reply27-repair-s5,645,5,1297599642636648448,65536,96,0,0,0,0,0
reply27-repair-s5,646,5,5764607527463419904,65536,96,0,0,0,0,0
reply27-repair-s5,647,5,12682136550675316740,131072,96,0,0,0,0,0
reply27-repair-s5,648,5,1152943494973620224,262144,96,0,0,0,0,0
reply27-repair-s5,649,5,1152961087159664640,262144,96,0,0,0,0,0
reply27-repair-s5,650,5,1152925902787575808,262160,96,0,0,0,0,0
reply27-repair-s5,651,5,1152930575711993856,16777216,96,0,0,0,0,0
reply27-repair-s5,652,5,1153484454695010304,16777216,96,0,0,0,0,0
reply27-repair-s5,653,5,1154047404648955904,16777216,96,0,0,0,0,0
reply27-repair-s5,654,5,10377419441369513984,16777216,96,0,0,0,0,0
reply27-repair-s5,655,5,1153484454694486016,16777218,96,0,0,0,0,0
reply27-repair-s5,656,5,1153484454694486016,16779264,96,0,0,0,0,0
reply27-repair-s5,657,5,1154047404648955904,33554432,96,0,0,0,0,0
reply27-repair-s5,658,5,10377419441369513984,33554432,96,0,0,0,0,0
reply27-repair-s5,659,5,10664523917613596672,33554432,96,0,0,0,0,0
reply27-repair-s5,660,5,10376293541595840512,33554434,96,0,0,0,0,0
reply27-repair-s5,661,5,1729382257044488192,41943040,96,0,0,0,0,0
reply27-repair-s5,662,5,1297036692683882496,134217728,96,0,0,0,0,0
reply27-repair-s5,663,5,1297036692682702976,268435457,96,0,0,0,0,0
reply27-repair-s5,664,5,1152921513196848128,536870912,96,0,0,0,0,0
reply27-repair-s5,665,5,1152921513198944256,536870912,96,0,0,0,0,0
reply27-repair-s5,666,5,1152956693273907200,536870912,96,0,0,0,0,0
reply27-repair-s5,667,5,1152961087025451008,536870912,96,0,0,0,0,0
reply27-repair-s5,668,5,1152921504606847488,637534208,96,0,0,0,0,0
reply27-repair-s5,669,5,1152921788208906242,0,97,0,0,0,0,0
reply27-repair-s5,670,5,1152921788208906752,0,97,0,0,0,0,0
reply27-repair-s5,671,5,1152921788745777152,0,97,0,0,0,0,0
reply27-repair-s5,672,5,1152956692334379008,0,97,0,0,0,0,0
reply27-repair-s5,673,5,1152956972580995072,0,97,0,0,0,0,0
reply27-repair-s5,674,5,1224979102000218112,0,97,0,0,0,0,0
reply27-repair-s5,675,5,1297036692683882498,0,97,0,0,0,0,0
reply27-repair-s5,676,5,1297036692683882504,0,97,0,0,0,0,0
reply27-repair-s5,677,5,1297036692683882512,0,97,0,0,0,0,0
reply27-repair-s5,678,5,1297036692692271104,0,97,0,0,0,0,0
reply27-repair-s5,679,5,1297036692816922656,0,97,0,0,0,0,0
reply27-repair-s5,680,5,1297036693773230080,0,97,0,0,0,0,0
reply27-repair-s5,681,5,1297036709996789792,0,97,0,0,0,0,0
reply27-repair-s5,682,5,1297036971855577092,0,97,0,0,0,0,0
reply27-repair-s5,683,5,1297038067072237572,0,97,0,0,0,0,0
reply27-repair-s5,684,5,1297041090745999360,0,97,0,0,0,0,0
reply27-repair-s5,685,5,1297045488792510464,0,97,0,0,0,0,0
reply27-repair-s5,686,5,1297318167659418112,0,97,0,0,0,0,0
reply27-repair-s5,687,5,1297318171954384896,0,97,0,0,0,0,0
reply27-repair-s5,688,5,1297599642636910592,0,97,0,0,0,0,0
reply27-repair-s5,689,5,1297599642670202880,0,97,0,0,0,0,0
reply27-repair-s5,690,5,1297599676996386816,0,97,0,0,0,0,0
reply27-repair-s5,691,5,1297608438729670656,0,97,0,0,0,0,0
reply27-repair-s5,692,5,1297617234822692864,0,97,0,0,0,0,0
reply27-repair-s5,693,5,1301540294457819136,0,97,0,0,0,0,0
reply27-repair-s5,694,5,1302103242264018944,0,97,0,0,0,0,0
reply27-repair-s5,695,5,1307169791861063680,0,97,0,0,0,0,0
reply27-repair-s5,696,5,1307169792112721920,0,97,0,0,0,0,0
reply27-repair-s5,697,5,1307169792381157376,0,97,0,0,0,0,0
reply27-repair-s5,698,5,1307174189890797568,0,97,0,0,0,0,0
reply27-repair-s5,699,5,1315051091208970240,0,97,0,0,0,0,0
reply27-repair-s5,700,5,1333065489836146688,0,97,0,0,0,0,0
reply27-repair-s5,701,5,1333065490372755456,0,97,0,0,0,0,0
reply27-repair-s5,702,5,1333069887882395648,0,97,0,0,0,0,0
reply27-repair-s5,703,5,1441151880896970816,0,97,0,0,0,0,0
reply27-repair-s5,704,5,1441151880898019328,0,97,0,0,0,0,0
reply27-repair-s5,705,5,1441151880899067904,0,97,0,0,0,0,0
reply27-repair-s5,706,5,1585267068834415624,0,97,0,0,0,0,0
reply27-repair-s5,707,5,1585267068835463176,0,97,0,0,0,0,0
reply27-repair-s5,708,5,1585267069908156424,0,97,0,0,0,0,0
reply27-repair-s5,709,5,1589770668462047232,0,97,0,0,0,0,0
reply27-repair-s5,710,5,1873497444986134784,0,97,0,0,0,0,0
reply27-repair-s5,711,5,1873497444986257664,0,97,0,0,0,0,0
reply27-repair-s5,712,5,1873497513705603328,0,97,0,0,0,0,0
reply27-repair-s5,713,5,1873498544497754368,0,97,0,0,0,0,0
reply27-repair-s5,714,5,5908722711110107392,0,97,0,0,0,0,0
reply27-repair-s5,715,5,5908722711110107648,0,97,0,0,0,0,0
reply27-repair-s5,716,5,5908722711110108160,0,97,0,0,0,0,0
reply27-repair-s5,717,5,5908722711114301440,0,97,0,0,0,0,0
reply27-repair-s5,718,5,5908722713257590784,0,97,0,0,0,0,0
reply27-repair-s5,719,5,10448351135499550732,0,97,0,0,0,0,0
reply27-repair-s5,720,5,10448351135499812872,0,97,0,0,0,0,0
reply27-repair-s5,721,5,10448351135503745032,0,97,0,0,0,0,0
reply27-repair-s5,722,5,10448351135767986184,0,97,0,0,0,0,0
reply27-repair-s5,723,5,10466365534009032712,0,97,0,0,0,0,0
reply27-repair-s5,724,5,1152921507962290176,4,97,0,0,0,0,0
reply27-repair-s5,725,5,1297036692682702976,5,97,0,0,0,0,0
reply27-repair-s5,726,5,1297599642636648448,16,97,0,0,0,0,0
reply27-repair-s5,727,5,1307169791844286464,16,97,0,0,0,0,0
reply27-repair-s5,728,5,10376856491415052288,16,97,0,0,0,0,0
reply27-repair-s5,729,5,1152930575711993856,32,97,0,0,0,0,0
reply27-repair-s5,730,5,5764607527463419904,32,97,0,0,0,0,0
reply27-repair-s5,731,5,10376610200810422272,32,97,0,0,0,0,0
reply27-repair-s5,732,5,10376363910205816832,64,97,0,0,0,0,0
reply27-repair-s5,733,5,10376293541461688320,72,97,0,0,0,0,0
reply27-repair-s5,734,5,10376293558641491968,72,97,0,0,0,0,0
reply27-repair-s5,735,5,10376293816339529728,72,97,0,0,0,0,0
reply27-repair-s5,736,5,10376294091217436672,72,97,0,0,0,0,0
reply27-repair-s5,737,5,10376293541461659648,8192,97,0,0,0,0,0
reply27-repair-s5,738,5,10376293542535888896,8192,97,0,0,0,0,0
reply27-repair-s5,739,5,10377419441369513984,8192,97,0,0,0,0,0
reply27-repair-s5,740,5,10377419441369513984,16384,97,0,0,0,0,0
reply27-repair-s5,741,5,1297036692682702976,32769,97,0,0,0,0,0
reply27-repair-s5,742,5,1873497444986126592,65536,97,0,0,0,0,0
reply27-repair-s5,743,5,10376856491415052288,65536,97,0,0,0,0,0
reply27-repair-s5,744,5,1152921521920934144,262144,97,0,0,0,0,0
reply27-repair-s5,745,5,1152921521920934400,262144,97,0,0,0,0,0
reply27-repair-s5,746,5,1152921521923031040,262144,97,0,0,0,0,0
reply27-repair-s5,747,5,10376293541461659648,16777216,97,0,0,0,0,0
reply27-repair-s5,748,5,1152925902787575808,17039360,97,0,0,0,0,0
reply27-repair-s5,749,5,1297036692683882496,33554432,97,0,0,0,0,0
reply27-repair-s5,750,5,1729382257045536768,33554432,97,0,0,0,0,0
reply27-repair-s5,751,5,1729382257044488192,33556480,97,0,0,0,0,0
reply27-repair-s5,752,5,1152925902787575808,33816576,97,0,0,0,0,0
reply27-repair-s5,753,5,1152930575711993856,67108864,97,0,0,0,0,0
reply27-repair-s5,754,5,12682136550675316740,67108864,97,0,0,0,0,0
reply27-repair-s5,755,5,10376293541461659648,134217728,97,0,0,0,0,0
reply27-repair-s5,756,5,1297036692683882496,268435456,97,0,0,0,0,0
reply27-repair-s5,757,5,1152947892885979136,536870912,97,0,0,0,0,0
reply27-repair-s5,758,5,1152956688978940416,536870912,97,0,0,0,0,0
reply27-repair-s5,759,5,1729382256919707648,536870912,97,0,0,0,0,0
reply27-repair-s5,760,5,1161928703862636544,536870920,97,0,0,0,0,0
reply27-repair-s5,761,5,1152921506758524928,536871040,97,0,0,0,0,0
reply27-repair-s5,762,5,1152921779486851072,536887296,97,0,0,0,0,0
reply27-repair-s5,763,5,1152930300699934720,536887296,97,0,0,0,0,0
reply27-repair-s5,764,5,1154047404648955904,34359738368,97,0,0,0,0,0
reply27-repair-s5,765,5,10377419441369513984,34359738368,97,0,0,0,0,0
reply27-repair-s5,766,5,1152930300699934720,34896609280,97,0,0,0,0,0
reply27-repair-s5,767,5,1152921504766231040,0,98,0,0,0,0,0
reply27-repair-s5,768,5,1152921504768327680,0,98,0,0,0,0,0
reply27-repair-s5,769,5,1152921516552224768,0,98,0,0,0,0,0
reply27-repair-s5,770,5,1152921525142159360,0,98,0,0,0,0,0
reply27-repair-s5,771,5,1152921542322028544,0,98,0,0,0,0,0
reply27-repair-s5,772,5,1152921788209430528,0,98,0,0,0,0,0
reply27-repair-s5,773,5,1152921788211003392,0,98,0,0,0,0,0
reply27-repair-s5,774,5,1152939100148334592,0,98,0,0,0,0,0
reply27-repair-s5,775,5,1297036692688076800,0,98,0,0,0,0,0
reply27-repair-s5,776,5,1297036967560610052,0,98,0,0,0,0,0
reply27-repair-s5,777,5,1297041090863431712,0,98,0,0,0,0,0
reply27-repair-s5,778,5,1297599642636650496,0,98,0,0,0,0,0
reply27-repair-s5,779,5,1297599642636664832,0,98,0,0,0,0,0
reply27-repair-s5,780,5,1297599642638745600,0,98,0,0,0,0,0
reply27-repair-s5,781,5,1297599642653425664,0,98,0,0,0,0,0
reply27-repair-s5,782,5,1297599642703757312,0,98,0,0,0,0,0
reply27-repair-s5,783,5,1297599644784132096,0,98,0,0,0,0,0
reply27-repair-s5,784,5,1299288767374295044,0,98,0,0,0,0,0
reply27-repair-s5,785,5,1301540292310335489,0,98,0,0,0,0,0
reply27-repair-s5,786,5,1301540292310335504,0,98,0,0,0,0,0
reply27-repair-s5,787,5,1301540292444291104,0,98,0,0,0,0,0
reply27-repair-s5,788,5,1301610661054513152,0,98,0,0,0,0,0
reply27-repair-s5,789,5,1302103242263756800,0,98,0,0,0,0,0
reply27-repair-s5,790,5,1306043891954229248,0,98,0,0,0,0,0
reply27-repair-s5,791,5,1307169791844286528,0,98,0,0,0,0,0
reply27-repair-s5,792,5,1307169791911395328,0,98,0,0,0,0,0
reply27-repair-s5,793,5,1315051091326402592,0,98,0,0,0,0,0
reply27-repair-s5,794,5,1343198588863250432,0,98,0,0,0,0,0
reply27-repair-s5,795,5,1441151880896970880,0,98,0,0,0,0,0
reply27-repair-s5,796,5,1585275864927436808,0,98,0,0,0,0,0
reply27-repair-s5,797,5,1603281467343896584,0,98,0,0,0,0,0
reply27-repair-s5,798,5,1873497444986126593,0,98,0,0,0,0,0
reply27-repair-s5,799,5,1873497445522997504,0,98,0,0,0,0,0
reply27-repair-s5,800,5,1875749244799811840,0,98,0,0,0,0,0
reply27-repair-s5,801,5,5908731507203129344,0,98,0,0,0,0,0
reply27-repair-s5,802,5,5926737109619589120,0,98,0,0,0,0,0
reply27-repair-s5,803,5,10448351135533105160,0,98,0,0,0,0,0
reply27-repair-s5,804,5,10664523917613596672,4,98,0,0,0,0,0
reply27-repair-s5,805,5,10376293542535888896,8,98,0,0,0,0,0
reply27-repair-s5,806,5,10664523917613596672,8,98,0,0,0,0,0
reply27-repair-s5,807,5,5764607527463419904,16,98,0,0,0,0,0
reply27-repair-s5,808,5,12682136550675316740,32,98,0,0,0,0,0
reply27-repair-s5,809,5,10376610200810422272,64,98,0,0,0,0,0
reply27-repair-s5,810,5,10376293541495177216,72,98,0,0,0,0,0
reply27-repair-s5,811,5,1152921507962290176,16384,98,0,0,0,0,0
reply27-repair-s5,812,5,10376293542535888896,16384,98,0,0,0,0,0
reply27-repair-s5,813,5,1152921507962290176,32768,98,0,0,0,0,0
reply27-repair-s5,814,5,1152930575711993856,32768,98,0,0,0,0,0
reply27-repair-s5,815,5,10376293816339529984,32768,98,0,0,0,0,0
reply27-repair-s5,816,5,10376363910205816832,65536,98,0,0,0,0,0
reply27-repair-s5,817,5,1152921507962290176,16777216,98,0,0,0,0,0
reply27-repair-s5,818,5,1153484456841969664,16777216,98,0,0,0,0,0
reply27-repair-s5,819,5,10448351135499550728,16777216,98,0,0,0,0,0
reply27-repair-s5,820,5,1729382258118230016,33554432,98,0,0,0,0,0
reply27-repair-s5,821,5,1297036692682702976,33554433,98,0,0,0,0,0
reply27-repair-s5,822,5,1152921504741064704,268451842,98,0,0,0,0,0
reply27-repair-s5,823,5,1152921515344330752,536870912,98,0,0,0,0,0
reply27-repair-s5,824,5,1152921517491814400,536870912,98,0,0,0,0,0
reply27-repair-s5,825,5,1152921504612089856,536871040,98,0,0,0,0,0
reply27-repair-s5,826,5,1152930300699934720,536879104,98,0,0,0,0,0
reply27-repair-s5,827,5,1152921779484754432,536887296,98,0,0,0,0,0
reply27-repair-s5,828,5,1161928703862636544,536887296,98,0,0,0,0,0
reply27-repair-s5,829,5,1297036692683882496,34359738368,98,0,0,0,0,0
reply27-repair-s5,830,5,1161928703862636544,34896609280,98,0,0,0,0,0
reply27-repair-s5,831,5,1152921504741065728,1099511635968,98,0,0,0,0,0
reply27-repair-s5,832,5,1152921788208908288,0,99,0,0,0,0,0
reply27-repair-s5,833,5,1152948167898038272,0,99,0,0,0,0,0
reply27-repair-s5,834,5,1152965760084082688,0,99,0,0,0,0,0
reply27-repair-s5,835,5,1297036967562706948,0,99,0,0,0,0,0
reply27-repair-s5,836,5,1297599642636648449,0,99,0,0,0,0,0
reply27-repair-s5,837,5,1297599642636648456,0,99,0,0,0,0,0
reply27-repair-s5,838,5,1297599642636648704,0,99,0,0,0,0,0
reply27-repair-s5,839,5,1297601841659904000,0,99,0,0,0,0,0
reply27-repair-s5,840,5,1301540292310336512,0,99,0,0,0,0,0
reply27-repair-s5,841,5,1301540292310466560,0,99,0,0,0,0,0
reply27-repair-s5,842,5,1301540292311384064,0,99,0,0,0,0,0
reply27-repair-s5,843,5,1301540292578770944,0,99,0,0,0,0,0
reply27-repair-s5,844,5,1302666192217178112,0,99,0,0,0,0,0
reply27-repair-s5,845,5,1306606841891389440,0,99,0,0,0,0,0
reply27-repair-s5,846,5,1307169791844286465,0,99,0,0,0,0,0
reply27-repair-s5,847,5,1307169791844286592,0,99,0,0,0,0,0
reply27-repair-s5,848,5,1307169791844286720,0,99,0,0,0,0,0
reply27-repair-s5,849,5,1307169791844302848,0,99,0,0,0,0,0
reply27-repair-s5,850,5,1307169791844319232,0,99,0,0,0,0,0
reply27-repair-s5,851,5,1333065489835884800,0,99,0,0,0,0,0
reply27-repair-s5,852,5,1333065489835885056,0,99,0,0,0,0,0
reply27-repair-s5,853,5,1333074285928906752,0,99,0,0,0,0,0
reply27-repair-s5,854,5,1337569089463255040,0,99,0,0,0,0,0
reply27-repair-s5,855,5,1351079888345366528,0,99,0,0,0,0,0
reply27-repair-s5,856,5,1441151880896971776,0,99,0,0,0,0,0
reply27-repair-s5,857,5,1450159080151711744,0,99,0,0,0,0,0
reply27-repair-s5,858,5,1585267069371285512,0,99,0,0,0,0,0
reply27-repair-s5,859,5,1589770668461785096,0,99,0,0,0,0,0
reply27-repair-s5,860,5,1873497445002903808,0,99,0,0,0,0,0
reply27-repair-s5,861,5,1873497445053235456,0,99,0,0,0,0,0
reply27-repair-s5,862,5,1873497479345864960,0,99,0,0,0,0,0
reply27-repair-s5,863,5,1873497582425080064,0,99,0,0,0,0,0
reply27-repair-s5,864,5,10448351135501647880,0,99,0,0,0,0,0
reply27-repair-s5,865,5,1152930575711993856,4,99,0,0,0,0,0
reply27-repair-s5,866,5,10376293541595840544,4,99,0,0,0,0,0
reply27-repair-s5,867,5,10376610200810422272,4,99,0,0,0,0,0
reply27-repair-s5,868,5,10376293541595840512,6,99,0,0,0,0,0
reply27-repair-s5,869,5,1307169791844286464,8,99,0,0,0,0,0
reply27-repair-s5,870,5,10376293816339529984,8,99,0,0,0,0,0
reply27-repair-s5,871,5,10376856491415052288,8,99,0,0,0,0,0
reply27-repair-s5,872,5,10376293541595840512,18,99,0,0,0,0,0
reply27-repair-s5,873,5,10376293541461622792,72,99,0,0,0,0,0
reply27-repair-s5,874,5,10376293541461622800,72,99,0,0,0,0,0
reply27-repair-s5,875,5,10376293541461622912,72,99,0,0,0,0,0
reply27-repair-s5,876,5,10376293541461623040,72,99,0,0,0,0,0
reply27-repair-s5,877,5,10376293541461884928,72,99,0,0,0,0,0
reply27-repair-s5,878,5,10376293541462147072,72,99,0,0,0,0,0
reply27-repair-s5,879,5,10376293541478400000,72,99,0,0,0,0,0
reply27-repair-s5,880,5,10376302337554644992,72,99,0,0,0,0,0
reply27-repair-s5,881,5,1297599642636648448,8192,99,0,0,0,0,0
reply27-repair-s5,882,5,14987979559889010816,8192,99,0,0,0,0,0
reply27-repair-s5,883,5,1873497444986126592,16384,99,0,0,0,0,0
reply27-repair-s5,884,5,10376293541595840544,16384,99,0,0,0,0,0
reply27-repair-s5,885,5,10376293541595840512,16386,99,0,0,0,0,0
reply27-repair-s5,886,5,12682136550675316740,65536,99,0,0,0,0,0
reply27-repair-s5,887,5,1873497444986126592,131072,99,0,0,0,0,0
reply27-repair-s5,888,5,10376293542535888896,16777216,99,0,0,0,0,0
reply27-repair-s5,889,5,1152921507962290176,33554432,99,0,0,0,0,0
reply27-repair-s5,890,5,1729384456067743744,33554432,99,0,0,0,0,0
reply27-repair-s5,891,5,1733885856671858688,33554432,99,0,0,0,0,0
reply27-repair-s5,892,5,10376293541595840544,33554432,99,0,0,0,0,0
reply27-repair-s5,893,5,14987979559889010816,33554432,99,0,0,0,0,0
reply27-repair-s5,894,5,1333065489701667840,536870912,99,0,0,0,0,0
reply27-repair-s5,895,5,1333065489703763968,536870912,99,0,0,0,0,0
reply27-repair-s5,896,5,1161928703862636544,536870916,99,0,0,0,0,0
reply27-repair-s5,897,5,1152921504608944128,637534208,99,0,0,0,0,0
reply27-repair-s5,898,5,1297036692682702976,34359738369,99,0,0,0,0,0
reply27-repair-s5,899,5,1297036968097480708,0,100,0,0,0,0,0
reply27-repair-s5,900,5,1297036969708093444,0,100,0,0,0,0,0
reply27-repair-s5,901,5,1297045763653632004,0,100,0,0,0,0,0
reply27-repair-s5,902,5,1297599642636649472,0,100,0,0,0,0,0
reply27-repair-s5,903,5,1297599642640842752,0,100,0,0,0,0,0
reply27-repair-s5,904,5,1297599651226583040,0,100,0,0,0,0,0
reply27-repair-s5,905,5,1301540292310339584,0,100,0,0,0,0,0
reply27-repair-s5,906,5,1301540567187980292,0,100,0,0,0,0,0
reply27-repair-s5,907,5,1301544690356846592,0,100,0,0,0,0,0
reply27-repair-s5,908,5,1307169791844294656,0,100,0,0,0,0,0
reply27-repair-s5,909,5,1307169791846383616,0,100,0,0,0,0,0
reply27-repair-s5,910,5,1307169809024155648,0,100,0,0,0,0,0
reply27-repair-s5,911,5,1307170066722193408,0,100,0,0,0,0,0
reply27-repair-s5,912,5,1333065490909626368,0,100,0,0,0,0,0
reply27-repair-s5,913,5,1441151880897495040,0,100,0,0,0,0,0
reply27-repair-s5,914,5,1441156278943481856,0,100,0,0,0,0,0
reply27-repair-s5,915,5,1585267068836511752,0,100,0,0,0,0,0
reply27-repair-s5,916,5,1585267073129381896,0,100,0,0,0,0,0
reply27-repair-s5,917,5,1594274268089155592,0,100,0,0,0,0,0
reply27-repair-s5,918,5,1873497444986126596,0,100,0,0,0,0,0
reply27-repair-s5,919,5,1873497444986126608,0,100,0,0,0,0,0
reply27-repair-s5,920,5,1873497444986128640,0,100,0,0,0,0,0
reply27-repair-s5,921,5,1873497446059868416,0,100,0,0,0,0,0
reply27-repair-s5,922,5,1873497453576061184,0,100,0,0,0,0,0
reply27-repair-s5,923,5,1878001044613758976,0,100,0,0,0,0,0
reply27-repair-s5,924,5,14987979559889010816,16,100,0,0,0,0,0
reply27-repair-s5,925,5,1873497444986126592,64,100,0,0,0,0,0
reply27-repair-s5,926,5,10376293541461622816,72,100,0,0,0,0,0
reply27-repair-s5,927,5,10376293541470011392,72,100,0,0,0,0,0
reply27-repair-s5,928,5,1873497444986126592,8192,100,0,0,0,0,0
reply27-repair-s5,929,5,5764607527463419904,16384,100,0,0,0,0,0
reply27-repair-s5,930,5,1873497444986126592,32768,100,0,0,0,0,0
reply27-repair-s5,931,5,12682136550675316740,32768,100,0,0,0,0,0
reply27-repair-s5,932,5,1153484454694486528,16777216,100,0,0,0,0,0
reply27-repair-s5,933,5,1153484454694487040,16777216,100,0,0,0,0,0
reply27-repair-s5,934,5,1153484455768227840,16777216,100,0,0,0,0,0
reply27-repair-s5,935,5,1153484458989453312,16777216,100,0,0,0,0,0
reply27-repair-s5,936,5,1157988054321856512,16777216,100,0,0,0,0,0
reply27-repair-s5,937,5,1162491653949227008,16777216,100,0,0,0,0,0
reply27-repair-s5,938,5,1171498853203968000,16777216,100,0,0,0,0,0
reply27-repair-s5,939,5,10376293541595840544,16777216,100,0,0,0,0,0
reply27-repair-s5,940,5,10376293541595840512,16777218,100,0,0,0,0,0
reply27-repair-s5,941,5,1153484454694486016,18874368,100,0,0,0,0,0
reply27-repair-s5,942,5,1152930575711993856,33554432,100,0,0,0,0,0
reply27-repair-s5,943,5,1738389456299229184,33554432,100,0,0,0,0,0
reply27-repair-s5,944,5,1152921509036032000,268451840,100,0,0,0,0,0
reply27-repair-s5,945,5,1152925902787575808,268451840,100,0,0,0,0,0
reply27-repair-s5,946,5,1152921521853826048,536870912,100,0,0,0,0,0
reply27-repair-s5,947,5,1333065489701667328,536870912,100,0,0,0,0,0
reply27-repair-s5,948,5,1729382261213626368,536870912,100,0,0,0,0,0
reply27-repair-s5,949,5,1297599659816517632,0,101,0,0,0,0,0
reply27-repair-s5,950,5,1297604040683159552,0,101,0,0,0,0,0
reply27-repair-s5,951,5,1301540292327112704,0,101,0,0,0,0,0
reply27-repair-s5,952,5,1306044166815350788,0,101,0,0,0,0,0
reply27-repair-s5,953,5,1307169791844286976,0,101,0,0,0,0,0
reply27-repair-s5,954,5,1307169791844288512,0,101,0,0,0,0,0
reply27-repair-s5,955,5,1307169791848480768,0,101,0,0,0,0,0
reply27-repair-s5,956,5,1307169793991770112,0,101,0,0,0,0,0
reply27-repair-s5,957,5,1307169796139253760,0,101,0,0,0,0,0
reply27-repair-s5,958,5,1441151880896971264,0,101,0,0,0,0,0
reply27-repair-s5,959,5,1441154079920226304,0,101,0,0,0,0,0
reply27-repair-s5,960,5,1441160676989992960,0,101,0,0,0,0,0
reply27-repair-s5,961,5,1459166279406452736,0,101,0,0,0,0,0
reply27-repair-s5,962,5,1585267068834415112,0,101,0,0,0,0,0
reply27-repair-s5,963,5,1873497444986126720,0,101,0,0,0,0,0
reply27-repair-s5,964,5,1873497444986127104,0,101,0,0,0,0,0
reply27-repair-s5,965,5,1873497444986192128,0,101,0,0,0,0,0
reply27-repair-s5,966,5,1873497719864033536,0,101,0,0,0,0,0
reply27-repair-s5,967,5,1297599642636648448,4,101,0,0,0,0,0
reply27-repair-s5,968,5,5764607527463419904,4,101,0,0,0,0,0
reply27-repair-s5,969,5,10376293816339529984,4,101,0,0,0,0,0
reply27-repair-s5,970,5,14987979559889010816,4,101,0,0,0,0,0
reply27-repair-s5,971,5,10376293541461622785,72,101,0,0,0,0,0
reply27-repair-s5,972,5,10376293541461753856,72,101,0,0,0,0,0
reply27-repair-s5,973,5,10376293543609106432,72,101,0,0,0,0,0
reply27-repair-s5,974,5,10376295740484878336,72,101,0,0,0,0,0
reply27-repair-s5,975,5,10376297939508133888,72,101,0,0,0,0,0
reply27-repair-s5,976,5,10376293816339529984,8192,101,0,0,0,0,0
reply27-repair-s5,977,5,10376363910205816832,16384,101,0,0,0,0,0
reply27-repair-s5,978,5,14987979559889010816,16384,101,0,0,0,0,0
reply27-repair-s5,979,5,5764607527463419904,32768,101,0,0,0,0,0
reply27-repair-s5,980,5,14987979559889010816,16777216,101,0,0,0,0,0
reply27-repair-s5,981,5,1153484454694486016,16777217,101,0,0,0,0,0
reply27-repair-s5,982,5,1729382257046585344,33554432,101,0,0,0,0,0
reply27-repair-s5,983,5,1729382259191971840,33554432,101,0,0,0,0,0
reply27-repair-s5,984,5,10376293816339529984,33554432,101,0,0,0,0,0
reply27-repair-s5,985,5,1729382259066142720,536870912,101,0,0,0,0,0
reply27-repair-s5,986,5,1152921504606847488,537141248,101,0,0,0,0,0
reply27-repair-s5,987,5,1152921504606848000,537141248,101,0,0,0,0,0
reply27-repair-s5,988,5,1152921504608944128,537141248,101,0,0,0,0,0
reply27-repair-s5,989,5,1297599642636648512,0,102,0,0,0,0,0
reply27-repair-s5,990,5,1301540292310859776,0,102,0,0,0,0,0
reply27-repair-s5,991,5,1307169791844548608,0,102,0,0,0,0,0
reply27-repair-s5,992,5,1307169800434221056,0,102,0,0,0,0,0
reply27-repair-s5,993,5,1307169826204024832,0,102,0,0,0,0,0
reply27-repair-s5,994,5,1307178587937308672,0,102,0,0,0,0,0
reply27-repair-s5,995,5,1373597886348263424,0,102,0,0,0,0,0
reply27-repair-s5,996,5,1873497444986650880,0,102,0,0,0,0,0
reply27-repair-s5,997,5,1873497444990320896,0,102,0,0,0,0,0
reply27-repair-s5,998,5,1873497445254562048,0,102,0,0,0,0,0
reply27-repair-s5,999,5,1873497462165995776,0,102,0,0,0,0,0
reply27-repair-s5,1000,5,1873515037172171008,0,102,0,0,0,0,0
reply27-repair-s5,1001,5,1882504644240867584,0,102,0,0,0,0,0
reply27-repair-s5,1002,5,1873497444986126592,4,102,0,0,0,0,0
reply27-repair-s5,1003,5,12682136550675316740,16,102,0,0,0,0,0
reply27-repair-s5,1004,5,10376293541461622786,72,102,0,0,0,0,0
reply27-repair-s5,1005,5,10376293541461622848,72,102,0,0,0,0,0
reply27-repair-s5,1006,5,10376293541461639168,72,102,0,0,0,0,0
reply27-repair-s5,1007,5,1153484454694486272,16777216,102,0,0,0,0,0
reply27-repair-s5,1008,5,1301540292310335488,16777216,102,0,0,0,0,0
reply27-repair-s5,1009,5,5764607527463419904,16777216,102,0,0,0,0,0
reply27-repair-s5,1010,5,12682136550675316740,16777216,102,0,0,0,0,0
reply27-repair-s5,1011,5,1153484454694486016,25165824,102,0,0,0,0,0
reply27-repair-s5,1012,5,1729382257044489216,33554432,102,0,0,0,0,0
reply27-repair-s5,1013,5,5764607527463419904,33554432,102,0,0,0,0,0
reply27-repair-s5,1014,5,1729382257044488192,33555456,102,0,0,0,0,0
reply27-repair-s5,1015,5,1301540292310335488,268435456,102,0,0,0,0,0
reply27-repair-s5,1016,5,1152921504741064704,276840448,102,0,0,0,0,0
reply27-repair-s5,1017,5,1441151880758559232,553648128,102,0,0,0,0,0
reply27-repair-s5,1018,5,1441151880758559744,553648128,102,0,0,0,0,0
reply27-repair-s5,1019,5,1441151880760655872,553648128,102,0,0,0,0,0
reply27-repair-s5,1020,5,1297599642636648464,0,103,0,0,0,0,0
reply27-repair-s5,1021,5,1297599646931615744,0,103,0,0,0,0,0
reply27-repair-s5,1022,5,1301540292310335492,0,103,0,0,0,0,0
reply27-repair-s5,1023,5,1301540292310335552,0,103,0,0,0,0,0
reply27-repair-s5,1024,5,1301540292444553216,0,103,0,0,0,0,0
reply27-repair-s5,1025,5,1301540429749288960,0,103,0,0,0,0,0
reply27-repair-s5,1026,5,1307169791844286472,0,103,0,0,0,0,0
reply27-repair-s5,1027,5,1307169791844286480,0,103,0,0,0,0,0
reply27-repair-s5,1028,5,1307169791844810752,0,103,0,0,0,0,0
reply27-repair-s5,1029,5,1307169791852675072,0,103,0,0,0,0,0
reply27-repair-s5,1030,5,1337569089329299456,0,103,0,0,0,0,0
reply27-repair-s5,1031,5,1873497449281093888,0,103,0,0,0,0,0
reply27-repair-s5,1032,5,1873499644009382144,0,103,0,0,0,0,0
reply27-repair-s5,1033,5,10376610200810422272,8,103,0,0,0,0,0
reply27-repair-s5,1034,5,1301540292310335488,64,103,0,0,0,0,0
reply27-repair-s5,1035,5,10376293541461630976,72,103,0,0,0,0,0
reply27-repair-s5,1036,5,10376293541730058240,72,103,0,0,0,0,0
reply27-repair-s5,1037,5,10376293541998493696,72,103,0,0,0,0,0
reply27-repair-s5,1038,5,10376293550051557376,72,103,0,0,0,0,0
reply27-repair-s5,1039,5,1297599642636648448,16777216,103,0,0,0,0,0
reply27-repair-s5,1040,5,1729386655090999296,33554432,103,0,0,0,0,0
reply27-repair-s5,1041,5,1729382257044488192,35651584,103,0,0,0,0,0
reply27-repair-s5,1042,5,1729382257044488192,37748736,103,0,0,0,0,0
reply27-repair-s5,1043,5,1152921504741064704,268453888,103,0,0,0,0,0
reply27-repair-s5,1044,5,1301540292310335616,0,104,0,0,0,0,0
reply27-repair-s5,1045,5,1301540292310351872,0,104,0,0,0,0,0
reply27-repair-s5,1046,5,1301540361029812224,0,104,0,0,0,0,0
reply27-repair-s5,1047,5,1301557884496379904,0,104,0,0,0,0,0
reply27-repair-s5,1048,5,1307169791844286466,0,104,0,0,0,0,0
reply27-repair-s5,1049,5,1319554690819817472,0,104,0,0,0,0,0
reply27-repair-s5,1050,5,1873497444986127616,0,104,0,0,0,0,0
reply27-repair-s5,1051,5,1873497444986388736,0,104,0,0,0,0,0
reply27-repair-s5,1052,5,10376856491415052288,4,104,0,0,0,0,0
reply27-repair-s5,1053,5,1301540292310335488,32,104,0,0,0,0,0
reply27-repair-s5,1054,5,10376293541461622788,72,104,0,0,0,0,0
reply27-repair-s5,1055,5,10376293541461623296,72,104,0,0,0,0,0
reply27-repair-s5,1056,5,10376293541461624832,72,104,0,0,0,0,0
reply27-repair-s5,1057,5,10376293541463719936,72,104,0,0,0,0,0
reply27-repair-s5,1058,5,10376293545756590080,72,104,0,0,0,0,0
reply27-repair-s5,1059,5,1301540292310335488,128,104,0,0,0,0,0
reply27-repair-s5,1060,5,10376856491415052288,8192,104,0,0,0,0,0
reply27-repair-s5,1061,5,10376856491415052288,16384,104,0,0,0,0,0
reply27-repair-s5,1062,5,10376363910205816832,32768,104,0,0,0,0,0
reply27-repair-s5,1063,5,1301540292310335488,65536,104,0,0,0,0,0
reply27-repair-s5,1064,5,1873497444986126592,262144,104,0,0,0,0,0
reply27-repair-s5,1065,5,1153484454696583168,16777216,104,0,0,0,0,0
reply27-repair-s5,1066,5,10376856491415052288,16777216,104,0,0,0,0,0
reply27-repair-s5,1067,5,1153484454694486016,16778240,104,0,0,0,0,0
reply27-repair-s5,1068,5,1153484454694486016,16781312,104,0,0,0,0,0
reply27-repair-s5,1069,5,1729391053137510400,33554432,104,0,0,0,0,0
reply27-repair-s5,1070,5,1747396655553970176,33554432,104,0,0,0,0,0
reply27-repair-s5,1071,5,1729382257044488192,33558528,104,0,0,0,0,0
reply27-repair-s5,1072,5,10376363910205816832,67108864,104,0,0,0,0,0
reply27-repair-s5,1073,5,1152921504741064704,272646144,104,0,0,0,0,0
reply27-repair-s5,1074,5,1152921504613138432,536871040,104,0,0,0,0,0
reply27-repair-s5,1075,5,1873497444986126600,0,105,0,0,0,0,0
reply27-repair-s5,1076,5,1873497444986126656,0,105,0,0,0,0,0
reply27-repair-s5,1077,5,1873497444986142976,0,105,0,0,0,0,0
reply27-repair-s5,1078,5,1873497445019681024,0,105,0,0,0,0,0
reply27-repair-s5,1079,5,1878001044613497088,0,105,0,0,0,0,0
reply27-repair-s5,1080,5,1301540292310335488,8,105,0,0,0,0,0
reply27-repair-s5,1081,5,1301540292310335488,16384,105,0,0,0,0,0
reply27-repair-s5,1082,5,1153486653717741568,16777216,105,0,0,0,0,0
reply27-repair-s5,1083,5,1153488852740997120,16777216,105,0,0,0,0,0
reply27-repair-s5,1084,5,1153493250787508224,16777216,105,0,0,0,0,0
reply27-repair-s5,1085,5,1153484454694486016,20971520,105,0,0,0,0,0
reply27-repair-s5,1086,5,10376363910205816832,134217728,105,0,0,0,0,0
reply27-repair-s5,1087,5,1152921504742113280,268451840,105,0,0,0,0,0
reply27-repair-s5,1088,5,1152921504741064704,268451841,105,0,0,0,0,0
reply27-repair-s5,1089,5,1729382256918660096,536870912,105,0,0,0,0,0
reply27-repair-s5,1090,5,1729382256920756224,536870912,105,0,0,0,0,0
reply27-repair-s5,1091,5,1301540292310335744,0,106,0,0,0,0,0
reply27-repair-s5,1092,5,1301540292310368256,0,106,0,0,0,0,0
reply27-repair-s5,1093,5,1301540567188242432,0,106,0,0,0,0,0
reply27-repair-s5,1094,5,1873497444988223744,0,106,0,0,0,0,0
reply27-repair-s5,1095,5,1873497447133610240,0,106,0,0,0,0,0
reply27-repair-s5,1096,5,1873501843032637696,0,106,0,0,0,0,0
reply27-repair-s5,1097,5,12682136550675316740,8,106,0,0,0,0,0
reply27-repair-s5,1098,5,12682136550675316740,16384,106,0,0,0,0,0
reply27-repair-s5,1099,5,12682136550675316740,33554432,106,0,0,0,0,0
reply27-repair-s5,1100,5,1152921504741065728,268451840,106,0,0,0,0,0
reply27-repair-s5,1101,5,1152921506888548352,268451840,106,0,0,0,0,0
reply27-repair-s5,1102,5,10376293541595840512,268451840,106,0,0,0,0,0
reply27-repair-s5,1103,5,1152921504741064704,268455936,106,0,0,0,0,0
reply27-repair-s5,1104,5,1152921521854873600,536870912,106,0,0,0,0,0
reply27-repair-s5,1105,5,1152921504611041792,536871040,106,0,0,0,0,0
reply27-repair-s5,1106,5,1152921508906008576,536871040,106,0,0,0,0,0
reply27-repair-s5,1107,5,1301540292847206400,0,107,0,0,0,0,0
reply27-repair-s5,1108,5,1301540300900270080,0,107,0,0,0,0,0
reply27-repair-s5,1109,5,1310547491565076480,0,107,0,0,0,0,0
reply27-repair-s5,1110,5,1873506241079148800,0,107,0,0,0,0,0
reply27-repair-s5,1111,5,1891511843495608576,0,107,0,0,0,0,0
reply27-repair-s5,1112,5,1301540292310335488,4,107,0,0,0,0,0
reply27-repair-s5,1113,5,12682136550675316740,4,107,0,0,0,0,0
reply27-repair-s5,1114,5,1301540292310335488,8192,107,0,0,0,0,0
reply27-repair-s5,1115,5,12682136550675316740,8192,107,0,0,0,0,0
reply27-repair-s5,1116,5,1301540292310335488,32768,107,0,0,0,0,0
reply27-repair-s5,1117,5,10376363910205816832,131072,107,0,0,0,0,0
reply27-repair-s5,1118,5,1301540292310335488,67108864,107,0,0,0,0,0
reply27-repair-s5,1119,5,1152921521855922176,536870912,107,0,0,0,0,0
reply27-repair-s5,1120,5,1152921504611042304,536871040,107,0,0,0,0,0
reply27-repair-s5,1121,5,1301540296605302784,0,108,0,0,0,0,0
reply27-repair-s5,1122,5,1301540326670073856,0,108,0,0,0,0,0
reply27-repair-s5,1123,5,10376363910205816832,4,108,0,0,0,0,0
reply27-repair-s5,1124,5,1301540292310335488,33554432,108,0,0,0,0,0
reply27-repair-s5,1125,5,1170935903250546688,268451840,108,0,0,0,0,0
reply27-repair-s5,1126,5,1152921524001308672,536870912,108,0,0,0,0,0
reply27-repair-s5,1127,5,1152921526148792320,536870912,108,0,0,0,0,0
reply27-repair-s5,1128,5,1301540292310335490,0,109,0,0,0,0,0
reply27-repair-s5,1129,5,1301540292310335496,0,109,0,0,0,0,0
reply27-repair-s5,1130,5,1301540292312432640,0,109,0,0,0,0,0
reply27-repair-s5,1131,5,1301540292314529792,0,109,0,0,0,0,0
reply27-repair-s5,1132,5,1301540292318724096,0,109,0,0,0,0,0
reply27-repair-s5,1133,5,10376363910205816832,16,109,0,0,0,0,0
reply27-repair-s5,1134,5,1301540292310335488,134217728,109,0,0,0,0,0
reply27-repair-s5,1135,5,1152921504741065216,268451840,109,0,0,0,0,0
reply27-repair-s5,1136,5,1152921504743161856,268451840,109,0,0,0,0,0
reply27-repair-s5,1137,5,1152930300834086912,268451840,109,0,0,0,0,0
reply27-repair-s5,1138,5,1161928703995805696,268451840,109,0,0,0,0,0
reply27-repair-s5,1139,5,1301540292310336000,0,110,0,0,0,0,0
reply27-repair-s5,1140,5,1301540292343889920,0,110,0,0,0,0,0
reply27-repair-s5,1141,5,1301549088403357696,0,110,0,0,0,0,0
reply27-repair-s5,1142,5,10376363910205816832,8,110,0,0,0,0,0
reply27-repair-s5,1143,5,10376363910205816832,8192,110,0,0,0,0,0
reply27-repair-s5,1144,5,10376363910205816832,16777216,110,0,0,0,0,0
reply27-repair-s5,1145,5,10376363910205816832,33554432,110,0,0,0,0,0
reply27-repair-s5,1146,5,1152921521853825536,536870912,110,0,0,0,0,0
