10376575016572552192,68719476736
10664524055052289024,68719476736
1153484592133440512,68719476736
1152991875632727040,68719476736
1152921504749454336,103079215104
1152956693408121856,68719476736
10376293541461623809,68719478784
10376293550068335616,68719476736
10376293541461623808,68720525320
1152921505277936641,68719476736
10952754293765055488,68719476736
1161928703995806720,68719476744
1152921504808176640,68719476736
1152921505043055616,68719476736
10376293541461627904,68727865344
1170935903250551808,68719476736
10376293541461623840,68719476737
1152921504757842944,68720001024
1152921504741065728,68721573904
10376293541465818128,68719476736
10376363910205801472,68719476864
10376856491423433728,68719476736
10376293575821362176,68736253952
10376311133714777088,68719476736
1152921504741065732,68719493120
1188950301760160768,68719476736
10376293541461623810,77309411328
1152921504741065728,85899345924
1441151880892777472,68719476768
5764607523168715776,68719476736
10376293541461623808,4466765996032
10378545341275309056,68719476752
10376328725835809792,68719476736
10376293541461657088,68719476736
14987979559889013760,68719476736
1157425104368436224,68736253952
1224979098778993664,68723671040
10376293541461623808,69256364032
1152921539100804096,68719509504
1297036692685848584,70368744177664
10376294091217437696,68719476740
1152921504741065730,206158430208
10376293543609172992,68719476736
10376293558641492992,68719476738
1152921504741065728,68753039360
1152921504741082176,68719476736
1152923703764321536,68719476736
1152930300838282240,68719476736
1152943494973621248,68719476736
