# dual-tight reply27 class completion targets; UNKNOWN only; no verdict asserted
reply27-dual-tight,0,5,1152921504741064736,68719476737,99,0,0,0,0,0
reply27-dual-tight,1,5,1152921504743161888,68719476736,103,0,0,0,0,0
reply27-dual-tight,2,5,1152921506888548384,68719476736,98,0,0,0,0,0
reply27-dual-tight,3,5,1152921509036032032,68719476736,97,0,0,0,0,0
reply27-dual-tight,4,5,1152925902787575840,68719476736,103,0,0,0,0,0
reply27-dual-tight,5,5,1152930300834086944,68719476736,99,0,0,0,0,0
reply27-dual-tight,6,5,1161928703995805728,68719476736,97,0,0,0,0,0
reply27-dual-tight,7,5,1170935903250546720,68719476736,103,0,0,0,0,0
reply27-dual-tight,8,5,1333065489702715392,4,95,0,0,0,0,0
reply27-dual-tight,9,5,1333065489702715392,8192,100,0,0,0,0,0
reply27-dual-tight,10,5,1333065489702715392,16384,98,0,0,0,0,0
reply27-dual-tight,11,5,1333065489702715392,32768,98,0,0,0,0,0
reply27-dual-tight,12,5,1333065489702715392,131072,95,0,0,0,0,0
reply27-dual-tight,13,5,1333065489702715392,262144,101,0,0,0,0,0
reply27-dual-tight,14,5,1333065489702715392,16777216,95,0,0,0,0,0
reply27-dual-tight,15,5,1333065489702715392,33554432,103,0,0,0,0,0
reply27-dual-tight,16,5,1333065489702715392,134217728,95,0,0,0,0,0
reply27-dual-tight,17,5,1333065489702715392,268435456,103,0,0,0,0,0
reply27-dual-tight,18,5,1333065489702715392,34359738368,100,0,0,0,0,0
reply27-dual-tight,19,5,1333065489702715394,0,102,0,0,0,0,0
reply27-dual-tight,20,5,1333065489702715396,0,97,0,0,0,0,0
reply27-dual-tight,21,5,1333065489702715400,0,103,0,0,0,0,0
reply27-dual-tight,22,5,1333065489702715408,0,103,0,0,0,0,0
reply27-dual-tight,23,5,1333065489702715456,0,103,0,0,0,0,0
reply27-dual-tight,24,5,1333065489702715520,0,98,0,0,0,0,0
reply27-dual-tight,25,5,1333065489702715648,0,99,0,0,0,0,0
reply27-dual-tight,26,5,1333065489702715904,0,103,0,0,0,0,0
reply27-dual-tight,27,5,1333065489702716416,0,96,0,0,0,0,0
reply27-dual-tight,28,5,1333065489702717440,0,98,0,0,0,0,0
reply27-dual-tight,29,5,1333065489702719488,0,95,0,0,0,0,0
reply27-dual-tight,30,5,1333065489702731776,0,101,0,0,0,0,0
reply27-dual-tight,31,5,1333065489702780928,0,101,0,0,0,0,0
reply27-dual-tight,32,5,1333065489702977536,0,101,0,0,0,0,0
reply27-dual-tight,33,5,1333065489703239680,0,100,0,0,0,0,0
reply27-dual-tight,34,5,1333065489704812544,0,100,0,0,0,0,0
reply27-dual-tight,35,5,1333065489706909696,0,97,0,0,0,0,0
reply27-dual-tight,36,5,1333065489711104000,0,103,0,0,0,0,0
reply27-dual-tight,37,5,1333065489736269824,0,97,0,0,0,0,0
reply27-dual-tight,38,5,1333065489769824256,0,98,0,0,0,0,0
reply27-dual-tight,39,5,1333065490239586304,0,101,0,0,0,0,0
reply27-dual-tight,40,5,1333065490776457216,0,96,0,0,0,0,0
reply27-dual-tight,41,5,1333065491850199040,0,99,0,0,0,0,0
reply27-dual-tight,42,5,1333065493997682688,0,100,0,0,0,0,0
reply27-dual-tight,43,5,1333065498292649984,0,99,0,0,0,0,0
reply27-dual-tight,44,5,1333065506882584576,0,99,0,0,0,0,0
reply27-dual-tight,45,5,1333065524062453760,0,97,0,0,0,0,0
reply27-dual-tight,46,5,1333065764580622336,0,100,0,0,0,0,0
reply27-dual-tight,47,5,1333069887749226496,0,103,0,0,0,0,0
reply27-dual-tight,48,5,1333074285795737600,0,104,0,0,0,0,0
reply27-dual-tight,49,5,1337569089330085888,0,101,0,0,0,0,0
reply27-dual-tight,50,5,1342072688957456384,0,99,0,0,0,0,0
reply27-dual-tight,51,5,1351079888212197376,0,104,0,0,0,0,0
reply27-dual-tight,52,5,10376293541461622785,68719476738,100,0,0,0,0,0
reply27-dual-tight,53,5,10376293541461622786,68719476738,100,0,0,0,0,0
reply27-dual-tight,54,5,10376293541461622788,68719476738,105,0,0,0,0,0
reply27-dual-tight,55,5,10376293541461622792,68719476738,102,0,0,0,0,0
reply27-dual-tight,56,5,10376293541461622800,68719476738,101,0,0,0,0,0
reply27-dual-tight,57,5,10376293541461626880,6,102,0,0,0,0,0
reply27-dual-tight,58,5,10376293541461626880,10,99,0,0,0,0,0
reply27-dual-tight,59,5,10376293541461626880,18,104,0,0,0,0,0
reply27-dual-tight,60,5,10376293541461626880,34,99,0,0,0,0,0
reply27-dual-tight,61,5,10376293541461626880,8194,105,0,0,0,0,0
reply27-dual-tight,62,5,10376293541461626880,16386,100,0,0,0,0,0
reply27-dual-tight,63,5,10376293541461626880,32770,102,0,0,0,0,0
reply27-dual-tight,64,5,10376293541461626880,65538,99,0,0,0,0,0
reply27-dual-tight,65,5,10376293541461626880,16777218,105,0,0,0,0,0
reply27-dual-tight,66,5,10376293541461626880,33554434,96,0,0,0,0,0
reply27-dual-tight,67,5,10376293541461626880,67108866,97,0,0,0,0,0
reply27-dual-tight,68,5,10376293541461626880,134217730,104,0,0,0,0,0
reply27-dual-tight,69,5,10376293541461626880,268435458,99,0,0,0,0,0
reply27-dual-tight,70,5,10376293541461626880,34359738370,104,0,0,0,0,0
reply27-dual-tight,71,5,10376293541461626880,68719476738,102,0,0,0,0,0
reply27-dual-tight,72,5,10376293541461630976,68719476738,102,0,0,0,0,0
reply27-dual-tight,73,5,10376293541461639168,68719476738,104,0,0,0,0,0
reply27-dual-tight,74,5,10376293541461655552,68719476738,99,0,0,0,0,0
