# exact-cache UNKNOWN s5 boundary for one s4 class; labels normalized for completion collector
reply27-dual-tight,0,5,1297599642637172736,4,98,0,0,0,0,0
reply27-dual-tight,1,5,1297599642637172736,8,92,0,0,0,0,0
reply27-dual-tight,2,5,1297599642637172736,16,94,0,0,0,0,0
reply27-dual-tight,3,5,1297599642637172736,128,85,0,0,0,0,0
reply27-dual-tight,4,5,1297599642637172736,8192,96,0,0,0,0,0
reply27-dual-tight,5,5,1297599642637172736,16384,92,0,0,0,0,0
reply27-dual-tight,6,5,1297599642637172736,32768,92,0,0,0,0,0
reply27-dual-tight,7,5,1297599642637172736,131072,91,0,0,0,0,0
reply27-dual-tight,8,5,1297599642637172736,262144,89,0,0,0,0,0
reply27-dual-tight,9,5,1297599642637172736,16777216,98,0,0,0,0,0
reply27-dual-tight,10,5,1297599642637172736,33554432,90,0,0,0,0,0
reply27-dual-tight,11,5,1297599642637172736,67108864,87,0,0,0,0,0
reply27-dual-tight,12,5,1297599642637172736,134217728,95,0,0,0,0,0
reply27-dual-tight,13,5,1297599642637172736,268435456,99,0,0,0,0,0
reply27-dual-tight,14,5,1297599642637172736,536870912,86,0,0,0,0,0
reply27-dual-tight,15,5,1297599642637172736,34359738368,94,0,0,0,0,0
reply27-dual-tight,16,5,1297599642637172736,68719476736,86,0,0,0,0,0
reply27-dual-tight,17,5,1297599642637172737,0,93,0,0,0,0,0
reply27-dual-tight,18,5,1297599642637172738,0,97,0,0,0,0,0
reply27-dual-tight,19,5,1297599642637172740,0,92,0,0,0,0,0
reply27-dual-tight,20,5,1297599642637172744,0,100,0,0,0,0,0
reply27-dual-tight,21,5,1297599642637172752,0,100,0,0,0,0,0
reply27-dual-tight,22,5,1297599642637172800,0,99,0,0,0,0,0
reply27-dual-tight,23,5,1297599642637172864,0,92,0,0,0,0,0
reply27-dual-tight,24,5,1297599642637172992,0,95,0,0,0,0,0
reply27-dual-tight,25,5,1297599642637173248,0,93,0,0,0,0,0
reply27-dual-tight,26,5,1297599642637173760,0,93,0,0,0,0,0
reply27-dual-tight,27,5,1297599642637174784,0,95,0,0,0,0,0
reply27-dual-tight,28,5,1297599642637176832,0,91,0,0,0,0,0
reply27-dual-tight,29,5,1297599642637189120,0,97,0,0,0,0,0
reply27-dual-tight,30,5,1297599642637205504,0,86,0,0,0,0,0
reply27-dual-tight,31,5,1297599642637238272,0,86,0,0,0,0,0
reply27-dual-tight,32,5,1297599642637303808,0,85,0,0,0,0,0
reply27-dual-tight,33,5,1297599642637434880,0,97,0,0,0,0,0
reply27-dual-tight,34,5,1297599642639269888,0,96,0,0,0,0,0
reply27-dual-tight,35,5,1297599642641367040,0,100,0,0,0,0,0
reply27-dual-tight,36,5,1297599642645561344,0,96,0,0,0,0,0
reply27-dual-tight,37,5,1297599642653949952,0,90,0,0,0,0,0
reply27-dual-tight,38,5,1297599642670727168,0,97,0,0,0,0,0
reply27-dual-tight,39,5,1297599642704281600,0,93,0,0,0,0,0
reply27-dual-tight,40,5,1297599643174043648,0,93,0,0,0,0,0
reply27-dual-tight,41,5,1297599644784656384,0,96,0,0,0,0,0
reply27-dual-tight,42,5,1297599646932140032,0,94,0,0,0,0,0
reply27-dual-tight,43,5,1297599651227107328,0,97,0,0,0,0,0
reply27-dual-tight,44,5,1297599659817041920,0,98,0,0,0,0,0
reply27-dual-tight,45,5,1297599676996911104,0,99,0,0,0,0,0
reply27-dual-tight,46,5,1297599917515079680,0,88,0,0,0,0,0
reply27-dual-tight,47,5,1297600192392986624,0,88,0,0,0,0,0
reply27-dual-tight,48,5,1297600742148800512,0,88,0,0,0,0,0
reply27-dual-tight,49,5,1297608438730194944,0,100,0,0,0,0,0
reply27-dual-tight,50,5,1297634827009261568,0,91,0,0,0,0,0
reply27-dual-tight,51,5,1297740380125528064,0,87,0,0,0,0,0
reply27-dual-tight,52,5,1302103242264543232,0,91,0,0,0,0,0
reply27-dual-tight,53,5,1306606841891913728,0,92,0,0,0,0,0
reply27-dual-tight,54,5,1315614041146654720,0,96,0,0,0,0,0
reply27-dual-tight,55,5,1333628439656136704,0,90,0,0,0,0,0
reply27-dual-tight,56,5,1369657236675100672,0,92,0,0,0,0,0
reply27-dual-tight,57,5,1585830018788884480,0,92,0,0,0,0,0
reply27-dual-tight,58,5,1729382256910275072,536870912,95,0,0,0,0,0
reply27-dual-tight,59,5,1729382256910275584,536870912,99,0,0,0,0,0
reply27-dual-tight,60,5,1729382256911323136,536870912,95,0,0,0,0,0
reply27-dual-tight,61,5,1729382256912371712,536870912,97,0,0,0,0,0
reply27-dual-tight,62,5,1729382257044489216,68719476736,93,0,0,0,0,0
reply27-dual-tight,63,5,1729382259057758208,536870912,99,0,0,0,0,0
reply27-dual-tight,64,5,1729382261205241856,536870912,100,0,0,0,0,0
reply27-dual-tight,65,5,1729386654956785664,536870912,100,0,0,0,0,0
reply27-dual-tight,66,5,1738389456165015552,536870912,94,0,0,0,0,0
reply27-dual-tight,67,5,1747396655419756544,536870912,98,0,0,0,0,0
reply27-dual-tight,68,5,3458764513821589504,536870916,101,0,0,0,0,0
reply27-dual-tight,69,5,3458764513821589504,536870920,100,0,0,0,0,0
reply27-dual-tight,70,5,3458764513821589504,536879104,98,0,0,0,0,0
reply27-dual-tight,71,5,3458764513821589504,536887296,100,0,0,0,0,0
reply27-dual-tight,72,5,3458764513821589504,553648128,86,0,0,0,0,0
reply27-dual-tight,73,5,3458764513821589504,570425344,98,0,0,0,0,0
reply27-dual-tight,74,5,3458764513821589504,34896609280,101,0,0,0,0,0
reply27-dual-tight,75,5,3494793310840553472,536870912,88,0,0,0,0,0
reply27-dual-tight,76,5,3603442651850866688,0,85,0,0,0,0,0
reply27-dual-tight,77,5,10376856491415048192,4,99,0,0,0,0,0
reply27-dual-tight,78,5,10376856491415048192,8,90,0,0,0,0,0
reply27-dual-tight,79,5,10376856491415048192,16,101,0,0,0,0,0
reply27-dual-tight,80,5,10376856491415048192,32,91,0,0,0,0,0
reply27-dual-tight,81,5,10376856491415048192,16384,97,0,0,0,0,0
reply27-dual-tight,82,5,10376856491415048192,32768,89,0,0,0,0,0
reply27-dual-tight,83,5,10376856491415048192,65536,92,0,0,0,0,0
reply27-dual-tight,84,5,10376856491415048192,16777216,101,0,0,0,0,0
reply27-dual-tight,85,5,10376856491415048192,134217728,100,0,0,0,0,0
reply27-dual-tight,86,5,10376856491415048192,268435456,99,0,0,0,0,0
