reply27-class-completion,0,5,1152921513197830176,536870912,89,0,0,0,0,0
reply27-class-completion,1,5,1152921788075737088,536870912,90,0,0,0,0,0
reply27-class-completion,2,5,1152922612709457920,536870912,91,0,0,0,0,0
reply27-class-completion,3,5,1152965485071962112,536870912,92,0,0,0,0,0
reply27-class-completion,4,5,1729391053003296768,536870912,92,0,0,0,0,0
reply27-class-completion,5,5,1152921513197830144,536936448,92,0,0,0,0,0
reply27-class-completion,6,5,1152921513197895680,536870912,93,0,0,0,0,0
reply27-class-completion,7,5,1153484463151251456,536870912,93,0,0,0,0,0
reply27-class-completion,8,5,1152930300699873280,536870976,93,0,0,0,0,0
reply27-class-completion,9,5,1152921513214607360,536870912,94,0,0,0,0,0
reply27-class-completion,10,5,1152930309289807872,536870912,94,0,0,0,0,0
reply27-class-completion,11,5,1152930300699873280,536870920,94,0,0,0,0,0
reply27-class-completion,12,5,1152930300699873280,536936448,94,0,0,0,0,0
reply27-class-completion,13,5,1152930300699873280,537001984,94,0,0,0,0,0
reply27-class-completion,14,5,1152921513197830144,603979776,94,0,0,0,0,0
reply27-class-completion,15,5,1152921513197830144,536870976,95,0,0,0,0,0
reply27-class-completion,16,5,1152921513197830144,553648128,95,0,0,0,0,0
reply27-class-completion,17,5,1152921513197838336,536870912,96,0,0,0,0,0
reply27-class-completion,18,5,1153062250686185472,536870912,96,0,0,0,0,0
reply27-class-completion,19,5,1297045488775729152,536870912,96,0,0,0,0,0
reply27-class-completion,20,5,10376293541462671368,68719476736,96,0,0,0,0,0
reply27-class-completion,21,5,10376297939508133896,68719476736,96,0,0,0,0,0
reply27-class-completion,22,5,1152921513197830144,536871040,97,0,0,0,0,0
reply27-class-completion,23,5,1188950310216794112,536870912,98,0,0,0,0,0
reply27-class-completion,24,5,1297036701273686016,536870912,98,0,0,0,0,0
reply27-class-completion,25,5,1152921513197830144,536870944,98,0,0,0,0,0
reply27-class-completion,26,5,1152930300699873280,570425344,98,0,0,0,0,0
reply27-class-completion,27,5,10376293541461622792,68719478784,98,0,0,0,0,0
reply27-class-completion,28,5,1152921513197830656,536870912,99,0,0,0,0,0
reply27-class-completion,29,5,1152921514271571968,536870912,99,0,0,0,0,0
reply27-class-completion,30,5,1152956697569918976,536870912,99,0,0,0,0,0
reply27-class-completion,31,5,1152930300699873280,536870944,99,0,0,0,0,0
reply27-class-completion,32,5,1152921513197830144,537001984,99,0,0,0,0,0
reply27-class-completion,33,5,1152921513197834240,536870912,100,0,0,0,0,0
reply27-class-completion,34,5,1152921513231384576,536870912,100,0,0,0,0,0
reply27-class-completion,35,5,1152923712221085696,536870912,100,0,0,0,0,0
reply27-class-completion,36,5,1152925911244341248,536870912,100,0,0,0,0,0
reply27-class-completion,37,5,1152939105383874560,536870912,100,0,0,0,0,0
reply27-class-completion,38,5,1188959097718837248,536870912,100,0,0,0,0,0
reply27-class-completion,39,5,1224979107235758080,536870912,100,0,0,0,0,0
reply27-class-completion,40,5,1729382265501253632,536870912,100,0,0,0,0,0
reply27-class-completion,41,5,1152921513197830144,536879104,100,0,0,0,0,0
reply27-class-completion,42,5,1152921513197830144,537133056,100,0,0,0,0,0
reply27-class-completion,43,5,1153000669444050944,536870912,101,0,0,0,0,0
reply27-class-completion,44,5,1152921513197830144,671088640,101,0,0,0,0,0
reply27-class-completion,45,5,1152921513197830144,805306368,101,0,0,0,0,0
reply27-class-completion,46,5,1152921513197830145,536870912,102,0,0,0,0,0
reply27-class-completion,47,5,1152921513197832192,536870912,102,0,0,0,0,0
reply27-class-completion,48,5,1152921513197830144,536870916,102,0,0,0,0,0
reply27-class-completion,49,5,1152921513197830144,536903680,102,0,0,0,0,0
reply27-class-completion,50,5,1152930300699873280,553648128,102,0,0,0,0,0
reply27-class-completion,51,5,1152930300699873280,603979776,102,0,0,0,0,0
reply27-class-completion,52,5,10376293543609106440,68719476736,102,0,0,0,0,0
reply27-class-completion,53,5,10385300740716363784,68719476736,102,0,0,0,0,0
reply27-class-completion,54,5,10376293541461622792,68719476737,102,0,0,0,0,0
reply27-class-completion,55,5,10376293541461622792,68719476738,102,0,0,0,0,0
reply27-class-completion,56,5,1152921504741064712,68727865344,102,0,0,0,0,0
reply27-class-completion,57,5,1152921504741068800,68727865344,102,0,0,0,0,0
reply27-class-completion,58,5,1152921513197830146,536870912,103,0,0,0,0,0
reply27-class-completion,59,5,1152921513197830400,536870912,103,0,0,0,0,0
reply27-class-completion,60,5,1152921513197831168,536870912,103,0,0,0,0,0
reply27-class-completion,61,5,1152921513197862912,536870912,103,0,0,0,0,0
reply27-class-completion,62,5,1152921513197961216,536870912,103,0,0,0,0,0
reply27-class-completion,63,5,1152921513206218752,536870912,103,0,0,0,0,0
reply27-class-completion,64,5,1152921650636783616,536870912,103,0,0,0,0,0
reply27-class-completion,65,5,1153071038188228608,536870912,103,0,0,0,0,0
reply27-class-completion,66,5,1152921513197830144,536870920,103,0,0,0,0,0
reply27-class-completion,67,5,1152930300699873280,536870928,103,0,0,0,0,0
reply27-class-completion,68,5,1152930300699873280,536903680,103,0,0,0,0,0
reply27-class-completion,69,5,1152921513197830144,570425344,103,0,0,0,0,0
reply27-class-completion,70,5,1152930300699873280,805306368,103,0,0,0,0,0
reply27-class-completion,71,5,1152921513197830152,536870912,104,0,0,0,0,0
reply27-class-completion,72,5,1152921513197830208,536870912,104,0,0,0,0,0
reply27-class-completion,73,5,1152921513197830272,536870912,104,0,0,0,0,0
reply27-class-completion,74,5,1152921513198354432,536870912,104,0,0,0,0,0
reply27-class-completion,75,5,1152921515345313792,536870912,104,0,0,0,0,0
reply27-class-completion,76,5,1152921517492797440,536870912,104,0,0,0,0,0
reply27-class-completion,77,5,1152930300699873280,536887296,104,0,0,0,0,0
reply27-class-completion,78,5,10376293541461622792,68723671040,104,0,0,0,0,0
reply27-class-completion,79,5,1152921504741064705,68727865344,104,0,0,0,0,0
reply27-class-completion,80,5,1152921504741064706,68727865344,104,0,0,0,0,0
reply27-class-completion,81,5,1152921513466265600,536870912,105,0,0,0,0,0
reply27-class-completion,82,5,1441151889349541888,536870912,105,0,0,0,0,0
reply27-class-completion,83,5,1152921513197830144,34896609280,105,0,0,0,0,0
reply27-class-completion,84,5,1152921513197830160,536870912,106,0,0,0,0,0
reply27-class-completion,85,5,1224987894737801216,536870912,106,0,0,0,0,0
reply27-class-completion,86,5,10376293545756590088,68719476736,106,0,0,0,0,0
reply27-class-completion,87,5,1152921513197846528,536870912,107,0,0,0,0,0
reply27-class-completion,88,5,1152921513198092288,536870912,107,0,0,0,0,0
reply27-class-completion,89,5,1152921513199927296,536870912,107,0,0,0,0,0
reply27-class-completion,90,5,1152921513202024448,536870912,107,0,0,0,0,0
reply27-class-completion,91,5,1441160676851585024,536870912,107,0,0,0,0,0
reply27-class-completion,92,5,1152930300699873280,671088640,107,0,0,0,0,0
reply27-class-completion,93,5,1152930300699873280,34896609280,107,0,0,0,0,0
reply27-class-completion,94,5,10394307939971104776,68719476736,107,0,0,0,0,0
reply27-class-completion,95,5,1152921513264939008,536870912,108,0,0,0,0,0
reply27-class-completion,96,5,1152921530377699328,536870912,108,0,0,0,0,0
reply27-class-completion,97,5,1152921547557568512,536870912,108,0,0,0,0,0
reply27-class-completion,98,5,1152947892885917696,536870912,108,0,0,0,0,0
reply27-class-completion,99,5,1152991881942007808,536870912,108,0,0,0,0,0
reply27-class-completion,100,5,10376293541463719944,68719476736,108,0,0,0,0,0
reply27-class-completion,101,5,1152921513197830148,536870912,109,0,0,0,0,0
reply27-class-completion,102,5,1152930300699873280,536870916,109,0,0,0,0,0
reply27-class-completion,103,5,1152921513197830144,536870928,109,0,0,0,0,0
reply27-class-completion,104,5,1152930300699873280,536879104,109,0,0,0,0,0
reply27-class-completion,105,5,1152921513197830144,536887296,109,0,0,0,0,0
reply27-class-completion,106,5,1152921504741064708,68727865344,109,0,0,0,0,0
reply27-class-completion,107,5,1152921504741072896,68727865344,109,0,0,0,0,0
