# cache-aware reply27 repair s5 targets; UNKNOWN only
reply27-repair,0,5,1152921504606913024,536870916,94,0,0,0,0,0
reply27-repair,1,5,1152921504606913024,536870920,97,0,0,0,0,0
reply27-repair,2,5,1152921504606913024,536879104,102,0,0,0,0,0
reply27-repair,3,5,1152921504606913024,536887296,101,0,0,0,0,0
reply27-repair,4,5,1152921504606913024,553648128,96,0,0,0,0,0
reply27-repair,5,5,1152921504606913024,570425344,95,0,0,0,0,0
reply27-repair,6,5,1152921504606913025,536870912,95,0,0,0,0,0
reply27-repair,7,5,1152921504606913026,536870912,96,0,0,0,0,0
reply27-repair,8,5,1152921504606915072,536870912,97,0,0,0,0,0
reply27-repair,9,5,1152921504606917120,536870912,97,0,0,0,0,0
reply27-repair,10,5,1152921504611107328,536870912,102,0,0,0,0,0
reply27-repair,11,5,1152921504615301632,536870912,101,0,0,0,0,0
reply27-repair,12,5,1152921513196782080,537133056,97,0,0,0,0,0
reply27-repair,13,5,1152921513196782592,537133056,103,0,0,0,0,0
reply27-repair,14,5,1152921513196847616,536870912,91,0,0,0,0,0
reply27-repair,15,5,1152921513197830144,537133056,100,0,0,0,0,0
reply27-repair,16,5,1152921513198878720,537133056,103,0,0,0,0,0
reply27-repair,17,5,1152921521786782208,536870912,99,0,0,0,0,0
reply27-repair,18,5,1152921779618971648,8193,94,0,0,0,0,0
reply27-repair,19,5,1152921779618971648,8194,96,0,0,0,0,0
reply27-repair,20,5,1152921779618971648,8704,98,0,0,0,0,0
reply27-repair,21,5,1152921779618971648,9216,93,0,0,0,0,0
reply27-repair,22,5,1152921779618971648,10240,91,0,0,0,0,0
reply27-repair,23,5,1152921779618971648,12288,101,0,0,0,0,0
reply27-repair,24,5,1152921779618971648,2105344,95,0,0,0,0,0
reply27-repair,25,5,1152921779618971648,4202496,91,0,0,0,0,0
reply27-repair,26,5,1152921779618971648,8396800,92,0,0,0,0,0
reply27-repair,27,5,1152921779618971648,25165824,100,0,0,0,0,0
reply27-repair,28,5,1152921779618971648,41943040,99,0,0,0,0,0
reply27-repair,29,5,1152921779618971776,8192,88,0,0,0,0,0
reply27-repair,30,5,1152921779618971904,8192,94,0,0,0,0,0
reply27-repair,31,5,1152921779618972160,8192,100,0,0,0,0,0
reply27-repair,32,5,1152921779618972672,8192,96,0,0,0,0,0
reply27-repair,33,5,1152921779619233792,8192,92,0,0,0,0,0
reply27-repair,34,5,1152921779619495936,8192,100,0,0,0,0,0
reply27-repair,35,5,1152921779620020224,8192,93,0,0,0,0,0
reply27-repair,36,5,1152921779621068800,8192,99,0,0,0,0,0
reply27-repair,37,5,1152921780155842560,8192,99,0,0,0,0,0
reply27-repair,38,5,1152921780692713472,8192,91,0,0,0,0,0
reply27-repair,39,5,1152921781766455296,8192,98,0,0,0,0,0
reply27-repair,40,5,1152921783913938944,8192,90,0,0,0,0,0
reply27-repair,41,5,1152922879130599424,8192,93,0,0,0,0,0
reply27-repair,42,5,1152923978642227200,8192,90,0,0,0,0,0
reply27-repair,43,5,1152926177665482752,8192,96,0,0,0,0,0
reply27-repair,44,5,1152939096792957440,536870912,101,0,0,0,0,0
reply27-repair,45,5,1152956688979001856,536870912,89,0,0,0,0,0
reply27-repair,46,5,1155173579432656896,8192,89,0,0,0,0,0
reply27-repair,47,5,1157425379246342144,8192,100,0,0,0,0,0
reply27-repair,48,5,1161928978873712640,8192,95,0,0,0,0,0
reply27-repair,49,5,1170936178128453632,8192,101,0,0,0,0,0
reply27-repair,50,5,1188950301625876992,536870912,97,0,0,0,0,0
reply27-repair,51,5,1224979098644840960,536870912,90,0,0,0,0,0
reply27-repair,52,5,1297036692682768896,536870912,90,0,0,0,0,0
reply27-repair,53,5,1297036692684800000,5,98,0,0,0,0,0
reply27-repair,54,5,1297036692684800000,9,95,0,0,0,0,0
reply27-repair,55,5,1297036692684800000,33,96,0,0,0,0,0
reply27-repair,56,5,1297036692684800000,65,92,0,0,0,0,0
reply27-repair,57,5,1297036692684800000,8193,96,0,0,0,0,0
reply27-repair,58,5,1297036692684800000,16385,96,0,0,0,0,0
reply27-repair,59,5,1297036692684800000,32769,101,0,0,0,0,0
reply27-repair,60,5,1297036692684800000,16777217,98,0,0,0,0,0
reply27-repair,61,5,1297036692684800000,33554433,99,0,0,0,0,0
reply27-repair,62,5,1297036692684800000,67108865,98,0,0,0,0,0
reply27-repair,63,5,1297036692684800000,268435457,98,0,0,0,0,0
reply27-repair,64,5,1297599642637172736,4,98,0,0,0,0,0
reply27-repair,65,5,1297599642637172736,8,92,0,0,0,0,0
reply27-repair,66,5,1297599642637172736,16,94,0,0,0,0,0
reply27-repair,67,5,1297599642637172736,128,85,0,0,0,0,0
reply27-repair,68,5,1297599642637172736,8192,96,0,0,0,0,0
reply27-repair,69,5,1297599642637172736,16384,92,0,0,0,0,0
reply27-repair,70,5,1297599642637172736,32768,92,0,0,0,0,0
reply27-repair,71,5,1297599642637172736,65536,83,0,0,0,0,0
reply27-repair,72,5,1297599642637172736,131072,91,0,0,0,0,0
reply27-repair,73,5,1297599642637172736,262144,89,0,0,0,0,0
reply27-repair,74,5,1297599642637172736,16777216,98,0,0,0,0,0
reply27-repair,75,5,1297599642637172736,33554432,90,0,0,0,0,0
reply27-repair,76,5,1297599642637172736,67108864,87,0,0,0,0,0
reply27-repair,77,5,1297599642637172736,134217728,95,0,0,0,0,0
reply27-repair,78,5,1297599642637172736,268435456,99,0,0,0,0,0
reply27-repair,79,5,1297599642637172736,536870912,86,0,0,0,0,0
reply27-repair,80,5,1297599642637172736,34359738368,94,0,0,0,0,0
reply27-repair,81,5,1297599642637172736,68719476736,86,0,0,0,0,0
reply27-repair,82,5,1297599642637172737,0,93,0,0,0,0,0
reply27-repair,83,5,1297599642637172738,0,97,0,0,0,0,0
reply27-repair,84,5,1297599642637172740,0,92,0,0,0,0,0
reply27-repair,85,5,1297599642637172744,0,100,0,0,0,0,0
reply27-repair,86,5,1297599642637172752,0,100,0,0,0,0,0
reply27-repair,87,5,1297599642637172768,0,83,0,0,0,0,0
reply27-repair,88,5,1297599642637172800,0,99,0,0,0,0,0
reply27-repair,89,5,1297599642637172864,0,92,0,0,0,0,0
reply27-repair,90,5,1297599642637172992,0,95,0,0,0,0,0
reply27-repair,91,5,1297599642637173248,0,93,0,0,0,0,0
reply27-repair,92,5,1297599642637173760,0,93,0,0,0,0,0
reply27-repair,93,5,1297599642637174784,0,95,0,0,0,0,0
reply27-repair,94,5,1297599642637176832,0,91,0,0,0,0,0
reply27-repair,95,5,1297599642637180928,0,79,0,0,0,0,0
reply27-repair,96,5,1297599642637189120,0,97,0,0,0,0,0
reply27-repair,97,5,1297599642637205504,0,86,0,0,0,0,0
reply27-repair,98,5,1297599642637238272,0,86,0,0,0,0,0
reply27-repair,99,5,1297599642637303808,0,85,0,0,0,0,0
reply27-repair,100,5,1297599642637434880,0,97,0,0,0,0,0
reply27-repair,101,5,1297599642639269888,0,96,0,0,0,0,0
reply27-repair,102,5,1297599642641367040,0,100,0,0,0,0,0
reply27-repair,103,5,1297599642645561344,0,96,0,0,0,0,0
reply27-repair,104,5,1297599642653949952,0,90,0,0,0,0,0
reply27-repair,105,5,1297599642670727168,0,97,0,0,0,0,0
reply27-repair,106,5,1297599642704281600,0,93,0,0,0,0,0
reply27-repair,107,5,1297599642771390464,0,81,0,0,0,0,0
reply27-repair,108,5,1297599643174043648,0,93,0,0,0,0,0
reply27-repair,109,5,1297599644784656384,0,96,0,0,0,0,0
reply27-repair,110,5,1297599646932140032,0,94,0,0,0,0,0
reply27-repair,111,5,1297599651227107328,0,97,0,0,0,0,0
reply27-repair,112,5,1297599659817041920,0,98,0,0,0,0,0
reply27-repair,113,5,1297599676996911104,0,99,0,0,0,0,0
reply27-repair,114,5,1297599917515079680,0,88,0,0,0,0,0
reply27-repair,115,5,1297600192392986624,0,88,0,0,0,0,0
reply27-repair,116,5,1297600742148800512,0,88,0,0,0,0,0
reply27-repair,117,5,1297604040683683840,0,98,0,0,0,0,0
reply27-repair,118,5,1297608438730194944,0,100,0,0,0,0,0
reply27-repair,119,5,1297634827009261568,0,91,0,0,0,0,0
reply27-repair,120,5,1297740380125528064,0,87,0,0,0,0,0
reply27-repair,121,5,1297881117613883392,0,84,0,0,0,0,0
reply27-repair,122,5,1302103242264543232,0,91,0,0,0,0,0
reply27-repair,123,5,1306606841891913728,0,92,0,0,0,0,0
reply27-repair,124,5,1315614041146654720,0,96,0,0,0,0,0
reply27-repair,125,5,1333628439656136704,0,90,0,0,0,0,0
reply27-repair,126,5,1369657236675100672,0,92,0,0,0,0,0
reply27-repair,127,5,1585267068834414720,4,96,0,0,0,0,0
reply27-repair,128,5,1585267068834414720,8,85,0,0,0,0,0
reply27-repair,129,5,1585267068834414720,16,91,0,0,0,0,0
reply27-repair,130,5,1585267068834414720,32,92,0,0,0,0,0
reply27-repair,131,5,1585267068834414720,64,85,0,0,0,0,0
reply27-repair,132,5,1585267068834414720,128,88,0,0,0,0,0
reply27-repair,133,5,1585267068834414724,0,87,0,0,0,0,0
reply27-repair,134,5,1585267068834414736,0,98,0,0,0,0,0
reply27-repair,135,5,1585267068834414752,0,93,0,0,0,0,0
reply27-repair,136,5,1585267068834414784,0,99,0,0,0,0,0
reply27-repair,137,5,1585267068834414976,0,97,0,0,0,0,0
reply27-repair,138,5,1585267068834415232,0,102,0,0,0,0,0
reply27-repair,139,5,1585267068834415744,0,99,0,0,0,0,0
reply27-repair,140,5,1585267068834416768,0,101,0,0,0,0,0
reply27-repair,141,5,1585267068834418816,0,96,0,0,0,0,0
reply27-repair,142,5,1585267068834422912,0,94,0,0,0,0,0
reply27-repair,143,5,1585267068834431104,0,95,0,0,0,0,0
reply27-repair,144,5,1585267068834447488,0,95,0,0,0,0,0
reply27-repair,145,5,1585267068834480256,0,91,0,0,0,0,0
reply27-repair,146,5,1585267068834545792,0,89,0,0,0,0,0
reply27-repair,147,5,1585267068834939008,0,97,0,0,0,0,0
reply27-repair,148,5,1585267068835463296,0,96,0,0,0,0,0
reply27-repair,149,5,1585267068836511872,0,97,0,0,0,0,0
reply27-repair,150,5,1585267068838609024,0,96,0,0,0,0,0
reply27-repair,151,5,1585267068842803328,0,94,0,0,0,0,0
reply27-repair,152,5,1585267068851191936,0,88,0,0,0,0,0
reply27-repair,153,5,1585267068867969152,0,89,0,0,0,0,0
reply27-repair,154,5,1585267068901523584,0,101,0,0,0,0,0
reply27-repair,155,5,1585267069102850176,0,92,0,0,0,0,0
reply27-repair,156,5,1585267069371285632,0,101,0,0,0,0,0
reply27-repair,157,5,1585267069908156544,0,93,0,0,0,0,0
reply27-repair,158,5,1585267070981898368,0,96,0,0,0,0,0
reply27-repair,159,5,1585267073129382016,0,102,0,0,0,0,0
reply27-repair,160,5,1585267086014283904,0,88,0,0,0,0,0
reply27-repair,161,5,1585267103194153088,0,96,0,0,0,0,0
reply27-repair,162,5,1585267137553891456,0,92,0,0,0,0,0
reply27-repair,163,5,1585267206273368192,0,87,0,0,0,0,0
reply27-repair,164,5,1585267343712321664,0,95,0,0,0,0,0
reply27-repair,165,5,1585267618590228608,0,98,0,0,0,0,0
reply27-repair,166,5,1585269267857670272,0,93,0,0,0,0,0
reply27-repair,167,5,1585271466880925824,0,102,0,0,0,0,0
reply27-repair,168,5,1585275864927436928,0,98,0,0,0,0,0
reply27-repair,169,5,1585284661020459136,0,96,0,0,0,0,0
reply27-repair,170,5,1585302253206503552,0,92,0,0,0,0,0
reply27-repair,171,5,1585337437578592384,0,89,0,0,0,0,0
reply27-repair,172,5,1585407806322770048,0,87,0,0,0,0,0
reply27-repair,173,5,1585548543811125376,0,90,0,0,0,0,0
reply27-repair,174,5,1585830018787836032,0,92,0,0,0,0,0
reply27-repair,175,5,1585830018788884480,0,92,0,0,0,0,0
reply27-repair,176,5,1586392968741257344,0,91,0,0,0,0,0
reply27-repair,177,5,1587518868648099968,0,99,0,0,0,0,0
reply27-repair,178,5,1589770668461785216,0,101,0,0,0,0,0
reply27-repair,179,5,1594274268089155712,0,102,0,0,0,0,0
reply27-repair,180,5,1603281467343896704,0,102,0,0,0,0,0
reply27-repair,181,5,1729382256910275072,536870912,95,0,0,0,0,0
reply27-repair,182,5,1729382256910275584,536870912,99,0,0,0,0,0
reply27-repair,183,5,1729382256911323136,536870912,95,0,0,0,0,0
reply27-repair,184,5,1729382256912371712,536870912,97,0,0,0,0,0
reply27-repair,185,5,1729382257044489216,68719476736,93,0,0,0,0,0
reply27-repair,186,5,1729382259057758208,536870912,99,0,0,0,0,0
reply27-repair,187,5,1729382261205241856,536870912,100,0,0,0,0,0
reply27-repair,188,5,1729386654956785664,536870912,100,0,0,0,0,0
reply27-repair,189,5,1738389456165015552,536870912,94,0,0,0,0,0
reply27-repair,190,5,1747396655419756544,536870912,98,0,0,0,0,0
reply27-repair,191,5,1874060394940596224,0,84,0,0,0,0,0
reply27-repair,192,5,3458764513821589504,536870916,101,0,0,0,0,0
reply27-repair,193,5,3458764513821589504,536870920,100,0,0,0,0,0
reply27-repair,194,5,3458764513821589504,536879104,98,0,0,0,0,0
reply27-repair,195,5,3458764513821589504,536887296,100,0,0,0,0,0
reply27-repair,196,5,3458764513821589504,553648128,86,0,0,0,0,0
reply27-repair,197,5,3458764513821589504,570425344,98,0,0,0,0,0
reply27-repair,198,5,3458764513821589504,34896609280,101,0,0,0,0,0
reply27-repair,199,5,3494793310840553472,536870912,88,0,0,0,0,0
reply27-repair,200,5,3603442651850866688,0,85,0,0,0,0,0
reply27-repair,201,5,5764607798046359552,8192,94,0,0,0,0,0
reply27-repair,202,5,5909285661064560640,0,82,0,0,0,0,0
reply27-repair,203,5,10376856491415048192,4,99,0,0,0,0,0
reply27-repair,204,5,10376856491415048192,8,90,0,0,0,0,0
reply27-repair,205,5,10376856491415048192,16,101,0,0,0,0,0
reply27-repair,206,5,10376856491415048192,32,91,0,0,0,0,0
reply27-repair,207,5,10376856491415048192,8192,101,0,0,0,0,0
reply27-repair,208,5,10376856491415048192,16384,97,0,0,0,0,0
reply27-repair,209,5,10376856491415048192,32768,89,0,0,0,0,0
reply27-repair,210,5,10376856491415048192,65536,92,0,0,0,0,0
reply27-repair,211,5,10376856491415048192,16777216,101,0,0,0,0,0
reply27-repair,212,5,10376856491415048192,134217728,100,0,0,0,0,0
reply27-repair,213,5,10376856491415048192,268435456,99,0,0,0,0,0
reply27-repair,214,5,10412885288434012160,0,84,0,0,0,0,0
reply27-repair,215,5,10448351135499551232,34359738368,98,0,0,0,0,0
reply27-repair,216,5,10448351135499551744,34359738368,101,0,0,0,0,0
reply27-repair,217,5,10448351135499552768,4,93,0,0,0,0,0
reply27-repair,218,5,10448351135499552768,8,93,0,0,0,0,0
reply27-repair,219,5,10448351135499552768,16,95,0,0,0,0,0
reply27-repair,220,5,10448351135499552768,32,94,0,0,0,0,0
reply27-repair,221,5,10448351135499552768,64,92,0,0,0,0,0
reply27-repair,222,5,10448351135499552768,128,90,0,0,0,0,0
reply27-repair,223,5,10448351135499552768,8192,95,0,0,0,0,0
reply27-repair,224,5,10448351135499552768,16384,98,0,0,0,0,0
reply27-repair,225,5,10448351135499552768,65536,92,0,0,0,0,0
reply27-repair,226,5,10448351135499552768,131072,95,0,0,0,0,0
reply27-repair,227,5,10448351135499552768,262144,95,0,0,0,0,0
reply27-repair,228,5,10448351135499552768,16777216,99,0,0,0,0,0
reply27-repair,229,5,10448351135499552768,33554432,96,0,0,0,0,0
reply27-repair,230,5,10448351135499552768,67108864,90,0,0,0,0,0
reply27-repair,231,5,10448351135499552768,134217728,102,0,0,0,0,0
reply27-repair,232,5,10448351135499552769,0,99,0,0,0,0,0
reply27-repair,233,5,10448351135499552770,0,95,0,0,0,0,0
reply27-repair,234,5,10448351135499552772,0,102,0,0,0,0,0
reply27-repair,235,5,10448351135499552776,0,91,0,0,0,0,0
reply27-repair,236,5,10448351135499552784,0,97,0,0,0,0,0
reply27-repair,237,5,10448351135499552800,0,96,0,0,0,0,0
reply27-repair,238,5,10448351135499552832,0,95,0,0,0,0,0
reply27-repair,239,5,10448351135499552896,0,102,0,0,0,0,0
reply27-repair,240,5,10448351135499553024,0,95,0,0,0,0,0
reply27-repair,241,5,10448351135499553280,0,102,0,0,0,0,0
reply27-repair,242,5,10448351135499553792,0,101,0,0,0,0,0
reply27-repair,243,5,10448351135499560960,0,99,0,0,0,0,0
reply27-repair,244,5,10448351135499569152,0,100,0,0,0,0,0
reply27-repair,245,5,10448351135499585536,0,89,0,0,0,0,0
reply27-repair,246,5,10448351135499814912,0,99,0,0,0,0,0
reply27-repair,247,5,10448351135500077056,0,97,0,0,0,0,0
reply27-repair,248,5,10448351135500599296,34359738368,96,0,0,0,0,0
reply27-repair,249,5,10448351135501647872,34359738368,103,0,0,0,0,0
reply27-repair,250,5,10448351135501649920,0,100,0,0,0,0,0
reply27-repair,251,5,10448351135503747072,0,98,0,0,0,0,0
reply27-repair,252,5,10448351135507941376,0,95,0,0,0,0,0
reply27-repair,253,5,10448351135533107200,0,102,0,0,0,0,0
reply27-repair,254,5,10448351135633770496,0,87,0,0,0,0,0
reply27-repair,255,5,10448351135767988224,0,101,0,0,0,0,0
reply27-repair,256,5,10448351136573294592,0,96,0,0,0,0,0
reply27-repair,257,5,10448351137647036416,0,102,0,0,0,0,0
reply27-repair,258,5,10448351139794520064,0,99,0,0,0,0,0
reply27-repair,259,5,10448351152679421952,0,97,0,0,0,0,0
reply27-repair,260,5,10448351204219029504,0,94,0,0,0,0,0
reply27-repair,261,5,10448351272938506240,0,95,0,0,0,0,0
reply27-repair,262,5,10448351410377459712,0,94,0,0,0,0,0
reply27-repair,263,5,10448351685255366656,0,94,0,0,0,0,0
reply27-repair,264,5,10448352235011180544,0,90,0,0,0,0,0
reply27-repair,265,5,10448353334522808320,0,99,0,0,0,0,0
reply27-repair,266,5,10448359931592574976,0,99,0,0,0,0,0
reply27-repair,267,5,10448368727685597184,0,90,0,0,0,0,0
reply27-repair,268,5,10448386319871641600,0,90,0,0,0,0,0
reply27-repair,269,5,10448421504243730432,0,96,0,0,0,0,0
reply27-repair,270,5,10448491872987908096,0,94,0,0,0,0,0
reply27-repair,271,5,10448632610476263424,0,92,0,0,0,0,0
reply27-repair,272,5,10448914085452974080,0,91,0,0,0,0,0
reply27-repair,273,5,10449477035406395392,0,89,0,0,0,0,0
reply27-repair,274,5,10450602935313238016,0,96,0,0,0,0,0
reply27-repair,275,5,10457358334754293760,0,93,0,0,0,0,0
reply27-repair,276,5,10466365534009034752,0,101,0,0,0,0,0
reply27-repair,277,5,14987979559889010696,4,100,0,0,0,0,0
reply27-repair,278,5,14987979559889010696,8,102,0,0,0,0,0
reply27-repair,279,5,14987979559889010696,16,102,0,0,0,0,0
reply27-repair,280,5,14987979559889010696,32,93,0,0,0,0,0
reply27-repair,281,5,14987979559889010696,8192,99,0,0,0,0,0
reply27-repair,282,5,14987979559889010696,16384,103,0,0,0,0,0
reply27-repair,283,5,14987979559889010696,32768,97,0,0,0,0,0
reply27-repair,284,5,14987979559889010696,65536,89,0,0,0,0,0
reply27-repair,285,5,14987979559889010696,16777216,103,0,0,0,0,0
reply27-repair,286,5,14987979559889010696,33554432,101,0,0,0,0,0
reply27-repair,287,5,14987979559889010696,67108864,96,0,0,0,0,0
