reply27-repair-s5,0,5,5908722711244308608,0,78,0,0,0,0,0
reply27-repair-s5,1,5,1297036692816920704,128,79,0,0,0,0,0
reply27-repair-s5,2,5,1297036709862572032,65,80,0,0,0,0,0
reply27-repair-s5,3,5,1585267068835463168,67108864,81,0,0,0,0,0
reply27-repair-s5,4,5,1297599642770342016,0,82,0,0,0,0,0
reply27-repair-s5,5,5,10412322338614804488,0,82,0,0,0,0,0
reply27-repair-s5,6,5,10448355533562839040,0,82,0,0,0,0,0
reply27-repair-s5,7,5,1585267068835463168,64,82,0,0,0,0,0
reply27-repair-s5,8,5,1297036692816920576,8193,82,0,0,0,0,0
reply27-repair-s5,9,5,1297036761536397440,0,84,0,0,0,0,0
reply27-repair-s5,10,5,1297038891840176256,0,84,0,0,0,0,0
reply27-repair-s5,11,5,3602879702030614656,0,84,0,0,0,0,0
reply27-repair-s5,12,5,10448356633057689600,0,84,0,0,0,0,0
reply27-repair-s5,13,5,10449481433452904448,0,84,0,0,0,0,0
reply27-repair-s5,14,5,1297036692816986240,0,85,0,0,0,0,0
reply27-repair-s5,15,5,10448356083301875712,0,85,0,0,0,0,0
reply27-repair-s5,16,5,1297038891840176128,8192,85,0,0,0,0,0
reply27-repair-s5,17,5,1297036692682706944,16385,85,0,0,0,0,0
reply27-repair-s5,18,5,1297036692682833920,16385,85,0,0,0,0,0
reply27-repair-s5,19,5,1297036692816920708,0,86,0,0,0,0,0
reply27-repair-s5,20,5,10448355533546061888,0,86,0,0,0,0,0
reply27-repair-s5,21,5,10448355533680279552,0,86,0,0,0,0,0
reply27-repair-s5,22,5,10448355534619803648,0,86,0,0,0,0,0
reply27-repair-s5,23,5,1297036692816920704,64,86,0,0,0,0,0
reply27-repair-s5,24,5,10448355533546061824,128,86,0,0,0,0,0
reply27-repair-s5,25,5,1297036692682768384,16385,86,0,0,0,0,0
reply27-repair-s5,26,5,1297036761402179584,16385,86,0,0,0,0,0
reply27-repair-s5,27,5,1297036967560609792,16385,86,0,0,0,0,0
reply27-repair-s5,28,5,1585267068835463168,65536,86,0,0,0,0,0
reply27-repair-s5,29,5,1152921779620020224,68719476736,86,0,0,0,0,0
reply27-repair-s5,30,5,1585267068835594240,0,87,0,0,0,0,0
reply27-repair-s5,31,5,10448355533546061832,0,87,0,0,0,0,0
reply27-repair-s5,32,5,10448355533546094592,0,87,0,0,0,0,0
reply27-repair-s5,33,5,10448355550725931008,0,87,0,0,0,0,0
reply27-repair-s5,34,5,10376293541595840520,8,87,0,0,0,0,0
reply27-repair-s5,35,5,1297036709862572032,9,87,0,0,0,0,0
reply27-repair-s5,36,5,1297036692816920704,32,87,0,0,0,0,0
reply27-repair-s5,37,5,1297036693756444672,16385,87,0,0,0,0,0
reply27-repair-s5,38,5,1297036830121656320,16385,87,0,0,0,0,0
reply27-repair-s5,39,5,1297036692825309312,0,88,0,0,0,0,0
reply27-repair-s5,40,5,1297036693085356160,0,88,0,0,0,0,0
reply27-repair-s5,41,5,1297037242572734592,0,88,0,0,0,0,0
reply27-repair-s5,42,5,10448355533546062080,0,88,0,0,0,0,0
reply27-repair-s5,43,5,10448355808423968768,0,88,0,0,0,0,0
reply27-repair-s5,44,5,10457362732800802816,0,88,0,0,0,0,0
reply27-repair-s5,45,5,10376293541595840520,32,88,0,0,0,0,0
reply27-repair-s5,46,5,10448355533546061824,64,88,0,0,0,0,0
reply27-repair-s5,47,5,5908722711244308480,8192,88,0,0,0,0,0
reply27-repair-s5,48,5,1297036692816920576,8194,88,0,0,0,0,0
reply27-repair-s5,49,5,1297036692816920576,10240,88,0,0,0,0,0
reply27-repair-s5,50,5,1297036692816920576,16385,88,0,0,0,0,0
reply27-repair-s5,51,5,1152921779618972672,68719476736,88,0,0,0,0,0
reply27-repair-s5,52,5,1585267068852240384,0,89,0,0,0,0,0
reply27-repair-s5,53,5,1585267069103898624,0,89,0,0,0,0,0
reply27-repair-s5,54,5,1585407806323818496,0,89,0,0,0,0,0
reply27-repair-s5,55,5,1585548543812173824,0,89,0,0,0,0,0
reply27-repair-s5,56,5,10448425902290239488,0,89,0,0,0,0,0
reply27-repair-s5,57,5,10448637008522772480,0,89,0,0,0,0,0
reply27-repair-s5,58,5,10448355533546061824,4,89,0,0,0,0,0
reply27-repair-s5,59,5,1297036692816920704,16,89,0,0,0,0,0
reply27-repair-s5,60,5,10448355533546061824,32,89,0,0,0,0,0
reply27-repair-s5,61,5,1297036709862572032,33,89,0,0,0,0,0
reply27-repair-s5,62,5,10448355533546061824,16384,89,0,0,0,0,0
reply27-repair-s5,63,5,1297036692816928896,0,90,0,0,0,0,0
reply27-repair-s5,64,5,1297036692817444992,0,90,0,0,0,0,0
reply27-repair-s5,65,5,1297036692850475136,0,90,0,0,0,0,0
reply27-repair-s5,66,5,1299288492630605952,0,90,0,0,0,0,0
reply27-repair-s5,67,5,10448390717918150656,0,90,0,0,0,0,0
reply27-repair-s5,68,5,10448355533546061824,8,90,0,0,0,0,0
reply27-repair-s5,69,5,1299288492630605824,8192,90,0,0,0,0,0
reply27-repair-s5,70,5,1297036692716257280,16385,90,0,0,0,0,0
reply27-repair-s5,71,5,1297036692816920768,0,91,0,0,0,0,0
reply27-repair-s5,72,5,1297036693890662528,0,91,0,0,0,0,0
reply27-repair-s5,73,5,1297036709996789888,0,91,0,0,0,0,0
reply27-repair-s5,74,5,1297036727176659072,0,91,0,0,0,0,0
reply27-repair-s5,75,5,1297107061561098368,0,91,0,0,0,0,0
reply27-repair-s5,76,5,1369094286854848640,0,91,0,0,0,0,0
reply27-repair-s5,77,5,1585267137554939904,0,91,0,0,0,0,0
reply27-repair-s5,78,5,1585268168347090944,0,91,0,0,0,0,0
reply27-repair-s5,79,5,10448355535693545472,0,91,0,0,0,0,0
reply27-repair-s5,80,5,10448355602265538560,0,91,0,0,0,0,0
reply27-repair-s5,81,5,10448496271034417152,0,91,0,0,0,0,0
reply27-repair-s5,82,5,10450607333359747072,0,91,0,0,0,0,0
reply27-repair-s5,83,5,1297036692682702864,16385,91,0,0,0,0,0
reply27-repair-s5,84,5,10376293541595840520,67108864,91,0,0,0,0,0
reply27-repair-s5,85,5,1152921504607895552,553910272,91,0,0,0,0,0
reply27-repair-s5,86,5,1297036692817969280,0,92,0,0,0,0,0
reply27-repair-s5,87,5,1297045488909942912,0,92,0,0,0,0,0
reply27-repair-s5,88,5,1585267068835479552,0,92,0,0,0,0,0
reply27-repair-s5,89,5,1585830018788884480,0,92,0,0,0,0,0
reply27-repair-s5,90,5,10448355533554450432,0,92,0,0,0,0,0
reply27-repair-s5,91,5,10448918483499483136,0,92,0,0,0,0,0
reply27-repair-s5,92,5,1297036709862572032,8193,92,0,0,0,0,0
reply27-repair-s5,93,5,1297036694830186496,16385,92,0,0,0,0,0
reply27-repair-s5,94,5,1297036709862572032,16385,92,0,0,0,0,0
reply27-repair-s5,95,5,1297037792194330624,16385,92,0,0,0,0,0
reply27-repair-s5,96,5,1297036692816920576,2105344,92,0,0,0,0,0
reply27-repair-s5,97,5,1297036692816920576,8396800,92,0,0,0,0,0
reply27-repair-s5,98,5,1585267068835463168,536870912,92,0,0,0,0,0
reply27-repair-s5,99,5,1224979098645823488,537133056,92,0,0,0,0,0
reply27-repair-s5,100,5,1297036692816920720,0,93,0,0,0,0,0
reply27-repair-s5,101,5,1297036692819017856,0,93,0,0,0,0,0
reply27-repair-s5,102,5,1297036692884029568,0,93,0,0,0,0,0
reply27-repair-s5,103,5,1297036697111888000,0,93,0,0,0,0,0
reply27-repair-s5,104,5,1297318167793631360,0,93,0,0,0,0,0
reply27-repair-s5,105,5,1585267068835463172,0,93,0,0,0,0,0
reply27-repair-s5,106,5,1585267068835463424,0,93,0,0,0,0,0
reply27-repair-s5,107,5,1585267068835528704,0,93,0,0,0,0,0
reply27-repair-s5,108,5,1585267069909204992,0,93,0,0,0,0,0
reply27-repair-s5,109,5,1585267206274416640,0,93,0,0,0,0,0
reply27-repair-s5,110,5,1585337437579640832,0,93,0,0,0,0,0
reply27-repair-s5,111,5,10448355533546061825,0,93,0,0,0,0,0
reply27-repair-s5,112,5,10448364329639084032,0,93,0,0,0,0,0
reply27-repair-s5,113,5,1585267068835463168,16,93,0,0,0,0,0
reply27-repair-s5,114,5,10448355533546061824,16,93,0,0,0,0,0
reply27-repair-s5,115,5,1585267068835463168,128,93,0,0,0,0,0
reply27-repair-s5,116,5,1585267068835463168,16384,93,0,0,0,0,0
reply27-repair-s5,117,5,1297036692682702852,16385,93,0,0,0,0,0
reply27-repair-s5,118,5,1297036692682702976,16385,93,0,0,0,0,0
reply27-repair-s5,119,5,1297036692683751424,16385,93,0,0,0,0,0
reply27-repair-s5,120,5,1297036692699480064,16385,93,0,0,0,0,0
reply27-repair-s5,121,5,1585267068835463168,16777216,93,0,0,0,0,0
reply27-repair-s5,122,5,14987979559889014784,67108864,93,0,0,0,0,0
reply27-repair-s5,123,5,1298162592723763328,0,94,0,0,0,0,0
reply27-repair-s5,124,5,1585267068835463200,0,94,0,0,0,0,0
reply27-repair-s5,125,5,1585267068835467264,0,94,0,0,0,0,0
reply27-repair-s5,126,5,1585267068835471360,0,94,0,0,0,0,0
reply27-repair-s5,127,5,1585267086015332352,0,94,0,0,0,0,0
reply27-repair-s5,128,5,1585267343713370112,0,94,0,0,0,0,0
reply27-repair-s5,129,5,10448355533546061840,0,94,0,0,0,0,0
reply27-repair-s5,130,5,10448355533546061856,0,94,0,0,0,0,0
reply27-repair-s5,131,5,10448355533546062848,0,94,0,0,0,0,0
reply27-repair-s5,132,5,10448355533814497280,0,94,0,0,0,0,0
reply27-repair-s5,133,5,1585267068835463168,8,94,0,0,0,0,0
reply27-repair-s5,134,5,1297036692682702880,16385,94,0,0,0,0,0
reply27-repair-s5,135,5,1297036692749811712,16385,94,0,0,0,0,0
reply27-repair-s5,136,5,1585267068835463168,131072,94,0,0,0,0,0
reply27-repair-s5,137,5,14987979559889014784,131072,94,0,0,0,0,0
reply27-repair-s5,138,5,1297036692816920960,0,95,0,0,0,0,0
reply27-repair-s5,139,5,1297036692817182848,0,95,0,0,0,0,0
reply27-repair-s5,140,5,1297036692821115008,0,95,0,0,0,0,0
reply27-repair-s5,141,5,1585302253207552000,0,95,0,0,0,0,0
reply27-repair-s5,142,5,10448355533546062336,0,95,0,0,0,0,0
reply27-repair-s5,143,5,10448355533546078208,0,95,0,0,0,0,0
reply27-repair-s5,144,5,10448373125732106240,0,95,0,0,0,0,0
reply27-repair-s5,145,5,1297036709862572032,5,95,0,0,0,0,0
reply27-repair-s5,146,5,1297036692817969152,8192,95,0,0,0,0,0
reply27-repair-s5,147,5,1306043892071661568,8192,95,0,0,0,0,0
reply27-repair-s5,148,5,1585267068835463168,8192,95,0,0,0,0,0
reply27-repair-s5,149,5,1297036692816920576,8704,95,0,0,0,0,0
reply27-repair-s5,150,5,1297036692682719232,16385,95,0,0,0,0,0
reply27-repair-s5,151,5,1297036692683227136,16385,95,0,0,0,0,0
reply27-repair-s5,152,5,1297036692686897152,16385,95,0,0,0,0,0
reply27-repair-s5,153,5,1297037242438516736,16385,95,0,0,0,0,0
reply27-repair-s5,154,5,14987979559889014784,33554432,95,0,0,0,0,0
reply27-repair-s5,155,5,14987979559889014784,268435456,95,0,0,0,0,0
reply27-repair-s5,156,5,1152956688979984384,537133056,95,0,0,0,0,0
reply27-repair-s5,157,5,1297036692816920706,0,96,0,0,0,0,0
reply27-repair-s5,158,5,1297036692816924800,0,96,0,0,0,0,0
reply27-repair-s5,159,5,1297036693353791616,0,96,0,0,0,0,0
reply27-repair-s5,160,5,1297036694964404352,0,96,0,0,0,0,0
reply27-repair-s5,161,5,1585267068835463169,0,96,0,0,0,0,0
reply27-repair-s5,162,5,1585267068835463296,0,96,0,0,0,0,0
reply27-repair-s5,163,5,1585267068835725312,0,96,0,0,0,0,0
reply27-repair-s5,164,5,1585267068839657472,0,96,0,0,0,0,0
reply27-repair-s5,165,5,10448355533546061826,0,96,0,0,0,0,0
reply27-repair-s5,166,5,10448355533546323968,0,96,0,0,0,0,0
reply27-repair-s5,167,5,1297037792328548352,8192,96,0,0,0,0,0
reply27-repair-s5,168,5,1297036692682702850,16385,96,0,0,0,0,0
reply27-repair-s5,169,5,1297036692682703104,16385,96,0,0,0,0,0
reply27-repair-s5,170,5,1297036692682711040,16385,96,0,0,0,0,0
reply27-repair-s5,171,5,1297036692682735616,16385,96,0,0,0,0,0
reply27-repair-s5,172,5,1297036692682964992,16385,96,0,0,0,0,0
reply27-repair-s5,173,5,1297036692684800000,16385,96,0,0,0,0,0
reply27-repair-s5,174,5,1297036692691091456,16385,96,0,0,0,0,0
reply27-repair-s5,175,5,14987979559889014784,65536,96,0,0,0,0,0
reply27-repair-s5,176,5,1585267068835463168,262144,96,0,0,0,0,0
reply27-repair-s5,177,5,1585267068835464192,0,97,0,0,0,0,0
reply27-repair-s5,178,5,1585267068835495936,0,97,0,0,0,0,0
reply27-repair-s5,179,5,1585267068869017600,0,97,0,0,0,0,0
reply27-repair-s5,180,5,1585267077425397760,0,97,0,0,0,0,0
reply27-repair-s5,181,5,1585267618591277056,0,97,0,0,0,0,0
reply27-repair-s5,182,5,10466369932055543808,0,97,0,0,0,0,0
reply27-repair-s5,183,5,1585267068835463168,32,97,0,0,0,0,0
reply27-repair-s5,184,5,1297036693353791488,8192,97,0,0,0,0,0
reply27-repair-s5,185,5,1297036697111887872,8192,97,0,0,0,0,0
reply27-repair-s5,186,5,10448355533546061824,8192,97,0,0,0,0,0
reply27-repair-s5,187,5,1297036692682703360,16385,97,0,0,0,0,0
reply27-repair-s5,188,5,1297036692682703872,16385,97,0,0,0,0,0
reply27-repair-s5,189,5,1585267068835463168,134217728,97,0,0,0,0,0
reply27-repair-s5,190,5,1297036701272637952,536870912,97,0,0,0,0,0
reply27-repair-s5,191,5,1297036692816921216,0,98,0,0,0,0,0
reply27-repair-s5,192,5,1585267068902572032,0,98,0,0,0,0,0
reply27-repair-s5,193,5,10448355533548158976,0,98,0,0,0,0,0
reply27-repair-s5,194,5,10448357732569317376,0,98,0,0,0,0,0
reply27-repair-s5,195,5,1585267068835463168,4,98,0,0,0,0,0
reply27-repair-s5,196,5,1297036692682702849,16385,98,0,0,0,0,0
reply27-repair-s5,197,5,1297036692682702912,16385,98,0,0,0,0,0
reply27-repair-s5,198,5,1297036727042441216,16385,98,0,0,0,0,0
reply27-repair-s5,199,5,10376293541595840520,32768,98,0,0,0,0,0
reply27-repair-s5,200,5,1297036701273686016,536870912,98,0,0,0,0,0
reply27-repair-s5,201,5,1188950301626859520,537133056,98,0,0,0,0,0
reply27-repair-s5,202,5,1152921504607895552,537149440,98,0,0,0,0,0
reply27-repair-s5,203,5,1297036692816937088,0,99,0,0,0,0,0
reply27-repair-s5,204,5,1585267068835463184,0,99,0,0,0,0,0
reply27-repair-s5,205,5,1585267068835987456,0,99,0,0,0,0,0
reply27-repair-s5,206,5,1585267070982946816,0,99,0,0,0,0,0
reply27-repair-s5,207,5,1585267073130430464,0,99,0,0,0,0,0
reply27-repair-s5,208,5,1594274268090204160,0,99,0,0,0,0,0
reply27-repair-s5,209,5,10448355533546061828,0,99,0,0,0,0,0
reply27-repair-s5,210,5,10448355533546061952,0,99,0,0,0,0,0
reply27-repair-s5,211,5,10448355533546070016,0,99,0,0,0,0,0
reply27-repair-s5,212,5,10448355533546192896,0,99,0,0,0,0,0
reply27-repair-s5,213,5,10448355533550256128,0,99,0,0,0,0,0
reply27-repair-s5,214,5,1297036692816920704,4,99,0,0,0,0,0
reply27-repair-s5,215,5,10376293541595840520,4,99,0,0,0,0,0
reply27-repair-s5,216,5,14987979559889014784,8,99,0,0,0,0,0
reply27-repair-s5,217,5,14987979559889014784,16,99,0,0,0,0,0
reply27-repair-s5,218,5,1297036692817182720,8192,99,0,0,0,0,0
reply27-repair-s5,219,5,1297036692819017728,8192,99,0,0,0,0,0
reply27-repair-s5,220,5,1297036692682702856,16385,99,0,0,0,0,0
reply27-repair-s5,221,5,1297036693219573760,16385,99,0,0,0,0,0
reply27-repair-s5,222,5,1297036696977670144,16385,99,0,0,0,0,0
reply27-repair-s5,223,5,1297041090863431808,0,100,0,0,0,0,0
reply27-repair-s5,224,5,1297054285002965120,0,100,0,0,0,0,0
reply27-repair-s5,225,5,1301540292444291200,0,100,0,0,0,0,0
reply27-repair-s5,226,5,1315051091326402688,0,100,0,0,0,0,0
reply27-repair-s5,227,5,1585267068835465216,0,100,0,0,0,0,0
reply27-repair-s5,228,5,1585267068843851776,0,100,0,0,0,0,0
reply27-repair-s5,229,5,1585267069372334080,0,100,0,0,0,0,0
reply27-repair-s5,230,5,10448355533579616256,0,100,0,0,0,0,0
reply27-repair-s5,231,5,14987979559889014784,32,100,0,0,0,0,0
reply27-repair-s5,232,5,1297036692817444864,8192,100,0,0,0,0,0
reply27-repair-s5,233,5,1297036694964404224,8192,100,0,0,0,0,0
reply27-repair-s5,234,5,14987979559889014784,16384,100,0,0,0,0,0
reply27-repair-s5,235,5,1297036692682704896,16385,100,0,0,0,0,0
reply27-repair-s5,236,5,14987979559889014784,32768,100,0,0,0,0,0
reply27-repair-s5,237,5,1152921504607897600,537133056,100,0,0,0,0,0
reply27-repair-s5,238,5,1152921513197830144,537133056,100,0,0,0,0,0
reply27-repair-s5,239,5,1152921521787764736,537133056,100,0,0,0,0,0
reply27-repair-s5,240,5,1152939096793939968,537133056,100,0,0,0,0,0
reply27-repair-s5,241,5,1152921504607895552,570687488,100,0,0,0,0,0
reply27-repair-s5,242,5,1297036692816922752,0,101,0,0,0,0,0
reply27-repair-s5,243,5,1306043892071661696,0,101,0,0,0,0,0
reply27-repair-s5,244,5,1585267068835463170,0,101,0,0,0,0,0
reply27-repair-s5,245,5,1585267068837560320,0,101,0,0,0,0,0
reply27-repair-s5,246,5,1585267103195201536,0,101,0,0,0,0,0
reply27-repair-s5,247,5,1589770668462833664,0,101,0,0,0,0,0
reply27-repair-s5,248,5,1301540292444291072,8192,101,0,0,0,0,0
reply27-repair-s5,249,5,1297036692816920576,9216,101,0,0,0,0,0
reply27-repair-s5,250,5,1585267068835463168,32768,101,0,0,0,0,0
reply27-repair-s5,251,5,1585267068835463232,0,102,0,0,0,0,0
reply27-repair-s5,252,5,14987979559889014784,4,102,0,0,0,0,0
reply27-repair-s5,253,5,10376293541595840520,16,102,0,0,0,0,0
reply27-repair-s5,254,5,1297036692816920832,8192,102,0,0,0,0,0
reply27-repair-s5,255,5,1297036692816921088,8192,102,0,0,0,0,0
reply27-repair-s5,256,5,1297036693890662400,8192,102,0,0,0,0,0
reply27-repair-s5,257,5,1297041090863431680,8192,102,0,0,0,0,0
reply27-repair-s5,258,5,1297045488909942784,8192,102,0,0,0,0,0
reply27-repair-s5,259,5,1315051091326402560,8192,102,0,0,0,0,0
reply27-repair-s5,260,5,1297036692816920576,12288,102,0,0,0,0,0
reply27-repair-s5,261,5,10376293541595840520,16384,102,0,0,0,0,0
reply27-repair-s5,262,5,1585267068835463168,33554432,102,0,0,0,0,0
reply27-repair-s5,263,5,1152921504606852096,537133056,102,0,0,0,0,0
reply27-repair-s5,264,5,1152921504607899648,537133056,102,0,0,0,0,0
reply27-repair-s5,265,5,1152921504612089856,537133056,102,0,0,0,0,0
reply27-repair-s5,266,5,1152921504616284160,537133056,102,0,0,0,0,0
reply27-repair-s5,267,5,1585267068835463168,34359738368,102,0,0,0,0,0
reply27-repair-s5,268,5,1152921504607895552,34896871424,102,0,0,0,0,0
reply27-repair-s5,269,5,1585267068835463680,0,103,0,0,0,0,0
reply27-repair-s5,270,5,1585271466881974272,0,103,0,0,0,0,0
reply27-repair-s5,271,5,1297036692816921600,8192,103,0,0,0,0,0
reply27-repair-s5,272,5,10376293541595840520,16777216,103,0,0,0,0,0
reply27-repair-s5,273,5,10376293541595840512,25165824,103,0,0,0,0,0
reply27-repair-s5,274,5,10376293541595840520,33554432,103,0,0,0,0,0
reply27-repair-s5,275,5,10376293541595840512,41943040,103,0,0,0,0,0
reply27-repair-s5,276,5,14987979559889014784,134217728,103,0,0,0,0,0
reply27-repair-s5,277,5,1585267068835463168,268435456,103,0,0,0,0,0
reply27-repair-s5,278,5,1297036701274734592,536870912,103,0,0,0,0,0
reply27-repair-s5,279,5,1152921504606851584,537133056,103,0,0,0,0,0
reply27-repair-s5,280,5,1152921504607895552,537133060,103,0,0,0,0,0
reply27-repair-s5,281,5,1152921504607895552,537133064,103,0,0,0,0,0
reply27-repair-s5,282,5,1585275864928485376,0,104,0,0,0,0,0
reply27-repair-s5,283,5,1603281467344945152,0,104,0,0,0,0,0
reply27-repair-s5,284,5,1297036701272638464,536870912,104,0,0,0,0,0
reply27-repair-s5,285,5,14987979559889014784,8192,105,0,0,0,0,0
reply27-repair-s5,286,5,14987979559889014784,16777216,105,0,0,0,0,0
