reply27-repair-s5,0,5,1333065489702748160,0,91,0,0,0,0,0
reply27-repair-s5,1,5,1333346964679426048,0,91,0,0,0,0,0
reply27-repair-s5,2,5,1333065489702715392,128,91,0,0,0,0,0
reply27-repair-s5,3,5,1333065489702846464,0,92,0,0,0,0,0
reply27-repair-s5,4,5,1333065489971150848,0,92,0,0,0,0,0
reply27-repair-s5,5,5,1333065489702715392,32,92,0,0,0,0,0
reply27-repair-s5,6,5,1333065489702715393,0,93,0,0,0,0,0
reply27-repair-s5,7,5,1333065489702723584,0,93,0,0,0,0,0
reply27-repair-s5,8,5,1333065489702715392,16,93,0,0,0,0,0
reply27-repair-s5,9,5,1333065489719492608,0,94,0,0,0,0,0
reply27-repair-s5,10,5,1333065627141668864,0,94,0,0,0,0,0
reply27-repair-s5,11,5,1333066039458529280,0,94,0,0,0,0,0
reply27-repair-s5,12,5,1333066589214343168,0,94,0,0,0,0,0
reply27-repair-s5,13,5,1333100674074804224,0,94,0,0,0,0,0
reply27-repair-s5,14,5,1333135858446893056,0,94,0,0,0,0,0
reply27-repair-s5,15,5,1333065489702715392,8,94,0,0,0,0,0
reply27-repair-s5,16,5,1333065489702719488,0,95,0,0,0,0,0
reply27-repair-s5,17,5,1333065489702715392,4,95,0,0,0,0,0
reply27-repair-s5,18,5,1333065489702715392,131072,95,0,0,0,0,0
reply27-repair-s5,19,5,1333065489702715392,16777216,95,0,0,0,0,0
reply27-repair-s5,20,5,1333065489702715392,134217728,95,0,0,0,0,0
reply27-repair-s5,21,5,1333065489702716416,0,96,0,0,0,0,0
reply27-repair-s5,22,5,1333065490776457216,0,96,0,0,0,0,0
reply27-repair-s5,23,5,10376293541461626880,33554434,96,0,0,0,0,0
reply27-repair-s5,24,5,1333065489702715396,0,97,0,0,0,0,0
reply27-repair-s5,25,5,1333065489706909696,0,97,0,0,0,0,0
reply27-repair-s5,26,5,1333065489736269824,0,97,0,0,0,0,0
reply27-repair-s5,27,5,1333065524062453760,0,97,0,0,0,0,0
reply27-repair-s5,28,5,10376293541461626880,67108866,97,0,0,0,0,0
reply27-repair-s5,29,5,1152921509036032032,68719476736,97,0,0,0,0,0
reply27-repair-s5,30,5,1161928703995805728,68719476736,97,0,0,0,0,0
reply27-repair-s5,31,5,1333065489702715520,0,98,0,0,0,0,0
reply27-repair-s5,32,5,1333065489702717440,0,98,0,0,0,0,0
reply27-repair-s5,33,5,1333065489769824256,0,98,0,0,0,0,0
reply27-repair-s5,34,5,1333065489702715392,16384,98,0,0,0,0,0
reply27-repair-s5,35,5,1333065489702715392,32768,98,0,0,0,0,0
reply27-repair-s5,36,5,1152921506888548384,68719476736,98,0,0,0,0,0
reply27-repair-s5,37,5,1333065489702715648,0,99,0,0,0,0,0
reply27-repair-s5,38,5,1333065491850199040,0,99,0,0,0,0,0
reply27-repair-s5,39,5,1333065498292649984,0,99,0,0,0,0,0
reply27-repair-s5,40,5,1333065506882584576,0,99,0,0,0,0,0
reply27-repair-s5,41,5,1342072688957456384,0,99,0,0,0,0,0
reply27-repair-s5,42,5,10376293541461626880,10,99,0,0,0,0,0
reply27-repair-s5,43,5,10376293541461626880,34,99,0,0,0,0,0
reply27-repair-s5,44,5,10376293541461626880,65538,99,0,0,0,0,0
reply27-repair-s5,45,5,10376293541461626880,268435458,99,0,0,0,0,0
reply27-repair-s5,46,5,1152930300834086944,68719476736,99,0,0,0,0,0
reply27-repair-s5,47,5,1152921504741064736,68719476737,99,0,0,0,0,0
reply27-repair-s5,48,5,10376293541461655552,68719476738,99,0,0,0,0,0
reply27-repair-s5,49,5,1333065489703239680,0,100,0,0,0,0,0
reply27-repair-s5,50,5,1333065489704812544,0,100,0,0,0,0,0
reply27-repair-s5,51,5,1333065493997682688,0,100,0,0,0,0,0
reply27-repair-s5,52,5,1333065764580622336,0,100,0,0,0,0,0
reply27-repair-s5,53,5,1333065489702715392,8192,100,0,0,0,0,0
reply27-repair-s5,54,5,10376293541461626880,16386,100,0,0,0,0,0
reply27-repair-s5,55,5,1333065489702715392,34359738368,100,0,0,0,0,0
reply27-repair-s5,56,5,10376293541461622785,68719476738,100,0,0,0,0,0
reply27-repair-s5,57,5,10376293541461622786,68719476738,100,0,0,0,0,0
reply27-repair-s5,58,5,1333065489702731776,0,101,0,0,0,0,0
reply27-repair-s5,59,5,1333065489702780928,0,101,0,0,0,0,0
reply27-repair-s5,60,5,1333065489702977536,0,101,0,0,0,0,0
reply27-repair-s5,61,5,1333065490239586304,0,101,0,0,0,0,0
reply27-repair-s5,62,5,1337569089330085888,0,101,0,0,0,0,0
reply27-repair-s5,63,5,1333065489702715392,262144,101,0,0,0,0,0
reply27-repair-s5,64,5,10376293541461622800,68719476738,101,0,0,0,0,0
reply27-repair-s5,65,5,1333065489702715394,0,102,0,0,0,0,0
reply27-repair-s5,66,5,10376293541461626880,6,102,0,0,0,0,0
reply27-repair-s5,67,5,10376293541461626880,32770,102,0,0,0,0,0
reply27-repair-s5,68,5,10376293541461622792,68719476738,102,0,0,0,0,0
reply27-repair-s5,69,5,10376293541461626880,68719476738,102,0,0,0,0,0
reply27-repair-s5,70,5,10376293541461630976,68719476738,102,0,0,0,0,0
reply27-repair-s5,71,5,1333065489702715400,0,103,0,0,0,0,0
reply27-repair-s5,72,5,1333065489702715408,0,103,0,0,0,0,0
reply27-repair-s5,73,5,1333065489702715456,0,103,0,0,0,0,0
reply27-repair-s5,74,5,1333065489702715904,0,103,0,0,0,0,0
reply27-repair-s5,75,5,1333065489711104000,0,103,0,0,0,0,0
reply27-repair-s5,76,5,1333069887749226496,0,103,0,0,0,0,0
reply27-repair-s5,77,5,1333065489702715392,33554432,103,0,0,0,0,0
reply27-repair-s5,78,5,1333065489702715392,268435456,103,0,0,0,0,0
reply27-repair-s5,79,5,1152921504743161888,68719476736,103,0,0,0,0,0
reply27-repair-s5,80,5,1152925902787575840,68719476736,103,0,0,0,0,0
reply27-repair-s5,81,5,1170935903250546720,68719476736,103,0,0,0,0,0
reply27-repair-s5,82,5,1333074285795737600,0,104,0,0,0,0,0
reply27-repair-s5,83,5,1351079888212197376,0,104,0,0,0,0,0
reply27-repair-s5,84,5,10376293541461626880,18,104,0,0,0,0,0
reply27-repair-s5,85,5,10376293541461626880,134217730,104,0,0,0,0,0
reply27-repair-s5,86,5,10376293541461626880,34359738370,104,0,0,0,0,0
reply27-repair-s5,87,5,10376293541461639168,68719476738,104,0,0,0,0,0
reply27-repair-s5,88,5,10376293541461626880,8194,105,0,0,0,0,0
reply27-repair-s5,89,5,10376293541461626880,16777218,105,0,0,0,0,0
reply27-repair-s5,90,5,10376293541461622788,68719476738,105,0,0,0,0,0
