reply27-class-completion,0,5,1585267068835463168,67108864,81,0,0,0,0,0
reply27-class-completion,1,5,1585267068835463168,64,82,0,0,0,0,0
reply27-class-completion,2,5,1585267068835463168,65536,86,0,0,0,0,0
reply27-class-completion,3,5,1152921779620020224,68719476736,86,0,0,0,0,0
reply27-class-completion,4,5,1585267068835594240,0,87,0,0,0,0,0
reply27-class-completion,5,5,1585267068852240384,0,89,0,0,0,0,0
reply27-class-completion,6,5,1585267069103898624,0,89,0,0,0,0,0
reply27-class-completion,7,5,1585407806323818496,0,89,0,0,0,0,0
reply27-class-completion,8,5,1585548543812173824,0,89,0,0,0,0,0
reply27-class-completion,9,5,1585267137554939904,0,91,0,0,0,0,0
reply27-class-completion,10,5,1585268168347090944,0,91,0,0,0,0,0
reply27-class-completion,11,5,1152921504607895552,553910272,91,0,0,0,0,0
reply27-class-completion,12,5,1585267068835479552,0,92,0,0,0,0,0
reply27-class-completion,13,5,1585830018788884480,0,92,0,0,0,0,0
reply27-class-completion,14,5,1585267068835463168,536870912,92,0,0,0,0,0
reply27-class-completion,15,5,1224979098645823488,537133056,92,0,0,0,0,0
reply27-class-completion,16,5,1585267068835463172,0,93,0,0,0,0,0
reply27-class-completion,17,5,1585267068835463424,0,93,0,0,0,0,0
reply27-class-completion,18,5,1585267068835528704,0,93,0,0,0,0,0
reply27-class-completion,19,5,1585267069909204992,0,93,0,0,0,0,0
reply27-class-completion,20,5,1585267206274416640,0,93,0,0,0,0,0
reply27-class-completion,21,5,1585337437579640832,0,93,0,0,0,0,0
reply27-class-completion,22,5,1585267068835463168,16,93,0,0,0,0,0
reply27-class-completion,23,5,1585267068835463168,128,93,0,0,0,0,0
reply27-class-completion,24,5,1585267068835463168,16384,93,0,0,0,0,0
reply27-class-completion,25,5,14987979559889014784,67108864,93,0,0,0,0,0
reply27-class-completion,26,5,1585267068835463200,0,94,0,0,0,0,0
reply27-class-completion,27,5,1585267068835467264,0,94,0,0,0,0,0
reply27-class-completion,28,5,1585267068835471360,0,94,0,0,0,0,0
reply27-class-completion,29,5,1585267086015332352,0,94,0,0,0,0,0
reply27-class-completion,30,5,1585267343713370112,0,94,0,0,0,0,0
reply27-class-completion,31,5,1585267068835463168,8,94,0,0,0,0,0
reply27-class-completion,32,5,1585267068835463168,131072,94,0,0,0,0,0
reply27-class-completion,33,5,14987979559889014784,131072,94,0,0,0,0,0
reply27-class-completion,34,5,1585302253207552000,0,95,0,0,0,0,0
reply27-class-completion,35,5,1585267068835463168,8192,95,0,0,0,0,0
reply27-class-completion,36,5,14987979559889014784,33554432,95,0,0,0,0,0
reply27-class-completion,37,5,14987979559889014784,268435456,95,0,0,0,0,0
reply27-class-completion,38,5,1152956688979984384,537133056,95,0,0,0,0,0
reply27-class-completion,39,5,1585267068835463169,0,96,0,0,0,0,0
reply27-class-completion,40,5,1585267068835725312,0,96,0,0,0,0,0
reply27-class-completion,41,5,14987979559889014784,65536,96,0,0,0,0,0
reply27-class-completion,42,5,1585267068835463168,262144,96,0,0,0,0,0
reply27-class-completion,43,5,1585267068835464192,0,97,0,0,0,0,0
reply27-class-completion,44,5,1585267068835495936,0,97,0,0,0,0,0
reply27-class-completion,45,5,1585267068869017600,0,97,0,0,0,0,0
reply27-class-completion,46,5,1585267077425397760,0,97,0,0,0,0,0
reply27-class-completion,47,5,1585267618591277056,0,97,0,0,0,0,0
reply27-class-completion,48,5,1585267068835463168,32,97,0,0,0,0,0
reply27-class-completion,49,5,1585267068835463168,134217728,97,0,0,0,0,0
reply27-class-completion,50,5,1585267068902572032,0,98,0,0,0,0,0
reply27-class-completion,51,5,1585267068835463168,4,98,0,0,0,0,0
reply27-class-completion,52,5,1188950301626859520,537133056,98,0,0,0,0,0
reply27-class-completion,53,5,1152921504607895552,537149440,98,0,0,0,0,0
reply27-class-completion,54,5,1585267068835463184,0,99,0,0,0,0,0
reply27-class-completion,55,5,1585267068835987456,0,99,0,0,0,0,0
reply27-class-completion,56,5,1585267070982946816,0,99,0,0,0,0,0
reply27-class-completion,57,5,1585267073130430464,0,99,0,0,0,0,0
reply27-class-completion,58,5,1594274268090204160,0,99,0,0,0,0,0
reply27-class-completion,59,5,14987979559889014784,8,99,0,0,0,0,0
reply27-class-completion,60,5,14987979559889014784,16,99,0,0,0,0,0
reply27-class-completion,61,5,1585267068835465216,0,100,0,0,0,0,0
reply27-class-completion,62,5,1585267068843851776,0,100,0,0,0,0,0
reply27-class-completion,63,5,1585267069372334080,0,100,0,0,0,0,0
reply27-class-completion,64,5,14987979559889014784,32,100,0,0,0,0,0
reply27-class-completion,65,5,14987979559889014784,16384,100,0,0,0,0,0
reply27-class-completion,66,5,14987979559889014784,32768,100,0,0,0,0,0
reply27-class-completion,67,5,1152921504607897600,537133056,100,0,0,0,0,0
reply27-class-completion,68,5,1152921521787764736,537133056,100,0,0,0,0,0
reply27-class-completion,69,5,1152939096793939968,537133056,100,0,0,0,0,0
reply27-class-completion,70,5,1152921504607895552,570687488,100,0,0,0,0,0
reply27-class-completion,71,5,1585267068835463170,0,101,0,0,0,0,0
reply27-class-completion,72,5,1585267068837560320,0,101,0,0,0,0,0
reply27-class-completion,73,5,1585267103195201536,0,101,0,0,0,0,0
reply27-class-completion,74,5,1589770668462833664,0,101,0,0,0,0,0
reply27-class-completion,75,5,1585267068835463168,32768,101,0,0,0,0,0
reply27-class-completion,76,5,1585267068835463232,0,102,0,0,0,0,0
reply27-class-completion,77,5,14987979559889014784,4,102,0,0,0,0,0
reply27-class-completion,78,5,1585267068835463168,33554432,102,0,0,0,0,0
reply27-class-completion,79,5,1152921504606852096,537133056,102,0,0,0,0,0
reply27-class-completion,80,5,1152921504607899648,537133056,102,0,0,0,0,0
reply27-class-completion,81,5,1152921504612089856,537133056,102,0,0,0,0,0
reply27-class-completion,82,5,1152921504616284160,537133056,102,0,0,0,0,0
reply27-class-completion,83,5,1585267068835463168,34359738368,102,0,0,0,0,0
reply27-class-completion,84,5,1152921504607895552,34896871424,102,0,0,0,0,0
reply27-class-completion,85,5,1585267068835463680,0,103,0,0,0,0,0
reply27-class-completion,86,5,1585271466881974272,0,103,0,0,0,0,0
reply27-class-completion,87,5,14987979559889014784,134217728,103,0,0,0,0,0
reply27-class-completion,88,5,1585267068835463168,268435456,103,0,0,0,0,0
reply27-class-completion,89,5,1152921504606851584,537133056,103,0,0,0,0,0
reply27-class-completion,90,5,1152921504607895552,537133060,103,0,0,0,0,0
reply27-class-completion,91,5,1152921504607895552,537133064,103,0,0,0,0,0
reply27-class-completion,92,5,1585275864928485376,0,104,0,0,0,0,0
reply27-class-completion,93,5,1603281467344945152,0,104,0,0,0,0,0
reply27-class-completion,94,5,14987979559889014784,8192,105,0,0,0,0,0
reply27-class-completion,95,5,14987979559889014784,16777216,105,0,0,0,0,0
