reply27-repair-s5,0,5,10448773347964616704,0,76,0,0,0,0,0
reply27-repair-s5,1,5,10448491873004683264,0,77,0,0,0,0,0
reply27-repair-s5,2,5,10448491873122123776,0,79,0,0,0,0,0
reply27-repair-s5,3,5,10448351136036421632,32,79,0,0,0,0,0
reply27-repair-s5,4,5,10448352235011178496,32,79,0,0,0,0,0
reply27-repair-s5,5,5,10448351204219027456,32,80,0,0,0,0,0
reply27-repair-s5,6,5,10412322338480590880,0,81,0,0,0,0,0
reply27-repair-s5,7,5,10412322338497368064,0,81,0,0,0,0,0
reply27-repair-s5,8,5,1297036692683751424,65538,81,0,0,0,0,0
reply27-repair-s5,9,5,10448491872987938816,0,82,0,0,0,0,0
reply27-repair-s5,10,5,10448562241732083712,0,82,0,0,0,0,0
reply27-repair-s5,11,5,10412322338480587776,68719476736,82,0,0,0,0,0
reply27-repair-s5,12,5,10412322338749026304,0,83,0,0,0,0,0
reply27-repair-s5,13,5,10412322407200067584,0,83,0,0,0,0,0
reply27-repair-s5,14,5,10414574138294276096,0,83,0,0,0,0,0
reply27-repair-s5,15,5,10448491941707382784,0,83,0,0,0,0,0
reply27-repair-s5,16,5,10448492972499533824,0,83,0,0,0,0,0
reply27-repair-s5,17,5,10448632610476261376,32,83,0,0,0,0,0
reply27-repair-s5,18,5,1297036692683751424,66,83,0,0,0,0,0
reply27-repair-s5,19,5,10412322338480590848,67108864,83,0,0,0,0,0
reply27-repair-s5,20,5,10412322338480590849,0,84,0,0,0,0,0
reply27-repair-s5,21,5,10412322338481115136,0,84,0,0,0,0,0
reply27-repair-s5,22,5,10412885288434012160,0,84,0,0,0,0,0
reply27-repair-s5,23,5,10448491872988954624,0,84,0,0,0,0,0
reply27-repair-s5,24,5,10450743672801591296,0,84,0,0,0,0,0
reply27-repair-s5,25,5,10448491872987906048,8,84,0,0,0,0,0
reply27-repair-s5,26,5,10448351135499616256,32,84,0,0,0,0,0
reply27-repair-s5,27,5,10448351135516327936,32,84,0,0,0,0,0
reply27-repair-s5,28,5,10412322338480590848,131072,84,0,0,0,0,0
reply27-repair-s5,29,5,10412322888236404736,0,85,0,0,0,0,0
reply27-repair-s5,30,5,10412339930666635264,0,85,0,0,0,0,0
reply27-repair-s5,31,5,10412357522852679680,0,85,0,0,0,0,0
reply27-repair-s5,32,5,10448491872996294656,0,85,0,0,0,0,0
reply27-repair-s5,33,5,10448492422743719936,0,85,0,0,0,0,0
reply27-repair-s5,34,5,1585267068834414720,8,85,0,0,0,0,0
reply27-repair-s5,35,5,10448351135499550728,32,85,0,0,0,0,0
reply27-repair-s5,36,5,10448351135499550784,32,85,0,0,0,0,0
reply27-repair-s5,37,5,10448351135499583488,32,85,0,0,0,0,0
reply27-repair-s5,38,5,10448351410377457664,32,85,0,0,0,0,0
reply27-repair-s5,39,5,10448914085452972032,32,85,0,0,0,0,0
reply27-repair-s5,40,5,1585267068834414720,64,85,0,0,0,0,0
reply27-repair-s5,41,5,1297036692683751424,67108866,85,0,0,0,0,0
reply27-repair-s5,42,5,1297036692683751456,536870912,85,0,0,0,0,0
reply27-repair-s5,43,5,10412322338480590856,0,86,0,0,0,0,0
reply27-repair-s5,44,5,10448491872987971584,0,86,0,0,0,0,0
reply27-repair-s5,45,5,10448491873524776960,0,86,0,0,0,0,0
reply27-repair-s5,46,5,10448491872987906048,16,86,0,0,0,0,0
reply27-repair-s5,47,5,10448351135500075008,32,86,0,0,0,0,0
reply27-repair-s5,48,5,10449477035406393344,32,86,0,0,0,0,0
reply27-repair-s5,49,5,10412322338480590848,128,86,0,0,0,0,0
reply27-repair-s5,50,5,10412322338480590848,65536,86,0,0,0,0,0
reply27-repair-s5,51,5,1297036692683751424,131074,86,0,0,0,0,0
reply27-repair-s5,52,5,1585267068834414724,0,87,0,0,0,0,0
reply27-repair-s5,53,5,1585267206273368192,0,87,0,0,0,0,0
reply27-repair-s5,54,5,1585407806322770048,0,87,0,0,0,0,0
reply27-repair-s5,55,5,10412322475919544320,0,87,0,0,0,0,0
reply27-repair-s5,56,5,10448492147865812992,0,87,0,0,0,0,0
reply27-repair-s5,57,5,10448509465173950464,0,87,0,0,0,0,0
reply27-repair-s5,58,5,10457499072242647040,0,87,0,0,0,0,0
reply27-repair-s5,59,5,10412322338480590848,4,87,0,0,0,0,0
reply27-repair-s5,60,5,10448351135499550752,32,87,0,0,0,0,0
reply27-repair-s5,61,5,10448351144089485312,32,87,0,0,0,0,0
reply27-repair-s5,62,5,10450602935313235968,32,87,0,0,0,0,0
reply27-repair-s5,63,5,10412322338480590848,16384,87,0,0,0,0,0
reply27-repair-s5,64,5,10412322338480590848,32768,87,0,0,0,0,0
reply27-repair-s5,65,5,1188950301626859552,536870912,87,0,0,0,0,0
reply27-repair-s5,66,5,10412322338481635328,68719476736,87,0,0,0,0,0
reply27-repair-s5,67,5,1585267068851191936,0,88,0,0,0,0,0
reply27-repair-s5,68,5,1585267086014283904,0,88,0,0,0,0,0
reply27-repair-s5,69,5,10412322338480721920,0,88,0,0,0,0,0
reply27-repair-s5,70,5,10412322347070525440,0,88,0,0,0,0,0
reply27-repair-s5,71,5,10416825938107961344,0,88,0,0,0,0,0
reply27-repair-s5,72,5,10448491872987906056,0,88,0,0,0,0,0
reply27-repair-s5,73,5,10448491872987906080,0,88,0,0,0,0,0
reply27-repair-s5,74,5,10448491872987922432,0,88,0,0,0,0,0
reply27-repair-s5,75,5,1297036692683751424,18,88,0,0,0,0,0
reply27-repair-s5,76,5,10448351135499550722,32,88,0,0,0,0,0
reply27-repair-s5,77,5,10448351272938504192,32,88,0,0,0,0,0
reply27-repair-s5,78,5,10448491872987906048,32,88,0,0,0,0,0
reply27-repair-s5,79,5,1585267068834414720,128,88,0,0,0,0,0
reply27-repair-s5,80,5,1152921779618971776,8192,88,0,0,0,0,0
reply27-repair-s5,81,5,10412322338480590848,33554432,88,0,0,0,0,0
reply27-repair-s5,82,5,1585267068834545792,0,89,0,0,0,0,0
reply27-repair-s5,83,5,1585267068867969152,0,89,0,0,0,0,0
reply27-repair-s5,84,5,1585337437578592384,0,89,0,0,0,0,0
reply27-repair-s5,85,5,10412322338480599040,0,89,0,0,0,0,0
reply27-repair-s5,86,5,10413448238387433472,0,89,0,0,0,0,0
reply27-repair-s5,87,5,10448491872987906112,0,89,0,0,0,0,0
reply27-repair-s5,88,5,10448491872987906304,0,89,0,0,0,0,0
reply27-repair-s5,89,5,10448527057359994880,0,89,0,0,0,0,0
reply27-repair-s5,90,5,10412322338480590848,32,89,0,0,0,0,0
reply27-repair-s5,91,5,10448355533546061824,32,89,0,0,0,0,0
reply27-repair-s5,92,5,1155173579432656896,8192,89,0,0,0,0,0
reply27-repair-s5,93,5,1297036692683751424,32770,89,0,0,0,0,0
reply27-repair-s5,94,5,14987979559889010696,65536,89,0,0,0,0,0
reply27-repair-s5,95,5,1297036692683751424,268435458,89,0,0,0,0,0
reply27-repair-s5,96,5,1152956688979984416,536870912,89,0,0,0,0,0
reply27-repair-s5,97,5,1585548543811125376,0,90,0,0,0,0,0
reply27-repair-s5,98,5,10412322338547699712,0,90,0,0,0,0,0
reply27-repair-s5,99,5,10412323437992218624,0,90,0,0,0,0,0
reply27-repair-s5,100,5,10412392707224768512,0,90,0,0,0,0,0
reply27-repair-s5,101,5,10448491874061647872,0,90,0,0,0,0,0
reply27-repair-s5,102,5,10448491881577840640,0,90,0,0,0,0,0
reply27-repair-s5,103,5,10448491890167775232,0,90,0,0,0,0,0
reply27-repair-s5,104,5,10449054822941327360,0,90,0,0,0,0,0
reply27-repair-s5,105,5,10448351135499550721,32,90,0,0,0,0,0
reply27-repair-s5,106,5,10448351135503745024,32,90,0,0,0,0,0
reply27-repair-s5,107,5,1297036692683751424,34,90,0,0,0,0,0
reply27-repair-s5,108,5,1152921783913938944,8192,90,0,0,0,0,0
reply27-repair-s5,109,5,1152923978642227200,8192,90,0,0,0,0,0
reply27-repair-s5,110,5,1152921504607899680,536870912,90,0,0,0,0,0
reply27-repair-s5,111,5,1585267068834480256,0,91,0,0,0,0,0
reply27-repair-s5,112,5,1586392968741257344,0,91,0,0,0,0,0
reply27-repair-s5,113,5,10412322338480591872,0,91,0,0,0,0,0
reply27-repair-s5,114,5,10412322338480592896,0,91,0,0,0,0,0
reply27-repair-s5,115,5,10448491873256341504,0,91,0,0,0,0,0
reply27-repair-s5,116,5,10448496271034417152,0,91,0,0,0,0,0
reply27-repair-s5,117,5,10448500669080928256,0,91,0,0,0,0,0
reply27-repair-s5,118,5,1585267068834414720,16,91,0,0,0,0,0
reply27-repair-s5,119,5,10448351135499550976,32,91,0,0,0,0,0
reply27-repair-s5,120,5,10448351135500599296,32,91,0,0,0,0,0
reply27-repair-s5,121,5,10448351135767986176,32,91,0,0,0,0,0
reply27-repair-s5,122,5,10448351152679419904,32,91,0,0,0,0,0
reply27-repair-s5,123,5,1152921780692713472,8192,91,0,0,0,0,0
reply27-repair-s5,124,5,1152921779618971648,10240,91,0,0,0,0,0
reply27-repair-s5,125,5,1152921779618971648,4202496,91,0,0,0,0,0
reply27-repair-s5,126,5,1152921504606852128,536870912,91,0,0,0,0,0
reply27-repair-s5,127,5,1152921504616284192,536870912,91,0,0,0,0,0
reply27-repair-s5,128,5,1585267069102850176,0,92,0,0,0,0,0
reply27-repair-s5,129,5,1585267137553891456,0,92,0,0,0,0,0
reply27-repair-s5,130,5,1585302253206503552,0,92,0,0,0,0,0
reply27-repair-s5,131,5,1585830018787836032,0,92,0,0,0,0,0
reply27-repair-s5,132,5,10412322338480590852,0,92,0,0,0,0,0
reply27-repair-s5,133,5,10412324537503846400,0,92,0,0,0,0,0
reply27-repair-s5,134,5,10448491872987914240,0,92,0,0,0,0,0
reply27-repair-s5,135,5,10448491872988168192,0,92,0,0,0,0,0
reply27-repair-s5,136,5,10448491872988430336,0,92,0,0,0,0,0
reply27-repair-s5,137,5,10448491875135389696,0,92,0,0,0,0,0
reply27-repair-s5,138,5,10448491877282873344,0,92,0,0,0,0,0
reply27-repair-s5,139,5,10448492010426859520,0,92,0,0,0,0,0
reply27-repair-s5,140,5,1585267068834414720,32,92,0,0,0,0,0
reply27-repair-s5,141,5,10448351135499550848,32,92,0,0,0,0,0
reply27-repair-s5,142,5,10448351135499558912,32,92,0,0,0,0,0
reply27-repair-s5,143,5,1152921779619233792,8192,92,0,0,0,0,0
reply27-repair-s5,144,5,1152921779618971648,8396800,92,0,0,0,0,0
reply27-repair-s5,145,5,1152921504607897632,536870912,92,0,0,0,0,0
reply27-repair-s5,146,5,1224979098645823520,536870912,92,0,0,0,0,0
reply27-repair-s5,147,5,1585267068834414752,0,93,0,0,0,0,0
reply27-repair-s5,148,5,1585267069908156544,0,93,0,0,0,0,0
reply27-repair-s5,149,5,1585269267857670272,0,93,0,0,0,0,0
reply27-repair-s5,150,5,10412322338480591104,0,93,0,0,0,0,0
reply27-repair-s5,151,5,10412322338480607232,0,93,0,0,0,0,0
reply27-repair-s5,152,5,10412322338488979456,0,93,0,0,0,0,0
reply27-repair-s5,153,5,10412322340628074496,0,93,0,0,0,0,0
reply27-repair-s5,154,5,10412322613358497792,0,93,0,0,0,0,0
reply27-repair-s5,155,5,10412326736527101952,0,93,0,0,0,0,0
reply27-repair-s5,156,5,10448491872987906050,0,93,0,0,0,0,0
reply27-repair-s5,157,5,10448491872988037120,0,93,0,0,0,0,0
reply27-repair-s5,158,5,10448351136573292544,32,93,0,0,0,0,0
reply27-repair-s5,159,5,10448359931592572928,32,93,0,0,0,0,0
reply27-repair-s5,160,5,14987979559889010696,32,93,0,0,0,0,0
reply27-repair-s5,161,5,1152921779620020224,8192,93,0,0,0,0,0
reply27-repair-s5,162,5,1152922879130599424,8192,93,0,0,0,0,0
reply27-repair-s5,163,5,1152921779618971648,9216,93,0,0,0,0,0
reply27-repair-s5,164,5,1297036692683751424,33554434,93,0,0,0,0,0
reply27-repair-s5,165,5,1152939096793940000,536870912,93,0,0,0,0,0
reply27-repair-s5,166,5,1152921504607895584,536870920,93,0,0,0,0,0
reply27-repair-s5,167,5,1152921504607895584,553648128,93,0,0,0,0,0
reply27-repair-s5,168,5,1585267068834422912,0,94,0,0,0,0,0
reply27-repair-s5,169,5,1585267068842803328,0,94,0,0,0,0,0
reply27-repair-s5,170,5,10412322338480656384,0,94,0,0,0,0,0
reply27-repair-s5,171,5,10448491872987906049,0,94,0,0,0,0,0
reply27-repair-s5,172,5,10448491872987906560,0,94,0,0,0,0,0
reply27-repair-s5,173,5,10448491872987908096,0,94,0,0,0,0,0
reply27-repair-s5,174,5,10448491873021460480,0,94,0,0,0,0,0
reply27-repair-s5,175,5,10448351135499552768,32,94,0,0,0,0,0
reply27-repair-s5,176,5,10448351135533105152,32,94,0,0,0,0,0
reply27-repair-s5,177,5,1152921779618971904,8192,94,0,0,0,0,0
reply27-repair-s5,178,5,5764607798046359552,8192,94,0,0,0,0,0
reply27-repair-s5,179,5,10412322338480590848,8192,94,0,0,0,0,0
reply27-repair-s5,180,5,1152921779618971648,8193,94,0,0,0,0,0
reply27-repair-s5,181,5,10412322338480590848,262144,94,0,0,0,0,0
reply27-repair-s5,182,5,1152921504607895584,570425344,94,0,0,0,0,0
reply27-repair-s5,183,5,1585267068834431104,0,95,0,0,0,0,0
reply27-repair-s5,184,5,1585267068834447488,0,95,0,0,0,0,0
reply27-repair-s5,185,5,1585267343712321664,0,95,0,0,0,0,0
reply27-repair-s5,186,5,10412322338480590850,0,95,0,0,0,0,0
reply27-repair-s5,187,5,10412322338481639424,0,95,0,0,0,0,0
reply27-repair-s5,188,5,10412322339554332672,0,95,0,0,0,0,0
reply27-repair-s5,189,5,10412322355660460032,0,95,0,0,0,0,0
reply27-repair-s5,190,5,10421329537735331840,0,95,0,0,0,0,0
reply27-repair-s5,191,5,10448491872987906064,0,95,0,0,0,0,0
reply27-repair-s5,192,5,10448491872987906176,0,95,0,0,0,0,0
reply27-repair-s5,193,5,10448491872987907072,0,95,0,0,0,0,0
reply27-repair-s5,194,5,1299288492496388096,5,95,0,0,0,0,0
reply27-repair-s5,195,5,1297036692683751424,10,95,0,0,0,0,0
reply27-repair-s5,196,5,10448351135499550736,32,95,0,0,0,0,0
reply27-repair-s5,197,5,10448351135499551232,32,95,0,0,0,0,0
reply27-repair-s5,198,5,10448351135499551744,32,95,0,0,0,0,0
reply27-repair-s5,199,5,10448351135499812864,32,95,0,0,0,0,0
reply27-repair-s5,200,5,10448353334522806272,32,95,0,0,0,0,0
reply27-repair-s5,201,5,1161928978873712640,8192,95,0,0,0,0,0
reply27-repair-s5,202,5,1297036692683751424,16386,95,0,0,0,0,0
reply27-repair-s5,203,5,1152921779618971648,2105344,95,0,0,0,0,0
reply27-repair-s5,204,5,1297036692683751424,16777218,95,0,0,0,0,0
reply27-repair-s5,205,5,1585267068834418816,0,96,0,0,0,0,0
reply27-repair-s5,206,5,1585267068835463296,0,96,0,0,0,0,0
reply27-repair-s5,207,5,1585267068838609024,0,96,0,0,0,0,0
reply27-repair-s5,208,5,1585267070981898368,0,96,0,0,0,0,0
reply27-repair-s5,209,5,1585267103194153088,0,96,0,0,0,0,0
reply27-repair-s5,210,5,1585284661020459136,0,96,0,0,0,0,0
reply27-repair-s5,211,5,10412322338480590864,0,96,0,0,0,0,0
reply27-repair-s5,212,5,10412322338482688000,0,96,0,0,0,0,0
reply27-repair-s5,213,5,10412331134573613056,0,96,0,0,0,0,0
reply27-repair-s5,214,5,10448491872987906052,0,96,0,0,0,0,0
reply27-repair-s5,215,5,10448491872992100352,0,96,0,0,0,0,0
reply27-repair-s5,216,5,10448494072011161600,0,96,0,0,0,0,0
reply27-repair-s5,217,5,1585267068834414720,4,96,0,0,0,0,0
reply27-repair-s5,218,5,1297036692683751424,6,96,0,0,0,0,0
reply27-repair-s5,219,5,10448351135499550724,32,96,0,0,0,0,0
reply27-repair-s5,220,5,10448351135499681792,32,96,0,0,0,0,0
reply27-repair-s5,221,5,10448351137647034368,32,96,0,0,0,0,0
reply27-repair-s5,222,5,1152921779618972672,8192,96,0,0,0,0,0
reply27-repair-s5,223,5,1152926177665482752,8192,96,0,0,0,0,0
reply27-repair-s5,224,5,1152921779618971648,8194,96,0,0,0,0,0
reply27-repair-s5,225,5,1297036692683751424,8194,96,0,0,0,0,0
reply27-repair-s5,226,5,14987979559889010696,67108864,96,0,0,0,0,0
reply27-repair-s5,227,5,1297036692683751424,134217730,96,0,0,0,0,0
reply27-repair-s5,228,5,1152921504606851616,536870912,96,0,0,0,0,0
reply27-repair-s5,229,5,1152921521787764768,536870912,96,0,0,0,0,0
reply27-repair-s5,230,5,1585267068834414976,0,97,0,0,0,0,0
reply27-repair-s5,231,5,1585267068834939008,0,97,0,0,0,0,0
reply27-repair-s5,232,5,1585267068836511872,0,97,0,0,0,0,0
reply27-repair-s5,233,5,10412322338480590912,0,97,0,0,0,0,0
reply27-repair-s5,234,5,10412322338480590976,0,97,0,0,0,0,0
reply27-repair-s5,235,5,10412322338480591360,0,97,0,0,0,0,0
reply27-repair-s5,236,5,10412322339017461760,0,97,0,0,0,0,0
reply27-repair-s5,237,5,10448491872990003200,0,97,0,0,0,0,0
reply27-repair-s5,238,5,14987979559889010696,32768,97,0,0,0,0,0
reply27-repair-s5,239,5,10412322338480590848,268435456,97,0,0,0,0,0
reply27-repair-s5,240,5,1152921504612089888,536870912,97,0,0,0,0,0
reply27-repair-s5,241,5,1152921504607895584,536870916,97,0,0,0,0,0
reply27-repair-s5,242,5,1152921504607895584,536887296,97,0,0,0,0,0
reply27-repair-s5,243,5,1152921513196782080,537133056,97,0,0,0,0,0
reply27-repair-s5,244,5,1297036692683751424,34359738370,97,0,0,0,0,0
reply27-repair-s5,245,5,1585267068834414736,0,98,0,0,0,0,0
reply27-repair-s5,246,5,1585267618590228608,0,98,0,0,0,0,0
reply27-repair-s5,247,5,1585275864927436928,0,98,0,0,0,0,0
reply27-repair-s5,248,5,10412322342775558144,0,98,0,0,0,0,0
reply27-repair-s5,249,5,10448351135501647872,32,98,0,0,0,0,0
reply27-repair-s5,250,5,1152921781766455296,8192,98,0,0,0,0,0
reply27-repair-s5,251,5,1152921779618971648,8704,98,0,0,0,0,0
reply27-repair-s5,252,5,1152921504607895584,34896609280,98,0,0,0,0,0
reply27-repair-s5,253,5,1585267068834414784,0,99,0,0,0,0,0
reply27-repair-s5,254,5,1585267068834415744,0,99,0,0,0,0,0
reply27-repair-s5,255,5,1587518868648099968,0,99,0,0,0,0,0
reply27-repair-s5,256,5,1152921779621068800,8192,99,0,0,0,0,0
reply27-repair-s5,257,5,1152921780155842560,8192,99,0,0,0,0,0
reply27-repair-s5,258,5,14987979559889010696,8192,99,0,0,0,0,0
reply27-repair-s5,259,5,1152921779618971648,41943040,99,0,0,0,0,0
reply27-repair-s5,260,5,14987979559889010696,4,100,0,0,0,0,0
reply27-repair-s5,261,5,1152921779618972160,8192,100,0,0,0,0,0
reply27-repair-s5,262,5,1152921779619495936,8192,100,0,0,0,0,0
reply27-repair-s5,263,5,1157425379246342144,8192,100,0,0,0,0,0
reply27-repair-s5,264,5,1152921779618971648,25165824,100,0,0,0,0,0
reply27-repair-s5,265,5,1152921513197830144,537133056,100,0,0,0,0,0
reply27-repair-s5,266,5,1585267068834416768,0,101,0,0,0,0,0
reply27-repair-s5,267,5,1585267068901523584,0,101,0,0,0,0,0
reply27-repair-s5,268,5,1585267069371285632,0,101,0,0,0,0,0
reply27-repair-s5,269,5,1589770668461785216,0,101,0,0,0,0,0
reply27-repair-s5,270,5,1170936178128453632,8192,101,0,0,0,0,0
reply27-repair-s5,271,5,1152921779618971648,12288,101,0,0,0,0,0
reply27-repair-s5,272,5,14987979559889010696,33554432,101,0,0,0,0,0
reply27-repair-s5,273,5,1585267068834415232,0,102,0,0,0,0,0
reply27-repair-s5,274,5,1585267073129382016,0,102,0,0,0,0,0
reply27-repair-s5,275,5,1585271466880925824,0,102,0,0,0,0,0
reply27-repair-s5,276,5,1594274268089155712,0,102,0,0,0,0,0
reply27-repair-s5,277,5,1603281467343896704,0,102,0,0,0,0,0
reply27-repair-s5,278,5,14987979559889010696,8,102,0,0,0,0,0
reply27-repair-s5,279,5,14987979559889010696,16,102,0,0,0,0,0
reply27-repair-s5,280,5,14987979559889010696,16384,103,0,0,0,0,0
reply27-repair-s5,281,5,14987979559889010696,16777216,103,0,0,0,0,0
reply27-repair-s5,282,5,1152921513196782592,537133056,103,0,0,0,0,0
reply27-repair-s5,283,5,1152921513198878720,537133056,103,0,0,0,0,0
