reply27-repair-s5,0,5,3602879702030614560,0,79,0,0,0,0,0
reply27-repair-s5,1,5,1297036830255874080,0,80,0,0,0,0,0
reply27-repair-s5,2,5,1297036692683751424,65792,80,0,0,0,0,0
reply27-repair-s5,3,5,1297036761536397344,0,81,0,0,0,0,0
reply27-repair-s5,4,5,1297038891840176160,0,81,0,0,0,0,0
reply27-repair-s5,5,5,10448351135633768480,0,81,0,0,0,0,0
reply27-repair-s5,6,5,10448351169859289096,0,81,0,0,0,0,0
reply27-repair-s5,7,5,5910974510923792384,0,82,0,0,0,0,0
reply27-repair-s5,8,5,10376294640973254656,64,82,0,0,0,0,0
reply27-repair-s5,9,5,1297036692682702976,65,82,0,0,0,0,0
reply27-repair-s5,10,5,1152921526215901184,262144,82,0,0,0,0,0
reply27-repair-s5,11,5,1152965485072023552,536870912,82,0,0,0,0,0
reply27-repair-s5,12,5,1297036693085356064,0,83,0,0,0,0,0
reply27-repair-s5,13,5,1333065490104320000,0,83,0,0,0,0,0
reply27-repair-s5,14,5,10448351135499616264,0,83,0,0,0,0,0
reply27-repair-s5,15,5,10448351136036421640,0,83,0,0,0,0,0
reply27-repair-s5,16,5,10448352235011178504,0,83,0,0,0,0,0
reply27-repair-s5,17,5,10452854735126921224,0,83,0,0,0,0,0
reply27-repair-s5,18,5,10448351135499550728,67108864,83,0,0,0,0,0
reply27-repair-s5,19,5,1297036692682702976,134217729,83,0,0,0,0,0
reply27-repair-s5,20,5,1297045488775790592,536870912,83,0,0,0,0,0
reply27-repair-s5,21,5,5908722711110107264,0,84,0,0,0,0,0
reply27-repair-s5,22,5,5908722711118495744,0,84,0,0,0,0,0
reply27-repair-s5,23,5,5908722712183848960,0,84,0,0,0,0,0
reply27-repair-s5,24,5,10448351685255364616,0,84,0,0,0,0,0
reply27-repair-s5,25,5,1297036692682702976,9,84,0,0,0,0,0
reply27-repair-s5,26,5,10377419441368469504,64,84,0,0,0,0,0
reply27-repair-s5,27,5,10448351135499554816,64,84,0,0,0,0,0
reply27-repair-s5,28,5,5908722711110107136,128,84,0,0,0,0,0
reply27-repair-s5,29,5,1297036692682702976,65537,84,0,0,0,0,0
reply27-repair-s5,30,5,10376293541461626880,131136,84,0,0,0,0,0
reply27-repair-s5,31,5,1297599642636648448,33554432,84,0,0,0,0,0
reply27-repair-s5,32,5,1297036692816920736,0,85,0,0,0,0,0
reply27-repair-s5,33,5,1297036727176658976,0,85,0,0,0,0,0
reply27-repair-s5,34,5,1297037242572734496,0,85,0,0,0,0,0
reply27-repair-s5,35,5,1297599642636652544,0,85,0,0,0,0,0
reply27-repair-s5,36,5,1299288492630605856,0,85,0,0,0,0,0
reply27-repair-s5,37,5,3603442651850342400,0,85,0,0,0,0,0
reply27-repair-s5,38,5,5908722711110172672,0,85,0,0,0,0,0
reply27-repair-s5,39,5,5908722728289976320,0,85,0,0,0,0,0
reply27-repair-s5,40,5,5908793079854284800,0,85,0,0,0,0,0
reply27-repair-s5,41,5,10664523917613596672,16,85,0,0,0,0,0
reply27-repair-s5,42,5,10448351135499550728,32,85,0,0,0,0,0
reply27-repair-s5,43,5,1297036692683751424,320,85,0,0,0,0,0
reply27-repair-s5,44,5,1297036692683751424,67109120,85,0,0,0,0,0
reply27-repair-s5,45,5,1152921788209037312,0,86,0,0,0,0,0
reply27-repair-s5,46,5,1152921805388775424,0,86,0,0,0,0,0
reply27-repair-s5,47,5,1152930584301928448,0,86,0,0,0,0,0
reply27-repair-s5,48,5,1297036692884029472,0,86,0,0,0,0,0
reply27-repair-s5,49,5,1297177430305275936,0,86,0,0,0,0,0
reply27-repair-s5,50,5,1297318167793631264,0,86,0,0,0,0,0
reply27-repair-s5,51,5,1333066039591698432,0,86,0,0,0,0,0
reply27-repair-s5,52,5,10448351135499550984,0,86,0,0,0,0,0
reply27-repair-s5,53,5,10450602935313235976,0,86,0,0,0,0,0
reply27-repair-s5,54,5,1152930575711993856,8,86,0,0,0,0,0
reply27-repair-s5,55,5,1297036692682702976,17,86,0,0,0,0,0
reply27-repair-s5,56,5,10376293542535368704,64,86,0,0,0,0,0
reply27-repair-s5,57,5,10376293610181103616,64,86,0,0,0,0,0
reply27-repair-s5,58,5,10448351135499550728,32768,86,0,0,0,0,0
reply27-repair-s5,59,5,5908722711110107136,131072,86,0,0,0,0,0
reply27-repair-s5,60,5,10664523917613596672,131072,86,0,0,0,0,0
reply27-repair-s5,61,5,1152925919967444992,262144,86,0,0,0,0,0
reply27-repair-s5,62,5,10664523917613596672,67108864,86,0,0,0,0,0
reply27-repair-s5,63,5,10376293541461626880,67108928,86,0,0,0,0,0
reply27-repair-s5,64,5,1224987894737862656,536870912,86,0,0,0,0,0
reply27-repair-s5,65,5,1152921788217294848,0,87,0,0,0,0,0
reply27-repair-s5,66,5,1152921822568644608,0,87,0,0,0,0,0
reply27-repair-s5,67,5,1152921925647859712,0,87,0,0,0,0,0
reply27-repair-s5,68,5,1153071313200349184,0,87,0,0,0,0,0
reply27-repair-s5,69,5,1153203263185616896,0,87,0,0,0,0,0
reply27-repair-s5,70,5,1297599642636648480,0,87,0,0,0,0,0
reply27-repair-s5,71,5,1335317289649569792,0,87,0,0,0,0,0
reply27-repair-s5,72,5,5908722848549060608,0,87,0,0,0,0,0
reply27-repair-s5,73,5,5909285661063528448,0,87,0,0,0,0,0
reply27-repair-s5,74,5,10448355533546061832,0,87,0,0,0,0,0
reply27-repair-s5,75,5,10448632610476261384,0,87,0,0,0,0,0
reply27-repair-s5,76,5,5908722711110107136,16,87,0,0,0,0,0
reply27-repair-s5,77,5,10664523917613596672,32,87,0,0,0,0,0
reply27-repair-s5,78,5,10376293541462675456,64,87,0,0,0,0,0
reply27-repair-s5,79,5,10376856491415048192,64,87,0,0,0,0,0
reply27-repair-s5,80,5,10664523917613338624,64,87,0,0,0,0,0
reply27-repair-s5,81,5,12682136550675320832,64,87,0,0,0,0,0
reply27-repair-s5,82,5,10664523917613596672,32768,87,0,0,0,0,0
reply27-repair-s5,83,5,1152923720944189440,262144,87,0,0,0,0,0
reply27-repair-s5,84,5,1441156278939287552,262144,87,0,0,0,0,0
reply27-repair-s5,85,5,1152921788208922624,0,88,0,0,0,0,0
reply27-repair-s5,86,5,1153062525697261568,0,88,0,0,0,0,0
reply27-repair-s5,87,5,1153212050688704512,0,88,0,0,0,0,0
reply27-repair-s5,88,5,1224979382246834176,0,88,0,0,0,0,0
reply27-repair-s5,89,5,1297036692850475040,0,88,0,0,0,0,0
reply27-repair-s5,90,5,1297037792328548384,0,88,0,0,0,0,0
reply27-repair-s5,91,5,1297599642636656640,0,88,0,0,0,0,0
reply27-repair-s5,92,5,1297599642636713984,0,88,0,0,0,0,0
reply27-repair-s5,93,5,1297600192392462336,0,88,0,0,0,0,0
reply27-repair-s5,94,5,1297881117613359104,0,88,0,0,0,0,0
reply27-repair-s5,95,5,1585830018787835912,0,88,0,0,0,0,0
reply27-repair-s5,96,5,5908722711378542592,0,88,0,0,0,0,0
reply27-repair-s5,97,5,5908724910133362688,0,88,0,0,0,0,0
reply27-repair-s5,98,5,5908740303296151552,0,88,0,0,0,0,0
reply27-repair-s5,99,5,5909285661064036352,0,88,0,0,0,0,0
reply27-repair-s5,100,5,10412885288434016256,0,88,0,0,0,0,0
reply27-repair-s5,101,5,10448351135499554824,0,88,0,0,0,0,0
reply27-repair-s5,102,5,10448386319871639560,0,88,0,0,0,0,0
reply27-repair-s5,103,5,10448491872987906056,0,88,0,0,0,0,0
reply27-repair-s5,104,5,10376293541595840544,32,88,0,0,0,0,0
reply27-repair-s5,105,5,10376856491415052288,32,88,0,0,0,0,0
reply27-repair-s5,106,5,1297036692682702976,33,88,0,0,0,0,0
reply27-repair-s5,107,5,10376293541461627904,64,88,0,0,0,0,0
reply27-repair-s5,108,5,10376293541528735744,64,88,0,0,0,0,0
reply27-repair-s5,109,5,10378545341275312128,64,88,0,0,0,0,0
reply27-repair-s5,110,5,10448351135499550728,64,88,0,0,0,0,0
reply27-repair-s5,111,5,10952754293765050368,64,88,0,0,0,0,0
reply27-repair-s5,112,5,1297599642636648448,128,88,0,0,0,0,0
reply27-repair-s5,113,5,10448351135499550728,128,88,0,0,0,0,0
reply27-repair-s5,114,5,1297036692683751424,288,88,0,0,0,0,0
reply27-repair-s5,115,5,10664523917613596672,16384,88,0,0,0,0,0
reply27-repair-s5,116,5,1297599642636648448,32768,88,0,0,0,0,0
reply27-repair-s5,117,5,1152925902787575808,270336,88,0,0,0,0,0
reply27-repair-s5,118,5,1152925902787575808,294912,88,0,0,0,0,0
reply27-repair-s5,119,5,1729382257044488192,33554434,88,0,0,0,0,0
reply27-repair-s5,120,5,1152930309289869312,536870912,88,0,0,0,0,0
reply27-repair-s5,121,5,10376575016438334464,68719476736,88,0,0,0,0,0
reply27-repair-s5,122,5,1152921788208939008,0,89,0,0,0,0,0
reply27-repair-s5,123,5,1297036692816920609,0,89,0,0,0,0,0
reply27-repair-s5,124,5,1297036692816920672,0,89,0,0,0,0,0
reply27-repair-s5,125,5,1297599642636779520,0,89,0,0,0,0,0
reply27-repair-s5,126,5,1333065489835950080,0,89,0,0,0,0,0
reply27-repair-s5,127,5,1333067688859140096,0,89,0,0,0,0,0
reply27-repair-s5,128,5,5908722711110369280,0,89,0,0,0,0,0
reply27-repair-s5,129,5,5913226310737477632,0,89,0,0,0,0,0
reply27-repair-s5,130,5,10448351135499550760,0,89,0,0,0,0,0
reply27-repair-s5,131,5,10449477035406393352,0,89,0,0,0,0,0
reply27-repair-s5,132,5,10457358334754291720,0,89,0,0,0,0,0
reply27-repair-s5,133,5,10448351135499550728,8,89,0,0,0,0,0
reply27-repair-s5,134,5,10376293541595840512,10,89,0,0,0,0,0
reply27-repair-s5,135,5,10376293541462151168,64,89,0,0,0,0,0
reply27-repair-s5,136,5,10376293541478404096,64,89,0,0,0,0,0
reply27-repair-s5,137,5,10376363910205804544,64,89,0,0,0,0,0
reply27-repair-s5,138,5,10376856491415052288,32768,89,0,0,0,0,0
reply27-repair-s5,139,5,10376293541461626880,65600,89,0,0,0,0,0
reply27-repair-s5,140,5,1224983496825503744,262144,89,0,0,0,0,0
reply27-repair-s5,141,5,10664523917613596672,16777216,89,0,0,0,0,0
reply27-repair-s5,142,5,1152921788208906368,0,90,0,0,0,0,0
reply27-repair-s5,143,5,1152921788209168384,0,90,0,0,0,0,0
reply27-repair-s5,144,5,1152921788477341696,0,90,0,0,0,0,0
reply27-repair-s5,145,5,1152921789282648064,0,90,0,0,0,0,0
reply27-repair-s5,146,5,1152921792503873536,0,90,0,0,0,0,0
reply27-repair-s5,147,5,1297036692816920624,0,90,0,0,0,0,0
reply27-repair-s5,148,5,1297036692825309216,0,90,0,0,0,0,0
reply27-repair-s5,149,5,1297036693353791520,0,90,0,0,0,0,0
reply27-repair-s5,150,5,1297599642636681216,0,90,0,0,0,0,0
reply27-repair-s5,151,5,1297599643710390272,0,90,0,0,0,0,0
reply27-repair-s5,152,5,1333065489836015616,0,90,0,0,0,0,0
reply27-repair-s5,153,5,1585267069102850056,0,90,0,0,0,0,0
reply27-repair-s5,154,5,5908722711110107137,0,90,0,0,0,0,0
reply27-repair-s5,155,5,5908722711110111232,0,90,0,0,0,0,0
reply27-repair-s5,156,5,5908723260865921024,0,90,0,0,0,0,0
reply27-repair-s5,157,5,5908723810621734912,0,90,0,0,0,0,0
reply27-repair-s5,158,5,10448351135500075016,0,90,0,0,0,0,0
reply27-repair-s5,159,5,10448351410377457672,0,90,0,0,0,0,0
reply27-repair-s5,160,5,10448914085452972040,0,90,0,0,0,0,0
reply27-repair-s5,161,5,10448351135499550728,4,90,0,0,0,0,0
reply27-repair-s5,162,5,10376293678900580352,64,90,0,0,0,0,0
reply27-repair-s5,163,5,14987979559889014784,64,90,0,0,0,0,0
reply27-repair-s5,164,5,1297036692682702976,8193,90,0,0,0,0,0
reply27-repair-s5,165,5,1152921521921458176,262144,90,0,0,0,0,0
reply27-repair-s5,166,5,1297041090863431680,262144,90,0,0,0,0,0
reply27-repair-s5,167,5,10448351135499550728,262144,90,0,0,0,0,0
reply27-repair-s5,168,5,1152925902787575808,278528,90,0,0,0,0,0
reply27-repair-s5,169,5,1152925911243358208,536870912,90,0,0,0,0,0
reply27-repair-s5,170,5,1152930300699934720,553648128,90,0,0,0,0,0
reply27-repair-s5,171,5,1152921788208906304,0,91,0,0,0,0,0
reply27-repair-s5,172,5,1152921788208910336,0,91,0,0,0,0,0
reply27-repair-s5,173,5,1297036692816921632,0,91,0,0,0,0,0
reply27-repair-s5,174,5,1297107061561098272,0,91,0,0,0,0,0
reply27-repair-s5,175,5,1297599643173519360,0,91,0,0,0,0,0
reply27-repair-s5,176,5,1333065489835884672,0,91,0,0,0,0,0
reply27-repair-s5,177,5,1586392968741257224,0,91,0,0,0,0,0
reply27-repair-s5,178,5,5908722711110107152,0,91,0,0,0,0,0
reply27-repair-s5,179,5,5908722711110115328,0,91,0,0,0,0,0
reply27-repair-s5,180,5,5908722711112204288,0,91,0,0,0,0,0
reply27-repair-s5,181,5,5908722711143661568,0,91,0,0,0,0,0
reply27-repair-s5,182,5,10448351135499552776,0,91,0,0,0,0,0
reply27-repair-s5,183,5,10448351144089485320,0,91,0,0,0,0,0
reply27-repair-s5,184,5,10448421504243728392,0,91,0,0,0,0,0
reply27-repair-s5,185,5,10448351135499550728,16,91,0,0,0,0,0
reply27-repair-s5,186,5,10376293541461626880,192,91,0,0,0,0,0
reply27-repair-s5,187,5,1297036692683751424,272,91,0,0,0,0,0
reply27-repair-s5,188,5,1152921521920934912,262144,91,0,0,0,0,0
reply27-repair-s5,189,5,1152925911377510400,262144,91,0,0,0,0,0
reply27-repair-s5,190,5,1188954699806539776,262144,91,0,0,0,0,0
reply27-repair-s5,191,5,1729382257044488704,33554432,91,0,0,0,0,0
reply27-repair-s5,192,5,10952754293899264000,33554432,91,0,0,0,0,0
reply27-repair-s5,193,5,1152921513196847616,536870912,91,0,0,0,0,0
reply27-repair-s5,194,5,1153202979584610304,536870912,91,0,0,0,0,0
reply27-repair-s5,195,5,1297036692682702976,68719476737,91,0,0,0,0,0
reply27-repair-s5,196,5,1152921788208906496,0,92,0,0,0,0,0
reply27-repair-s5,197,5,1152921788209954816,0,92,0,0,0,0,0
reply27-repair-s5,198,5,1152921788242460672,0,92,0,0,0,0,0
reply27-repair-s5,199,5,1224988169749921792,0,92,0,0,0,0,0
reply27-repair-s5,200,5,1297036692816920616,0,92,0,0,0,0,0
reply27-repair-s5,201,5,1297036693890662432,0,92,0,0,0,0,0
reply27-repair-s5,202,5,1297599642636648576,0,92,0,0,0,0,0
reply27-repair-s5,203,5,1297600742148276224,0,92,0,0,0,0,0
reply27-repair-s5,204,5,1585267068834676744,0,92,0,0,0,0,0
reply27-repair-s5,205,5,1587518868648099848,0,92,0,0,0,0,0
reply27-repair-s5,206,5,5908722745469845504,0,92,0,0,0,0,0
reply27-repair-s5,207,5,5908757895482195968,0,92,0,0,0,0,0
reply27-repair-s5,208,5,10448351135499681800,0,92,0,0,0,0,0
reply27-repair-s5,209,5,10448351135500599304,0,92,0,0,0,0,0
reply27-repair-s5,210,5,10448351137647034376,0,92,0,0,0,0,0
reply27-repair-s5,211,5,10448351152679419912,0,92,0,0,0,0,0
reply27-repair-s5,212,5,10448351272938504200,0,92,0,0,0,0,0
reply27-repair-s5,213,5,10448368727685595144,0,92,0,0,0,0,0
reply27-repair-s5,214,5,1152930575711993856,16,92,0,0,0,0,0
reply27-repair-s5,215,5,1873497444986126592,16,92,0,0,0,0,0
reply27-repair-s5,216,5,10376293558641496064,64,92,0,0,0,0,0
reply27-repair-s5,217,5,10376293541595840512,32770,92,0,0,0,0,0
reply27-repair-s5,218,5,10448351135499550728,131072,92,0,0,0,0,0
reply27-repair-s5,219,5,1729382261339455488,33554432,92,0,0,0,0,0
reply27-repair-s5,220,5,10448351135499550728,33554432,92,0,0,0,0,0
reply27-repair-s5,221,5,10448351135499550728,134217728,92,0,0,0,0,0
reply27-repair-s5,222,5,1153202979584606209,536870912,92,0,0,0,0,0
reply27-repair-s5,223,5,1152930300699934720,536870916,92,0,0,0,0,0
reply27-repair-s5,224,5,1152930300699934720,536870920,92,0,0,0,0,0
reply27-repair-s5,225,5,1152921779485802496,536887296,92,0,0,0,0,0
reply27-repair-s5,226,5,1152921788208906241,0,93,0,0,0,0,0
reply27-repair-s5,227,5,1152921788208906256,0,93,0,0,0,0,0
reply27-repair-s5,228,5,1297036692816920610,0,93,0,0,0,0,0
reply27-repair-s5,229,5,1297036692817182752,0,93,0,0,0,0,0
reply27-repair-s5,230,5,1297036692821114912,0,93,0,0,0,0,0
reply27-repair-s5,231,5,1297036694964404256,0,93,0,0,0,0,0
reply27-repair-s5,232,5,1298725542543491072,0,93,0,0,0,0,0
reply27-repair-s5,233,5,1315614041146130432,0,93,0,0,0,0,0
reply27-repair-s5,234,5,1333066589347512320,0,93,0,0,0,0,0
reply27-repair-s5,235,5,1441160951863705600,0,93,0,0,0,0,0
reply27-repair-s5,236,5,1585267068834414728,0,93,0,0,0,0,0
reply27-repair-s5,237,5,1585267068834414856,0,93,0,0,0,0,0
reply27-repair-s5,238,5,1585267618590228488,0,93,0,0,0,0,0
reply27-repair-s5,239,5,1873778919962837248,0,93,0,0,0,0,0
reply27-repair-s5,240,5,5908722715405074432,0,93,0,0,0,0,0
reply27-repair-s5,241,5,5917729910364848128,0,93,0,0,0,0,0
reply27-repair-s5,242,5,10448351135499558920,0,93,0,0,0,0,0
reply27-repair-s5,243,5,10448914085452980224,0,93,0,0,0,0,0
reply27-repair-s5,244,5,1873497444986126592,8,93,0,0,0,0,0
reply27-repair-s5,245,5,5908722711110107136,8,93,0,0,0,0,0
reply27-repair-s5,246,5,14987979559889010816,32,93,0,0,0,0,0
reply27-repair-s5,247,5,10376293541595840512,34,93,0,0,0,0,0
reply27-repair-s5,248,5,10376293541461626881,64,93,0,0,0,0,0
reply27-repair-s5,249,5,10376293541461757952,64,93,0,0,0,0,0
reply27-repair-s5,250,5,10376294091217440768,64,93,0,0,0,0,0
reply27-repair-s5,251,5,10376856491415052288,64,93,0,0,0,0,0
reply27-repair-s5,252,5,10376293541461626880,65,93,0,0,0,0,0
reply27-repair-s5,253,5,10376293541461626880,96,93,0,0,0,0,0
reply27-repair-s5,254,5,5908722711110107136,8192,93,0,0,0,0,0
reply27-repair-s5,255,5,1297036692682702976,16385,93,0,0,0,0,0
reply27-repair-s5,256,5,10664523917613596672,65536,93,0,0,0,0,0
reply27-repair-s5,257,5,1152925902787575808,262148,93,0,0,0,0,0
reply27-repair-s5,258,5,10376293541595840544,67108864,93,0,0,0,0,0
reply27-repair-s5,259,5,1152921513197895680,536870912,93,0,0,0,0,0
reply27-repair-s5,260,5,1188959097718898688,536870912,93,0,0,0,0,0
reply27-repair-s5,261,5,1225260573622534144,536870912,93,0,0,0,0,0
reply27-repair-s5,262,5,1297318167660462080,536870912,93,0,0,0,0,0
reply27-repair-s5,263,5,1152921788208907264,0,94,0,0,0,0,0
reply27-repair-s5,264,5,1152921788208914432,0,94,0,0,0,0,0
reply27-repair-s5,265,5,1188959372730957824,0,94,0,0,0,0,0
reply27-repair-s5,266,5,1297036692816928800,0,94,0,0,0,0,0
reply27-repair-s5,267,5,1297036697111887904,0,94,0,0,0,0,0
reply27-repair-s5,268,5,1297036701406855200,0,94,0,0,0,0,0
reply27-repair-s5,269,5,1297045488909942816,0,94,0,0,0,0,0
reply27-repair-s5,270,5,1297634827008737280,0,94,0,0,0,0,0
reply27-repair-s5,271,5,1297740380125003776,0,94,0,0,0,0,0
reply27-repair-s5,272,5,1299851442450333696,0,94,0,0,0,0,0
reply27-repair-s5,273,5,1301540292310343680,0,94,0,0,0,0,0
reply27-repair-s5,274,5,1333065491983368192,0,94,0,0,0,0,0
reply27-repair-s5,275,5,1585267070981898248,0,94,0,0,0,0,0
reply27-repair-s5,276,5,1585268168346042376,0,94,0,0,0,0,0
reply27-repair-s5,277,5,1585830018788360192,0,94,0,0,0,0,0
reply27-repair-s5,278,5,1874060394939547904,0,94,0,0,0,0,0
reply27-repair-s5,279,5,5908722711110109184,0,94,0,0,0,0,0
reply27-repair-s5,280,5,5908722711110631424,0,94,0,0,0,0,0
reply27-repair-s5,281,5,5908722719700041728,0,94,0,0,0,0,0
reply27-repair-s5,282,5,10448351135499550729,0,94,0,0,0,0,0
reply27-repair-s5,283,5,10448351135499550744,0,94,0,0,0,0,0
reply27-repair-s5,284,5,10448351139794518024,0,94,0,0,0,0,0
reply27-repair-s5,285,5,10448353334522806280,0,94,0,0,0,0,0
reply27-repair-s5,286,5,5908722711110107136,4,94,0,0,0,0,0
reply27-repair-s5,287,5,10376293541595840544,16,94,0,0,0,0,0
reply27-repair-s5,288,5,10376293541461626912,64,94,0,0,0,0,0
reply27-repair-s5,289,5,10376293541495181312,64,94,0,0,0,0,0
reply27-repair-s5,290,5,10376293816339533824,64,94,0,0,0,0,0
reply27-repair-s5,291,5,10376293541595840544,8192,94,0,0,0,0,0
reply27-repair-s5,292,5,10448351135499550728,8192,94,0,0,0,0,0
reply27-repair-s5,293,5,10376293541595840512,8194,94,0,0,0,0,0
reply27-repair-s5,294,5,10448351135499550728,16384,94,0,0,0,0,0
reply27-repair-s5,295,5,1297599642636648448,131072,94,0,0,0,0,0
reply27-repair-s5,296,5,1152921521921982464,262144,94,0,0,0,0,0
reply27-repair-s5,297,5,1297599642636648448,262144,94,0,0,0,0,0
reply27-repair-s5,298,5,1301540292310335488,262144,94,0,0,0,0,0
reply27-repair-s5,299,5,1297036692682702976,16777217,94,0,0,0,0,0
reply27-repair-s5,300,5,1297036692682702976,67108865,94,0,0,0,0,0
reply27-repair-s5,301,5,1729382256918659584,536870912,94,0,0,0,0,0
reply27-repair-s5,302,5,1152921504607895552,537141248,94,0,0,0,0,0
reply27-repair-s5,303,5,1152930300699934720,570425344,94,0,0,0,0,0
reply27-repair-s5,304,5,1153000944456171520,0,95,0,0,0,0,0
reply27-repair-s5,305,5,1297036692816921120,0,95,0,0,0,0,0
reply27-repair-s5,306,5,1297036692819017760,0,95,0,0,0,0,0
reply27-repair-s5,307,5,1297054285002965024,0,95,0,0,0,0,0
reply27-repair-s5,308,5,1297599642636648450,0,95,0,0,0,0,0
reply27-repair-s5,309,5,1301541391821963264,0,95,0,0,0,0,0
reply27-repair-s5,310,5,1301575476682424320,0,95,0,0,0,0,0
reply27-repair-s5,311,5,1333065489835885568,0,95,0,0,0,0,0
reply27-repair-s5,312,5,1585267068834938888,0,95,0,0,0,0,0
reply27-repair-s5,313,5,1585269267857670152,0,95,0,0,0,0,0
reply27-repair-s5,314,5,1585271466880925704,0,95,0,0,0,0,0
reply27-repair-s5,315,5,1873497994741940480,0,95,0,0,0,0,0
reply27-repair-s5,316,5,1873532629358215424,0,95,0,0,0,0,0
reply27-repair-s5,317,5,1873567813730304256,0,95,0,0,0,0,0
reply27-repair-s5,318,5,3607383301524029440,0,95,0,0,0,0,0
reply27-repair-s5,319,5,10448351135499550730,0,95,0,0,0,0,0
reply27-repair-s5,320,5,10448351135499550856,0,95,0,0,0,0,0
reply27-repair-s5,321,5,1297599642636648448,8,95,0,0,0,0,0
reply27-repair-s5,322,5,10376293541461626888,64,95,0,0,0,0,0
reply27-repair-s5,323,5,10376293541461692416,64,95,0,0,0,0,0
reply27-repair-s5,324,5,10376293541461889024,64,95,0,0,0,0,0
reply27-repair-s5,325,5,10380797141088997376,64,95,0,0,0,0,0
reply27-repair-s5,326,5,10664523917613596672,8192,95,0,0,0,0,0
reply27-repair-s5,327,5,5908722711110107136,32768,95,0,0,0,0,0
reply27-repair-s5,328,5,1152930575711993856,65536,95,0,0,0,0,0
reply27-repair-s5,329,5,10376293541595840544,65536,95,0,0,0,0,0
reply27-repair-s5,330,5,10376293541461626880,33554496,95,0,0,0,0,0
reply27-repair-s5,331,5,10376363910205816832,268435456,95,0,0,0,0,0
reply27-repair-s5,332,5,1153220571770650624,536870912,95,0,0,0,0,0
reply27-repair-s5,333,5,1152921779484754944,536887296,95,0,0,0,0,0
reply27-repair-s5,334,5,1152921790356389888,0,96,0,0,0,0,0
reply27-repair-s5,335,5,1152992156953083904,0,96,0,0,0,0,0
reply27-repair-s5,336,5,1297036692817444896,0,96,0,0,0,0,0
reply27-repair-s5,337,5,1297599642636648960,0,96,0,0,0,0,0
reply27-repair-s5,338,5,1297599642645037056,0,96,0,0,0,0,0
reply27-repair-s5,339,5,1301540842066149376,0,96,0,0,0,0,0
reply27-repair-s5,340,5,1301542491333591040,0,96,0,0,0,0,0
reply27-repair-s5,341,5,1333065489835884608,0,96,0,0,0,0,0
reply27-repair-s5,342,5,1333065489836408832,0,96,0,0,0,0,0
reply27-repair-s5,343,5,1333065489837981696,0,96,0,0,0,0,0
reply27-repair-s5,344,5,1333065494130851840,0,96,0,0,0,0,0
reply27-repair-s5,345,5,1369657236674576384,0,96,0,0,0,0,0
reply27-repair-s5,346,5,1585267068834414664,0,96,0,0,0,0,0
reply27-repair-s5,347,5,1873497444986130688,0,96,0,0,0,0,0
reply27-repair-s5,348,5,1873497444987175168,0,96,0,0,0,0,0
reply27-repair-s5,349,5,1873638182474481920,0,96,0,0,0,0,0
reply27-repair-s5,350,5,5908722711110107138,0,96,0,0,0,0,0
reply27-repair-s5,351,5,5908722711110107144,0,96,0,0,0,0,0
reply27-repair-s5,352,5,5908722711110107200,0,96,0,0,0,0,0
reply27-repair-s5,353,5,10412392707224780800,0,96,0,0,0,0,0
reply27-repair-s5,354,5,10448351135499551240,0,96,0,0,0,0,0
reply27-repair-s5,355,5,10448351135499567112,0,96,0,0,0,0,0
reply27-repair-s5,356,5,14987979559889010816,8,96,0,0,0,0,0
reply27-repair-s5,357,5,1873497444986126592,32,96,0,0,0,0,0
reply27-repair-s5,358,5,10376293541461626884,64,96,0,0,0,0,0
reply27-repair-s5,359,5,10376293541461626896,64,96,0,0,0,0,0
reply27-repair-s5,360,5,10376297939508137984,64,96,0,0,0,0,0
reply27-repair-s5,361,5,10376328725833715712,64,96,0,0,0,0,0
reply27-repair-s5,362,5,10376293541461626880,66,96,0,0,0,0,0
reply27-repair-s5,363,5,10376293541461626880,68,96,0,0,0,0,0
reply27-repair-s5,364,5,10376293541461626880,80,96,0,0,0,0,0
reply27-repair-s5,365,5,1297036692683751424,260,96,0,0,0,0,0
reply27-repair-s5,366,5,1152930575711993856,8192,96,0,0,0,0,0
reply27-repair-s5,367,5,1152930575711993856,16384,96,0,0,0,0,0
reply27-repair-s5,368,5,1297599642636648448,16384,96,0,0,0,0,0
reply27-repair-s5,369,5,10376293541595840544,32768,96,0,0,0,0,0
reply27-repair-s5,370,5,14987979559889010816,32768,96,0,0,0,0,0
reply27-repair-s5,371,5,1297599642636648448,65536,96,0,0,0,0,0
reply27-repair-s5,372,5,12682136550675316740,131072,96,0,0,0,0,0
reply27-repair-s5,373,5,1297036692683751424,131328,96,0,0,0,0,0
reply27-repair-s5,374,5,1152943494973620224,262144,96,0,0,0,0,0
reply27-repair-s5,375,5,1152961087159664640,262144,96,0,0,0,0,0
reply27-repair-s5,376,5,1152925902787575808,262160,96,0,0,0,0,0
reply27-repair-s5,377,5,10376293541461626880,262208,96,0,0,0,0,0
reply27-repair-s5,378,5,1152930575711993856,16777216,96,0,0,0,0,0
reply27-repair-s5,379,5,1153484454695010304,16777216,96,0,0,0,0,0
reply27-repair-s5,380,5,1153484454694486016,16777218,96,0,0,0,0,0
reply27-repair-s5,381,5,1153484454694486016,16779264,96,0,0,0,0,0
reply27-repair-s5,382,5,10664523917613596672,33554432,96,0,0,0,0,0
reply27-repair-s5,383,5,10376293541595840512,33554434,96,0,0,0,0,0
reply27-repair-s5,384,5,1729382257044488192,41943040,96,0,0,0,0,0
reply27-repair-s5,385,5,1297036692682702976,268435457,96,0,0,0,0,0
reply27-repair-s5,386,5,10376293541461626880,268435520,96,0,0,0,0,0
reply27-repair-s5,387,5,1297036692683751424,268435712,96,0,0,0,0,0
reply27-repair-s5,388,5,1152921513196848128,536870912,96,0,0,0,0,0
reply27-repair-s5,389,5,1152921513198944256,536870912,96,0,0,0,0,0
reply27-repair-s5,390,5,1152921788208906242,0,97,0,0,0,0,0
reply27-repair-s5,391,5,1152921788208906752,0,97,0,0,0,0,0
reply27-repair-s5,392,5,1152921788745777152,0,97,0,0,0,0,0
reply27-repair-s5,393,5,1152956972580995072,0,97,0,0,0,0,0
reply27-repair-s5,394,5,1297036692816922656,0,97,0,0,0,0,0
reply27-repair-s5,395,5,1297036709996789792,0,97,0,0,0,0,0
reply27-repair-s5,396,5,1297599642636910592,0,97,0,0,0,0,0
reply27-repair-s5,397,5,1297599642670202880,0,97,0,0,0,0,0
reply27-repair-s5,398,5,1297599676996386816,0,97,0,0,0,0,0
reply27-repair-s5,399,5,1297608438729670656,0,97,0,0,0,0,0
reply27-repair-s5,400,5,1297617234822692864,0,97,0,0,0,0,0
reply27-repair-s5,401,5,1301540294457819136,0,97,0,0,0,0,0
reply27-repair-s5,402,5,1302103242264018944,0,97,0,0,0,0,0
reply27-repair-s5,403,5,1333065489836146688,0,97,0,0,0,0,0
reply27-repair-s5,404,5,1333065490372755456,0,97,0,0,0,0,0
reply27-repair-s5,405,5,1333069887882395648,0,97,0,0,0,0,0
reply27-repair-s5,406,5,1585267068834415624,0,97,0,0,0,0,0
reply27-repair-s5,407,5,1585267068835463176,0,97,0,0,0,0,0
reply27-repair-s5,408,5,1585267069908156424,0,97,0,0,0,0,0
reply27-repair-s5,409,5,1589770668462047232,0,97,0,0,0,0,0
reply27-repair-s5,410,5,1873497444986134784,0,97,0,0,0,0,0
reply27-repair-s5,411,5,1873497513705603328,0,97,0,0,0,0,0
reply27-repair-s5,412,5,1873498544497754368,0,97,0,0,0,0,0
reply27-repair-s5,413,5,5908722711110107392,0,97,0,0,0,0,0
reply27-repair-s5,414,5,5908722711110107648,0,97,0,0,0,0,0
reply27-repair-s5,415,5,5908722711110108160,0,97,0,0,0,0,0
reply27-repair-s5,416,5,5908722711114301440,0,97,0,0,0,0,0
reply27-repair-s5,417,5,5908722713257590784,0,97,0,0,0,0,0
reply27-repair-s5,418,5,10448351135499550732,0,97,0,0,0,0,0
reply27-repair-s5,419,5,10448351135499812872,0,97,0,0,0,0,0
reply27-repair-s5,420,5,10448351135503745032,0,97,0,0,0,0,0
reply27-repair-s5,421,5,10448351135767986184,0,97,0,0,0,0,0
reply27-repair-s5,422,5,10466365534009032712,0,97,0,0,0,0,0
reply27-repair-s5,423,5,1297036692682702976,5,97,0,0,0,0,0
reply27-repair-s5,424,5,1297599642636648448,16,97,0,0,0,0,0
reply27-repair-s5,425,5,10376856491415052288,16,97,0,0,0,0,0
reply27-repair-s5,426,5,1152930575711993856,32,97,0,0,0,0,0
reply27-repair-s5,427,5,10376293541461626882,64,97,0,0,0,0,0
reply27-repair-s5,428,5,10376293541461635072,64,97,0,0,0,0,0
reply27-repair-s5,429,5,10376293541461643264,64,97,0,0,0,0,0
reply27-repair-s5,430,5,10376293541463724032,64,97,0,0,0,0,0
reply27-repair-s5,431,5,10376293541730062336,64,97,0,0,0,0,0
reply27-repair-s5,432,5,10385300740716367872,64,97,0,0,0,0,0
reply27-repair-s5,433,5,10376293541461626880,16448,97,0,0,0,0,0
reply27-repair-s5,434,5,1297036692682702976,32769,97,0,0,0,0,0
reply27-repair-s5,435,5,1297036692683751424,33024,97,0,0,0,0,0
reply27-repair-s5,436,5,1873497444986126592,65536,97,0,0,0,0,0
reply27-repair-s5,437,5,10376856491415052288,65536,97,0,0,0,0,0
reply27-repair-s5,438,5,1152921521920934144,262144,97,0,0,0,0,0
reply27-repair-s5,439,5,1152921521920934400,262144,97,0,0,0,0,0
reply27-repair-s5,440,5,1152921521923031040,262144,97,0,0,0,0,0
reply27-repair-s5,441,5,1152925902787575808,17039360,97,0,0,0,0,0
reply27-repair-s5,442,5,1729382257045536768,33554432,97,0,0,0,0,0
reply27-repair-s5,443,5,1152925902787575808,33816576,97,0,0,0,0,0
reply27-repair-s5,444,5,1152930575711993856,67108864,97,0,0,0,0,0
reply27-repair-s5,445,5,1152947892885979136,536870912,97,0,0,0,0,0
reply27-repair-s5,446,5,1153202979584608256,536870912,97,0,0,0,0,0
reply27-repair-s5,447,5,1153202988174540800,536870912,97,0,0,0,0,0
reply27-repair-s5,448,5,1729382256919707648,536870912,97,0,0,0,0,0
reply27-repair-s5,449,5,1152921506758524928,536871040,97,0,0,0,0,0
reply27-repair-s5,450,5,1152921779486851072,536887296,97,0,0,0,0,0
reply27-repair-s5,451,5,1152930300699934720,536887296,97,0,0,0,0,0
reply27-repair-s5,452,5,1153202979584606208,536887296,97,0,0,0,0,0
reply27-repair-s5,453,5,1152930300699934720,34896609280,97,0,0,0,0,0
reply27-repair-s5,454,5,1152921788209430528,0,98,0,0,0,0,0
reply27-repair-s5,455,5,1152921788211003392,0,98,0,0,0,0,0
reply27-repair-s5,456,5,1297041090863431712,0,98,0,0,0,0,0
reply27-repair-s5,457,5,1297599642636650496,0,98,0,0,0,0,0
reply27-repair-s5,458,5,1297599642636664832,0,98,0,0,0,0,0
reply27-repair-s5,459,5,1297599642638745600,0,98,0,0,0,0,0
reply27-repair-s5,460,5,1297599642653425664,0,98,0,0,0,0,0
reply27-repair-s5,461,5,1297599642703757312,0,98,0,0,0,0,0
reply27-repair-s5,462,5,1297599644784132096,0,98,0,0,0,0,0
reply27-repair-s5,463,5,1301540292310335489,0,98,0,0,0,0,0
reply27-repair-s5,464,5,1301540292310335504,0,98,0,0,0,0,0
reply27-repair-s5,465,5,1301540292444291104,0,98,0,0,0,0,0
reply27-repair-s5,466,5,1301610661054513152,0,98,0,0,0,0,0
reply27-repair-s5,467,5,1302103242263756800,0,98,0,0,0,0,0
reply27-repair-s5,468,5,1315051091326402592,0,98,0,0,0,0,0
reply27-repair-s5,469,5,1585275864927436808,0,98,0,0,0,0,0
reply27-repair-s5,470,5,1603281467343896584,0,98,0,0,0,0,0
reply27-repair-s5,471,5,1873497444986126593,0,98,0,0,0,0,0
reply27-repair-s5,472,5,1873497445522997504,0,98,0,0,0,0,0
reply27-repair-s5,473,5,1875749244799811840,0,98,0,0,0,0,0
reply27-repair-s5,474,5,5908731507203129344,0,98,0,0,0,0,0
reply27-repair-s5,475,5,5926737109619589120,0,98,0,0,0,0,0
reply27-repair-s5,476,5,10448351135533105160,0,98,0,0,0,0,0
reply27-repair-s5,477,5,10664523917613596672,4,98,0,0,0,0,0
reply27-repair-s5,478,5,12682136550675316740,32,98,0,0,0,0,0
reply27-repair-s5,479,5,10376293541461627136,64,98,0,0,0,0,0
reply27-repair-s5,480,5,10376293541470015488,64,98,0,0,0,0,0
reply27-repair-s5,481,5,10376302337554649088,64,98,0,0,0,0,0
reply27-repair-s5,482,5,1297036692683751424,16640,98,0,0,0,0,0
reply27-repair-s5,483,5,1152930575711993856,32768,98,0,0,0,0,0
reply27-repair-s5,484,5,10376293541461626880,32832,98,0,0,0,0,0
reply27-repair-s5,485,5,10376363910205816832,65536,98,0,0,0,0,0
reply27-repair-s5,486,5,1153484456841969664,16777216,98,0,0,0,0,0
reply27-repair-s5,487,5,10448351135499550728,16777216,98,0,0,0,0,0
reply27-repair-s5,488,5,1729382258118230016,33554432,98,0,0,0,0,0
reply27-repair-s5,489,5,1297036692682702976,33554433,98,0,0,0,0,0
reply27-repair-s5,490,5,1152921504741064704,268451842,98,0,0,0,0,0
reply27-repair-s5,491,5,1152921515344330752,536870912,98,0,0,0,0,0
reply27-repair-s5,492,5,1152921517491814400,536870912,98,0,0,0,0,0
reply27-repair-s5,493,5,1152921504612089856,536871040,98,0,0,0,0,0
reply27-repair-s5,494,5,1152930300699934720,536879104,98,0,0,0,0,0
reply27-repair-s5,495,5,1153202979584606208,536879104,98,0,0,0,0,0
reply27-repair-s5,496,5,1152921779484754432,536887296,98,0,0,0,0,0
reply27-repair-s5,497,5,1152921504741065728,1099511635968,98,0,0,0,0,0
reply27-repair-s5,498,5,1152921788208908288,0,99,0,0,0,0,0
reply27-repair-s5,499,5,1152948167898038272,0,99,0,0,0,0,0
reply27-repair-s5,500,5,1152965760084082688,0,99,0,0,0,0,0
reply27-repair-s5,501,5,1297599642636648449,0,99,0,0,0,0,0
reply27-repair-s5,502,5,1297599642636648456,0,99,0,0,0,0,0
reply27-repair-s5,503,5,1297599642636648704,0,99,0,0,0,0,0
reply27-repair-s5,504,5,1297601841659904000,0,99,0,0,0,0,0
reply27-repair-s5,505,5,1301540292310336512,0,99,0,0,0,0,0
reply27-repair-s5,506,5,1301540292578770944,0,99,0,0,0,0,0
reply27-repair-s5,507,5,1306606841891389440,0,99,0,0,0,0,0
reply27-repair-s5,508,5,1333065489835884800,0,99,0,0,0,0,0
reply27-repair-s5,509,5,1333065489835885056,0,99,0,0,0,0,0
reply27-repair-s5,510,5,1333074285928906752,0,99,0,0,0,0,0
reply27-repair-s5,511,5,1337569089463255040,0,99,0,0,0,0,0
reply27-repair-s5,512,5,1351079888345366528,0,99,0,0,0,0,0
reply27-repair-s5,513,5,1585267069371285512,0,99,0,0,0,0,0
reply27-repair-s5,514,5,1589770668461785096,0,99,0,0,0,0,0
reply27-repair-s5,515,5,1873497445002903808,0,99,0,0,0,0,0
reply27-repair-s5,516,5,1873497445053235456,0,99,0,0,0,0,0
reply27-repair-s5,517,5,1873497479345864960,0,99,0,0,0,0,0
reply27-repair-s5,518,5,1873497582425080064,0,99,0,0,0,0,0
reply27-repair-s5,519,5,10448351135501647880,0,99,0,0,0,0,0
reply27-repair-s5,520,5,1152930575711993856,4,99,0,0,0,0,0
reply27-repair-s5,521,5,10376293541595840544,4,99,0,0,0,0,0
reply27-repair-s5,522,5,10376293541595840512,6,99,0,0,0,0,0
reply27-repair-s5,523,5,10376293541595840512,18,99,0,0,0,0,0
reply27-repair-s5,524,5,10376293541461626944,64,99,0,0,0,0,0
reply27-repair-s5,525,5,10376293541461628928,64,99,0,0,0,0,0
reply27-repair-s5,526,5,10376295740484882432,64,99,0,0,0,0,0
reply27-repair-s5,527,5,1297599642636648448,8192,99,0,0,0,0,0
reply27-repair-s5,528,5,14987979559889010816,8192,99,0,0,0,0,0
reply27-repair-s5,529,5,1873497444986126592,16384,99,0,0,0,0,0
reply27-repair-s5,530,5,10376293541595840544,16384,99,0,0,0,0,0
reply27-repair-s5,531,5,10376293541595840512,16386,99,0,0,0,0,0
reply27-repair-s5,532,5,12682136550675316740,65536,99,0,0,0,0,0
reply27-repair-s5,533,5,1873497444986126592,131072,99,0,0,0,0,0
reply27-repair-s5,534,5,1297036692683751424,16777472,99,0,0,0,0,0
reply27-repair-s5,535,5,1729384456067743744,33554432,99,0,0,0,0,0
reply27-repair-s5,536,5,1733885856671858688,33554432,99,0,0,0,0,0
reply27-repair-s5,537,5,10376293541595840544,33554432,99,0,0,0,0,0
reply27-repair-s5,538,5,14987979559889010816,33554432,99,0,0,0,0,0
reply27-repair-s5,539,5,1333065489701667840,536870912,99,0,0,0,0,0
reply27-repair-s5,540,5,1333065489703763968,536870912,99,0,0,0,0,0
reply27-repair-s5,541,5,1153202979584606208,570425344,99,0,0,0,0,0
reply27-repair-s5,542,5,1297036692682702976,34359738369,99,0,0,0,0,0
reply27-repair-s5,543,5,1297599642636649472,0,100,0,0,0,0,0
reply27-repair-s5,544,5,1297599642640842752,0,100,0,0,0,0,0
reply27-repair-s5,545,5,1297599651226583040,0,100,0,0,0,0,0
reply27-repair-s5,546,5,1301540292310339584,0,100,0,0,0,0,0
reply27-repair-s5,547,5,1301544690356846592,0,100,0,0,0,0,0
reply27-repair-s5,548,5,1333065490909626368,0,100,0,0,0,0,0
reply27-repair-s5,549,5,1585267068836511752,0,100,0,0,0,0,0
reply27-repair-s5,550,5,1585267073129381896,0,100,0,0,0,0,0
reply27-repair-s5,551,5,1873497444986126596,0,100,0,0,0,0,0
reply27-repair-s5,552,5,1873497444986126608,0,100,0,0,0,0,0
reply27-repair-s5,553,5,1873497444986128640,0,100,0,0,0,0,0
reply27-repair-s5,554,5,1873497446059868416,0,100,0,0,0,0,0
reply27-repair-s5,555,5,1873497453576061184,0,100,0,0,0,0,0
reply27-repair-s5,556,5,1878001044613758976,0,100,0,0,0,0,0
reply27-repair-s5,557,5,14987979559889010816,16,100,0,0,0,0,0
reply27-repair-s5,558,5,1873497444986126592,8192,100,0,0,0,0,0
reply27-repair-s5,559,5,1297036692683751424,8448,100,0,0,0,0,0
reply27-repair-s5,560,5,1873497444986126592,32768,100,0,0,0,0,0
reply27-repair-s5,561,5,12682136550675316740,32768,100,0,0,0,0,0
reply27-repair-s5,562,5,1153484454694486528,16777216,100,0,0,0,0,0
reply27-repair-s5,563,5,1153484454694487040,16777216,100,0,0,0,0,0
reply27-repair-s5,564,5,1153484455768227840,16777216,100,0,0,0,0,0
reply27-repair-s5,565,5,1153484458989453312,16777216,100,0,0,0,0,0
reply27-repair-s5,566,5,1157988054321856512,16777216,100,0,0,0,0,0
reply27-repair-s5,567,5,1162491653949227008,16777216,100,0,0,0,0,0
reply27-repair-s5,568,5,1171498853203968000,16777216,100,0,0,0,0,0
reply27-repair-s5,569,5,10376293541595840544,16777216,100,0,0,0,0,0
reply27-repair-s5,570,5,10376293541595840512,16777218,100,0,0,0,0,0
reply27-repair-s5,571,5,1153484454694486016,18874368,100,0,0,0,0,0
reply27-repair-s5,572,5,1152930575711993856,33554432,100,0,0,0,0,0
reply27-repair-s5,573,5,1738389456299229184,33554432,100,0,0,0,0,0
reply27-repair-s5,574,5,1152921509036032000,268451840,100,0,0,0,0,0
reply27-repair-s5,575,5,1152925902787575808,268451840,100,0,0,0,0,0
reply27-repair-s5,576,5,1152921521853826048,536870912,100,0,0,0,0,0
reply27-repair-s5,577,5,1153202979592994816,536870912,100,0,0,0,0,0
reply27-repair-s5,578,5,1333065489701667328,536870912,100,0,0,0,0,0
reply27-repair-s5,579,5,1729382261213626368,536870912,100,0,0,0,0,0
reply27-repair-s5,580,5,1297599659816517632,0,101,0,0,0,0,0
reply27-repair-s5,581,5,1297604040683159552,0,101,0,0,0,0,0
reply27-repair-s5,582,5,1301540292327112704,0,101,0,0,0,0,0
reply27-repair-s5,583,5,1585267068834415112,0,101,0,0,0,0,0
reply27-repair-s5,584,5,1873497444986126720,0,101,0,0,0,0,0
reply27-repair-s5,585,5,1873497444986127104,0,101,0,0,0,0,0
reply27-repair-s5,586,5,1873497444986192128,0,101,0,0,0,0,0
reply27-repair-s5,587,5,1873497719864033536,0,101,0,0,0,0,0
reply27-repair-s5,588,5,1297599642636648448,4,101,0,0,0,0,0
reply27-repair-s5,589,5,14987979559889010816,4,101,0,0,0,0,0
reply27-repair-s5,590,5,10376293541461627392,64,101,0,0,0,0,0
reply27-repair-s5,591,5,10376293541998497792,64,101,0,0,0,0,0
reply27-repair-s5,592,5,10376293543609110528,64,101,0,0,0,0,0
reply27-repair-s5,593,5,10376293550051561472,64,101,0,0,0,0,0
reply27-repair-s5,594,5,10376311133647671296,64,101,0,0,0,0,0
reply27-repair-s5,595,5,10376363910205816832,16384,101,0,0,0,0,0
reply27-repair-s5,596,5,14987979559889010816,16384,101,0,0,0,0,0
reply27-repair-s5,597,5,14987979559889010816,16777216,101,0,0,0,0,0
reply27-repair-s5,598,5,1729382257046585344,33554432,101,0,0,0,0,0
reply27-repair-s5,599,5,1729382259191971840,33554432,101,0,0,0,0,0
reply27-repair-s5,600,5,1297036692683751424,33554688,101,0,0,0,0,0
reply27-repair-s5,601,5,10376293541461626880,134217792,101,0,0,0,0,0
reply27-repair-s5,602,5,1153202996764475392,536870912,101,0,0,0,0,0
reply27-repair-s5,603,5,1729382259066142720,536870912,101,0,0,0,0,0
reply27-repair-s5,604,5,1153202979584606208,536870916,101,0,0,0,0,0
reply27-repair-s5,605,5,1153202979584606208,536870920,101,0,0,0,0,0
reply27-repair-s5,606,5,1152921504606847488,537141248,101,0,0,0,0,0
reply27-repair-s5,607,5,1152921504606848000,537141248,101,0,0,0,0,0
reply27-repair-s5,608,5,1152921504608944128,537141248,101,0,0,0,0,0
reply27-repair-s5,609,5,1297599642636648512,0,102,0,0,0,0,0
reply27-repair-s5,610,5,1301540292310859776,0,102,0,0,0,0,0
reply27-repair-s5,611,5,1373597886348263424,0,102,0,0,0,0,0
reply27-repair-s5,612,5,1873497444986650880,0,102,0,0,0,0,0
reply27-repair-s5,613,5,1873497444990320896,0,102,0,0,0,0,0
reply27-repair-s5,614,5,1873497445254562048,0,102,0,0,0,0,0
reply27-repair-s5,615,5,1873497462165995776,0,102,0,0,0,0,0
reply27-repair-s5,616,5,1873515037172171008,0,102,0,0,0,0,0
reply27-repair-s5,617,5,1873497444986126592,4,102,0,0,0,0,0
reply27-repair-s5,618,5,12682136550675316740,16,102,0,0,0,0,0
reply27-repair-s5,619,5,10376293541461627008,64,102,0,0,0,0,0
reply27-repair-s5,620,5,10376293545756594176,64,102,0,0,0,0,0
reply27-repair-s5,621,5,10376293541461626880,8256,102,0,0,0,0,0
reply27-repair-s5,622,5,1153484454694486272,16777216,102,0,0,0,0,0
reply27-repair-s5,623,5,1301540292310335488,16777216,102,0,0,0,0,0
reply27-repair-s5,624,5,12682136550675316740,16777216,102,0,0,0,0,0
reply27-repair-s5,625,5,10376293541461626880,16777280,102,0,0,0,0,0
reply27-repair-s5,626,5,1153484454694486016,25165824,102,0,0,0,0,0
reply27-repair-s5,627,5,1729382257044489216,33554432,102,0,0,0,0,0
reply27-repair-s5,628,5,1729382257044488192,33555456,102,0,0,0,0,0
reply27-repair-s5,629,5,1297036692683751424,134217984,102,0,0,0,0,0
reply27-repair-s5,630,5,1301540292310335488,268435456,102,0,0,0,0,0
reply27-repair-s5,631,5,1152921504741064704,276840448,102,0,0,0,0,0
reply27-repair-s5,632,5,1153202979584606210,536870912,102,0,0,0,0,0
reply27-repair-s5,633,5,1153202979588800512,536870912,102,0,0,0,0,0
reply27-repair-s5,634,5,1297036692683751424,34359738624,102,0,0,0,0,0
reply27-repair-s5,635,5,1153202979584606208,34896609280,102,0,0,0,0,0
reply27-repair-s5,636,5,1297599642636648464,0,103,0,0,0,0,0
reply27-repair-s5,637,5,1297599646931615744,0,103,0,0,0,0,0
reply27-repair-s5,638,5,1301540292310335492,0,103,0,0,0,0,0
reply27-repair-s5,639,5,1301540292310335552,0,103,0,0,0,0,0
reply27-repair-s5,640,5,1301540292444553216,0,103,0,0,0,0,0
reply27-repair-s5,641,5,1301540429749288960,0,103,0,0,0,0,0
reply27-repair-s5,642,5,1337569089329299456,0,103,0,0,0,0,0
reply27-repair-s5,643,5,1873497449281093888,0,103,0,0,0,0,0
reply27-repair-s5,644,5,1873499644009382144,0,103,0,0,0,0,0
reply27-repair-s5,645,5,1301540292310335488,64,103,0,0,0,0,0
reply27-repair-s5,646,5,1297599642636648448,16777216,103,0,0,0,0,0
reply27-repair-s5,647,5,1729386655090999296,33554432,103,0,0,0,0,0
reply27-repair-s5,648,5,1729382257044488192,35651584,103,0,0,0,0,0
reply27-repair-s5,649,5,1729382257044488192,37748736,103,0,0,0,0,0
reply27-repair-s5,650,5,1152921504741064704,268453888,103,0,0,0,0,0
reply27-repair-s5,651,5,1301540292310335616,0,104,0,0,0,0,0
reply27-repair-s5,652,5,1301540292310351872,0,104,0,0,0,0,0
reply27-repair-s5,653,5,1301540361029812224,0,104,0,0,0,0,0
reply27-repair-s5,654,5,1301557884496379904,0,104,0,0,0,0,0
reply27-repair-s5,655,5,1319554690819817472,0,104,0,0,0,0,0
reply27-repair-s5,656,5,1873497444986127616,0,104,0,0,0,0,0
reply27-repair-s5,657,5,1873497444986388736,0,104,0,0,0,0,0
reply27-repair-s5,658,5,10376856491415052288,4,104,0,0,0,0,0
reply27-repair-s5,659,5,1301540292310335488,32,104,0,0,0,0,0
reply27-repair-s5,660,5,1301540292310335488,128,104,0,0,0,0,0
reply27-repair-s5,661,5,10376856491415052288,8192,104,0,0,0,0,0
reply27-repair-s5,662,5,10376856491415052288,16384,104,0,0,0,0,0
reply27-repair-s5,663,5,10376363910205816832,32768,104,0,0,0,0,0
reply27-repair-s5,664,5,1301540292310335488,65536,104,0,0,0,0,0
reply27-repair-s5,665,5,1873497444986126592,262144,104,0,0,0,0,0
reply27-repair-s5,666,5,1153484454696583168,16777216,104,0,0,0,0,0
reply27-repair-s5,667,5,1153484454694486016,16778240,104,0,0,0,0,0
reply27-repair-s5,668,5,1153484454694486016,16781312,104,0,0,0,0,0
reply27-repair-s5,669,5,1729391053137510400,33554432,104,0,0,0,0,0
reply27-repair-s5,670,5,1747396655553970176,33554432,104,0,0,0,0,0
reply27-repair-s5,671,5,1729382257044488192,33558528,104,0,0,0,0,0
reply27-repair-s5,672,5,10376363910205816832,67108864,104,0,0,0,0,0
reply27-repair-s5,673,5,1152921504741064704,272646144,104,0,0,0,0,0
reply27-repair-s5,674,5,1152921504613138432,536871040,104,0,0,0,0,0
reply27-repair-s5,675,5,1873497444986126600,0,105,0,0,0,0,0
reply27-repair-s5,676,5,1873497444986126656,0,105,0,0,0,0,0
reply27-repair-s5,677,5,1873497444986142976,0,105,0,0,0,0,0
reply27-repair-s5,678,5,1873497445019681024,0,105,0,0,0,0,0
reply27-repair-s5,679,5,1878001044613497088,0,105,0,0,0,0,0
reply27-repair-s5,680,5,1301540292310335488,8,105,0,0,0,0,0
reply27-repair-s5,681,5,1301540292310335488,16384,105,0,0,0,0,0
reply27-repair-s5,682,5,1153486653717741568,16777216,105,0,0,0,0,0
reply27-repair-s5,683,5,1153488852740997120,16777216,105,0,0,0,0,0
reply27-repair-s5,684,5,1153493250787508224,16777216,105,0,0,0,0,0
reply27-repair-s5,685,5,1153484454694486016,20971520,105,0,0,0,0,0
reply27-repair-s5,686,5,10376363910205816832,134217728,105,0,0,0,0,0
reply27-repair-s5,687,5,1152921504742113280,268451840,105,0,0,0,0,0
reply27-repair-s5,688,5,1152921504741064704,268451841,105,0,0,0,0,0
reply27-repair-s5,689,5,1729382256918660096,536870912,105,0,0,0,0,0
reply27-repair-s5,690,5,1729382256920756224,536870912,105,0,0,0,0,0
reply27-repair-s5,691,5,1301540292310335744,0,106,0,0,0,0,0
reply27-repair-s5,692,5,1301540292310368256,0,106,0,0,0,0,0
reply27-repair-s5,693,5,1301540567188242432,0,106,0,0,0,0,0
reply27-repair-s5,694,5,1873497444988223744,0,106,0,0,0,0,0
reply27-repair-s5,695,5,1873497447133610240,0,106,0,0,0,0,0
reply27-repair-s5,696,5,1873501843032637696,0,106,0,0,0,0,0
reply27-repair-s5,697,5,12682136550675316740,8,106,0,0,0,0,0
reply27-repair-s5,698,5,12682136550675316740,16384,106,0,0,0,0,0
reply27-repair-s5,699,5,12682136550675316740,33554432,106,0,0,0,0,0
reply27-repair-s5,700,5,1152921504741065728,268451840,106,0,0,0,0,0
reply27-repair-s5,701,5,1152921506888548352,268451840,106,0,0,0,0,0
reply27-repair-s5,702,5,10376293541595840512,268451840,106,0,0,0,0,0
reply27-repair-s5,703,5,1152921504741064704,268455936,106,0,0,0,0,0
reply27-repair-s5,704,5,1152921504611041792,536871040,106,0,0,0,0,0
reply27-repair-s5,705,5,1152921508906008576,536871040,106,0,0,0,0,0
reply27-repair-s5,706,5,1301540292847206400,0,107,0,0,0,0,0
reply27-repair-s5,707,5,1301540300900270080,0,107,0,0,0,0,0
reply27-repair-s5,708,5,1873506241079148800,0,107,0,0,0,0,0
reply27-repair-s5,709,5,1891511843495608576,0,107,0,0,0,0,0
reply27-repair-s5,710,5,1301540292310335488,4,107,0,0,0,0,0
reply27-repair-s5,711,5,12682136550675316740,4,107,0,0,0,0,0
reply27-repair-s5,712,5,1301540292310335488,8192,107,0,0,0,0,0
reply27-repair-s5,713,5,12682136550675316740,8192,107,0,0,0,0,0
reply27-repair-s5,714,5,1301540292310335488,32768,107,0,0,0,0,0
reply27-repair-s5,715,5,10376363910205816832,131072,107,0,0,0,0,0
reply27-repair-s5,716,5,1301540292310335488,67108864,107,0,0,0,0,0
reply27-repair-s5,717,5,1152921521855922176,536870912,107,0,0,0,0,0
reply27-repair-s5,718,5,1152921504611042304,536871040,107,0,0,0,0,0
reply27-repair-s5,719,5,1301540326670073856,0,108,0,0,0,0,0
reply27-repair-s5,720,5,10376363910205816832,4,108,0,0,0,0,0
reply27-repair-s5,721,5,1301540292310335488,33554432,108,0,0,0,0,0
reply27-repair-s5,722,5,1170935903250546688,268451840,108,0,0,0,0,0
reply27-repair-s5,723,5,1152921524001308672,536870912,108,0,0,0,0,0
reply27-repair-s5,724,5,1152921526148792320,536870912,108,0,0,0,0,0
reply27-repair-s5,725,5,1301540292310335490,0,109,0,0,0,0,0
reply27-repair-s5,726,5,1301540292310335496,0,109,0,0,0,0,0
reply27-repair-s5,727,5,1301540292312432640,0,109,0,0,0,0,0
reply27-repair-s5,728,5,1301540292314529792,0,109,0,0,0,0,0
reply27-repair-s5,729,5,1301540292318724096,0,109,0,0,0,0,0
reply27-repair-s5,730,5,10376363910205816832,16,109,0,0,0,0,0
reply27-repair-s5,731,5,1301540292310335488,134217728,109,0,0,0,0,0
reply27-repair-s5,732,5,1152921504741065216,268451840,109,0,0,0,0,0
reply27-repair-s5,733,5,1152921504743161856,268451840,109,0,0,0,0,0
reply27-repair-s5,734,5,1152930300834086912,268451840,109,0,0,0,0,0
reply27-repair-s5,735,5,1161928703995805696,268451840,109,0,0,0,0,0
reply27-repair-s5,736,5,1301540292310336000,0,110,0,0,0,0,0
reply27-repair-s5,737,5,1301540292343889920,0,110,0,0,0,0,0
reply27-repair-s5,738,5,1301549088403357696,0,110,0,0,0,0,0
reply27-repair-s5,739,5,10376363910205816832,8,110,0,0,0,0,0
reply27-repair-s5,740,5,10376363910205816832,8192,110,0,0,0,0,0
reply27-repair-s5,741,5,10376363910205816832,16777216,110,0,0,0,0,0
reply27-repair-s5,742,5,10376363910205816832,33554432,110,0,0,0,0,0
reply27-repair-s5,743,5,1152921521853825536,536870912,110,0,0,0,0,0
