canonical_parent,move,child_outcome,visited,seconds,memo_used
"2,8,11,25,26",31,WIN,5,2.71e-05,5
"3,16,17,26,28",30,WIN,18,1.76e-05,23
"7,10,14,27,30",33,LOSS,28,3.36e-05,51
"0,3,11,22,24",32,WIN,9,1.31e-05,60
"3,8,16,17,25",28,WIN,10,1.17e-05,70
"3,7,9,10,22",28,WIN,7,5.4e-06,77
"0,3,8,14,15",30,WIN,5,3.7e-06,82
"6,8,9,13,32",35,WIN,18,1.8e-05,100
"2,5,18,21,23",24,WIN,10,8.9e-06,110
"0,6,9,19,32",34,WIN,5,6.8e-06,115
"0,15,17,25,29",30,WIN,5,6.5e-06,120
"10,20,23,24,26",32,LOSS,68,6.3e-05,188
"11,13,16,17,30",32,WIN,15,1.18e-05,203
"0,3,5,23,26",34,WIN,11,1.18e-05,214
"10,13,19,20,29",33,WIN,10,8.7e-06,224
"1,2,6,23,30",35,WIN,90,7.84e-05,314
"1,5,21,23,31",33,WIN,21,2.34e-05,335
"1,2,14,15,25",31,WIN,17,1.28e-05,352
"0,16,28,29,30",34,WIN,12,1.02e-05,364
"1,9,11,17,21",29,WIN,7,6.2e-06,371
"5,8,15,19,31",33,WIN,7,9.1e-06,378
"0,5,12,15,19",27,WIN,12,1.17e-05,390
"3,5,15,23,25",34,WIN,7,7.1e-06,397
"5,6,14,15,23",25,WIN,10,8.7e-06,407
"6,7,12,26,28",29,WIN,5,4e-06,412
"5,7,10,14,30",31,WIN,11,9.2e-06,423
"1,3,5,12,27",33,WIN,5,3.8e-06,428
"6,22,29,30,32",34,WIN,7,5.6e-06,435
"4,10,18,21,28",30,WIN,2,5.4e-06,437
"1,12,23,25,26",31,WIN,9,7.5e-06,446
"1,11,16,20,21",22,LOSS,33,7.61e-05,479
"4,13,15,23,27",34,WIN,19,1.45e-05,498
"2,7,9,21,23",27,WIN,7,4.7e-06,505
"9,11,21,24,27",30,WIN,5,6.5e-06,510
"0,7,10,14,26",32,WIN,12,1.23e-05,522
"3,20,25,26,34",35,WIN,22,1.62e-05,544
"8,12,13,21,31",35,WIN,16,1.16e-05,560
"5,7,8,12,17",24,WIN,5,5.5e-06,565
"4,11,16,22,31",35,WIN,14,1.02e-05,579
"13,16,18,28,33",34,LOSS,46,3.16e-05,625
"0,1,3,16,21",22,LOSS,10,5.4e-06,635
"5,9,16,17,30",34,WIN,7,7.9e-06,642
"2,7,17,18,19",24,WIN,8,1.91e-05,650
"6,13,23,25,28",35,WIN,16,1.7e-05,666
"3,6,16,19,23",28,WIN,9,8.9e-06,675
"11,14,22,24,29",33,WIN,7,5.7e-06,682
"0,12,15,17,19",35,WIN,27,1.74e-05,709
"5,8,10,11,24",29,WIN,7,4.6e-06,716
"5,8,18,23,27",34,WIN,11,8.5e-06,727
"0,6,8,18,25",29,WIN,11,5.4e-06,738
"14,15,16,21,30",34,WIN,2,2.5e-06,740
"8,10,21,30,31",33,WIN,9,8.2e-06,749
"1,6,8,19,27",31,WIN,5,3e-06,754
"1,2,18,30,31",35,WIN,47,3.3e-05,801
"1,2,11,14,18",34,WIN,45,3.69e-05,846
"9,10,20,22,24",35,WIN,26,2.28e-05,872
"6,14,25,27,32",34,WIN,5,4.3e-06,877
"0,1,4,24,30",33,WIN,11,6.8e-06,888
"7,8,9,29,30",31,WIN,5,5.7e-06,893
"3,7,13,22,30",33,LOSS,36,2.35e-05,929
"2,7,10,14,17",22,LOSS,23,1.54e-05,952
"13,19,25,28,29",30,WIN,12,7.4e-06,964
"4,5,6,20,22",33,WIN,5,6.4e-06,969
"2,3,13,15,31",35,WIN,74,5.68e-05,1043
"1,9,15,18,29",30,WIN,12,8.9e-06,1055
"16,22,23,24,25",33,WIN,7,5.8e-06,1062
"5,8,9,11,31",32,WIN,7,6.4e-06,1069
"2,9,15,18,22",32,WIN,2,1.5e-06,1071
"5,9,11,19,20",24,WIN,7,6.1e-06,1078
"6,7,17,18,23",30,WIN,9,8.2e-06,1087
"4,5,12,28,31",32,WIN,15,1.44e-05,1102
"4,10,12,17,19",26,WIN,7,5.4e-06,1109
"5,6,9,28,32",33,WIN,15,1.31e-05,1124
"0,4,13,24,29",33,WIN,65,4.82e-05,1189
"12,22,23,27,32",34,WIN,80,5.44e-05,1269
"1,2,15,23,27",30,WIN,5,5.1e-06,1274
"2,11,14,15,17",27,WIN,15,1.09e-05,1289
"9,11,14,17,31",34,LOSS,21,1.34e-05,1310
"9,15,19,21,31",35,WIN,17,9.9e-06,1327
"1,9,12,14,30",33,WIN,12,8.9e-06,1339
