canonical_parent,stratum,top_T,top_TE,top_TO,top_raw,y_top_T,y_top_TE,y_top_TO,y_top_raw,y00,y01,y10,y11,O_effect_E0,O_effect_E1,interaction_I
"0,1,3,25",O1-only,30,30,30,8,WIN,WIN,WIN,WIN,,,0,0,,0,
"0,1,10,19",O1-only,2,11,2,2,WIN,WIN,WIN,WIN,,,0,0,,0,
"0,1,14,48",O0-only,56,8,8,8,WIN,WIN,WIN,WIN,0,0,,,0,,
"0,1,31,35",O-overlap,24,24,7,7,WIN,WIN,WIN,WIN,0,0,0,0,0,0,0
"0,2,7,40",O1-only,8,8,8,16,WIN,WIN,WIN,WIN,,,0,0,,0,
"0,2,17,32",O1-only,7,22,7,7,WIN,WIN,WIN,WIN,,,0,0,,0,
"0,2,22,60",O-overlap,50,50,4,4,WIN,WIN,WIN,WIN,0,0,0,0,0,0,0
"0,2,24,38",O-overlap,3,3,32,32,WIN,WIN,WIN,WIN,0,0,0,0,0,0,0
"0,2,26,41",O0-only,27,50,50,50,WIN,WIN,WIN,WIN,0,0,,,0,,
"0,2,26,42",O-overlap,3,3,7,7,WIN,WIN,WIN,WIN,0,0,0,0,0,0,0
"0,2,30,40",O-overlap,58,58,48,48,LOSS,LOSS,WIN,WIN,1,0,1,0,-1,-1,0
"0,2,52,53",O-overlap,38,38,48,48,WIN,WIN,WIN,WIN,0,0,0,0,0,0,0
"0,2,52,54",O1-only,47,47,47,50,WIN,WIN,WIN,WIN,,,0,0,,0,
"0,2,58,63",O-overlap,18,18,3,3,WIN,WIN,WIN,WIN,0,0,0,0,0,0,0
"0,3,23,35",O-overlap,5,5,7,7,WIN,WIN,WIN,WIN,0,0,0,0,0,0,0
"0,3,31,52",O-overlap,24,24,39,39,WIN,WIN,WIN,WIN,0,0,0,0,0,0,0
"0,3,34,37",O1-only,43,43,43,6,WIN,WIN,WIN,WIN,,,0,0,,0,
"0,3,35,36",O0-only,27,11,11,11,WIN,WIN,WIN,WIN,0,0,,,0,,
"0,3,35,41",O1-only,59,59,59,27,WIN,WIN,WIN,WIN,,,0,0,,0,
"0,3,35,58",O-overlap,59,59,8,8,WIN,WIN,WIN,WIN,0,0,0,0,0,0,0
"0,3,36,44",O0-only,4,4,30,4,WIN,WIN,WIN,WIN,0,0,,,0,,
"0,3,43,57",O0-only,4,51,51,51,WIN,LOSS,LOSS,LOSS,0,1,,,1,,
"0,3,57,60",O0-only,24,4,4,4,LOSS,LOSS,LOSS,LOSS,1,1,,,0,,
"0,4,5,17",O0-only,33,22,22,22,WIN,WIN,WIN,WIN,0,0,,,0,,
"0,4,6,38",O0-only,34,22,22,22,WIN,WIN,WIN,WIN,0,0,,,0,,
"0,4,9,20",O0-only,60,36,3,36,WIN,,WIN,,0,0,,,0,,
"0,4,10,59",O-overlap,60,60,3,3,WIN,WIN,WIN,WIN,0,0,0,0,0,0,0
"0,4,19,35",O-overlap,27,27,7,7,WIN,WIN,WIN,WIN,0,0,0,0,0,0,0
"0,4,25,30",O0-only,55,5,5,5,LOSS,LOSS,LOSS,LOSS,1,1,,,0,,
"0,4,27,57",O0-only,1,36,36,36,WIN,WIN,WIN,WIN,0,0,,,0,,
"0,4,31,47",O0-only,7,7,54,7,WIN,WIN,WIN,WIN,0,0,,,0,,
"0,4,50,51",O1-only,33,33,33,52,WIN,WIN,WIN,WIN,,,0,0,,0,
"0,5,11,36",O1-only,27,27,27,6,WIN,WIN,WIN,WIN,,,0,0,,0,
"0,5,18,23",O-overlap,51,51,3,3,WIN,WIN,WIN,WIN,0,0,0,0,0,0,0
"0,5,26,33",O0-only,4,51,51,51,WIN,WIN,WIN,WIN,0,0,,,0,,
"0,5,29,51",O0-only,6,11,11,11,WIN,WIN,WIN,WIN,0,0,,,0,,
"0,5,36,46",O-overlap,1,1,45,45,WIN,WIN,WIN,WIN,0,0,0,0,0,0,0
"0,6,10,13",O0-only,27,3,3,3,WIN,WIN,WIN,WIN,0,0,,,0,,
"0,6,22,46",O-overlap,41,41,1,1,WIN,WIN,WIN,WIN,0,0,0,0,0,0,0
"0,6,45,46",O0-only,52,22,22,22,WIN,WIN,WIN,WIN,0,0,,,0,,
"0,9,11,20",O1-only,17,10,17,27,,WIN,,WIN,,,0,0,,0,
"0,9,13,38",O0-only,8,45,45,45,WIN,WIN,WIN,WIN,0,0,,,0,,
"0,9,22,39",O0-only,32,54,54,54,WIN,WIN,WIN,WIN,0,0,,,0,,
"0,10,13,54",O-overlap,9,9,27,27,WIN,WIN,WIN,WIN,0,0,0,0,0,0,0
"0,10,15,28",O-overlap,36,36,25,25,WIN,WIN,WIN,WIN,0,0,0,0,0,0,0
"0,10,29,54",O1-only,36,36,36,24,WIN,WIN,WIN,WIN,,,0,0,,0,
"0,10,34,42",O-overlap,27,27,24,24,WIN,WIN,WIN,WIN,0,0,0,0,0,0,0
"0,10,42,52",O1-only,7,7,7,45,WIN,WIN,WIN,WIN,,,0,0,,0,
"0,11,12,35",O0-only,27,8,8,8,WIN,WIN,WIN,WIN,0,0,,,0,,
"0,11,25,36",O0-only,18,18,27,18,WIN,WIN,WIN,WIN,0,0,,,0,,
"0,11,31,45",O-overlap,18,18,36,36,WIN,WIN,WIN,WIN,0,0,0,0,0,0,0
"0,11,33,38",O1-only,36,36,36,56,WIN,WIN,WIN,LOSS,,,0,1,,1,
"0,11,51,55",O0-only,50,30,30,30,WIN,WIN,WIN,WIN,0,0,,,0,,
"0,12,15,26",O-overlap,30,30,36,36,WIN,WIN,WIN,WIN,0,0,0,0,0,0,0
"0,13,18,59",O-overlap,45,45,3,3,WIN,WIN,WIN,WIN,0,0,0,0,0,0,0
"0,13,20,59",O-overlap,38,38,48,48,WIN,WIN,WIN,WIN,0,0,0,0,0,0,0
"0,13,29,50",O-overlap,22,22,45,45,WIN,WIN,WIN,WIN,0,0,0,0,0,0,0
"0,14,28,37",O-overlap,5,5,56,56,WIN,WIN,WIN,WIN,0,0,0,0,0,0,0
"0,14,38,46",O1-only,33,5,33,56,,WIN,,WIN,,,0,0,,0,
"0,15,39,51",O0-only,3,30,30,30,WIN,WIN,WIN,WIN,0,0,,,0,,
"0,15,44,45",O-overlap,36,36,30,30,WIN,WIN,WIN,WIN,0,0,0,0,0,0,0
"0,18,22,29",O1-only,11,36,11,45,,WIN,,WIN,,,0,0,,0,
"0,18,27,31",O0-only,4,4,24,4,WIN,WIN,WIN,WIN,0,0,,,0,,
"0,18,29,38",O-overlap,11,11,45,45,WIN,WIN,WIN,WIN,0,0,0,0,0,0,0
"0,20,42,60",O-overlap,24,24,36,36,WIN,WIN,WIN,WIN,0,0,0,0,0,0,0
"0,20,45,60",O1-only,50,36,50,50,WIN,WIN,WIN,WIN,,,0,0,,0,
"0,22,46,60",O0-only,36,30,30,30,WIN,WIN,WIN,WIN,0,0,,,0,,
"0,28,52,54",O-overlap,51,51,27,27,WIN,WIN,WIN,WIN,0,0,0,0,0,0,0
"0,30,31,36",O1-only,22,27,22,45,,WIN,,WIN,,,0,0,,0,
"0,30,52,60",O1-only,51,12,51,51,WIN,WIN,WIN,WIN,,,0,0,,0,
"0,39,47,60",O-overlap,32,32,54,54,LOSS,LOSS,WIN,WIN,1,0,1,0,-1,-1,0
"1,2,4,26",O1-only,18,18,18,9,WIN,WIN,WIN,WIN,,,0,0,,0,
"1,2,8,17",O0-only,53,3,3,3,WIN,WIN,WIN,WIN,0,0,,,0,,
"1,2,18,34",O1-only,4,25,4,4,WIN,WIN,WIN,WIN,,,0,0,,0,
"1,2,20,37",O0-only,3,19,19,19,WIN,WIN,WIN,WIN,0,0,,,0,,
"1,2,23,39",O-overlap,16,16,5,5,WIN,WIN,WIN,WIN,0,0,0,0,0,0,0
"1,2,29,30",O-overlap,3,3,25,25,WIN,WIN,WIN,WIN,0,0,0,0,0,0,0
"1,2,31,42",O1-only,7,52,7,7,WIN,WIN,WIN,WIN,,,0,0,,0,
"1,3,5,49",O1-only,9,9,9,39,WIN,WIN,WIN,WIN,,,0,0,,0,
"1,3,8,36",O-overlap,2,2,0,0,WIN,WIN,WIN,WIN,0,0,0,0,0,0,0
"1,3,11,12",O0-only,57,2,2,2,WIN,WIN,WIN,WIN,0,0,,,0,,
"1,3,14,30",O1-only,4,4,4,8,WIN,WIN,WIN,WIN,,,0,0,,0,
"1,3,17,26",O-overlap,25,25,35,35,WIN,WIN,WIN,WIN,0,0,0,0,0,0,0
"1,3,24,40",O0-only,16,49,49,49,WIN,WIN,WIN,WIN,0,0,,,0,,
"1,3,25,39",O-overlap,4,4,33,33,WIN,WIN,WIN,WIN,0,0,0,0,0,0,0
"1,3,26,29",O0-only,37,2,2,2,WIN,WIN,WIN,WIN,0,0,,,0,,
"1,3,30,35",O1-only,38,25,38,7,,WIN,,WIN,,,0,0,,0,
"1,3,33,49",O0-only,4,39,39,39,WIN,WIN,WIN,WIN,0,0,,,0,,
"1,3,49,53",O1-only,59,59,59,33,WIN,WIN,WIN,WIN,,,0,0,,0,
"1,4,5,22",O0-only,44,50,50,50,WIN,WIN,WIN,WIN,0,0,,,0,,
"1,4,19,20",O-overlap,28,28,44,44,WIN,WIN,WIN,WIN,0,0,0,0,0,0,0
"1,4,19,22",O0-only,44,16,16,16,WIN,WIN,WIN,WIN,0,0,,,0,,
"1,4,19,53",O-overlap,46,46,5,5,WIN,WIN,WIN,WIN,0,0,0,0,0,0,0
"1,4,20,35",O1-only,44,44,44,28,WIN,WIN,WIN,WIN,,,0,0,,0,
"1,4,24,61",O-overlap,3,3,31,31,WIN,WIN,WIN,WIN,0,0,0,0,0,0,0
"1,4,32,62",O1-only,39,39,39,57,WIN,WIN,WIN,WIN,,,0,0,,0,
"1,4,34,61",O-overlap,25,25,5,5,WIN,WIN,WIN,WIN,0,0,0,0,0,0,0
"1,4,44,46",O-overlap,5,5,23,23,WIN,WIN,WIN,WIN,0,0,0,0,0,0,0
"1,4,44,58",O0-only,5,52,52,52,LOSS,WIN,WIN,WIN,1,0,,,-1,,
"1,5,10,24",O-overlap,33,33,46,46,WIN,WIN,WIN,WIN,0,0,0,0,0,0,0
"1,5,11,48",O-overlap,8,8,6,6,WIN,WIN,WIN,WIN,0,0,0,0,0,0,0
"1,5,17,55",O-overlap,10,10,33,33,WIN,WIN,WIN,WIN,0,0,0,0,0,0,0
"1,5,26,31",O0-only,19,6,6,6,WIN,WIN,WIN,WIN,0,0,,,0,,
"1,8,14,21",O1-only,11,11,11,28,WIN,WIN,WIN,WIN,,,0,0,,0,
"1,8,21,44",O1-only,53,35,53,33,,WIN,,WIN,,,0,0,,0,
"1,8,23,31",O0-only,5,15,15,15,WIN,WIN,WIN,WIN,0,0,,,0,,
"1,9,10,12",O-overlap,37,37,33,33,WIN,WIN,WIN,WIN,0,0,0,0,0,0,0
"1,9,12,37",O-overlap,10,10,33,33,WIN,WIN,WIN,WIN,0,0,0,0,0,0,0
"1,9,16,17",O1-only,23,23,23,19,WIN,WIN,WIN,WIN,,,0,0,,0,
"1,9,18,26",O1-only,2,27,2,2,WIN,WIN,WIN,WIN,,,0,0,,0,
"1,9,25,27",O1-only,36,36,36,26,WIN,WIN,WIN,WIN,,,0,0,,0,
"1,10,11,40",O-overlap,46,46,8,8,WIN,WIN,WIN,WIN,0,0,0,0,0,0,0
"1,10,13,28",O0-only,11,8,8,8,WIN,WIN,WIN,WIN,0,0,,,0,,
"1,10,27,28",O0-only,35,24,24,24,WIN,WIN,WIN,WIN,0,0,,,0,,
"1,10,28,34",O0-only,18,27,27,27,WIN,WIN,WIN,WIN,0,0,,,0,,
"1,10,34,49",O0-only,28,25,25,25,WIN,WIN,WIN,WIN,0,0,,,0,,
"1,11,20,23",O-overlap,51,51,16,16,WIN,WIN,WIN,WIN,0,0,0,0,0,0,0
"1,11,22,37",O-overlap,32,32,57,57,WIN,WIN,WIN,WIN,0,0,0,0,0,0,0
"1,11,24,43",O-overlap,51,51,16,16,WIN,WIN,WIN,WIN,0,0,0,0,0,0,0
"1,11,27,37",O-overlap,19,19,51,51,WIN,WIN,LOSS,LOSS,0,1,0,1,1,1,0
"1,11,28,35",O0-only,19,19,29,19,WIN,WIN,WIN,WIN,0,0,,,0,,
"1,11,33,34",O0-only,51,25,25,25,WIN,WIN,WIN,WIN,0,0,,,0,,
"1,11,50,55",O-overlap,51,51,10,10,WIN,WIN,LOSS,LOSS,0,1,0,1,1,1,0
"1,12,20,34",O1-only,52,52,52,28,WIN,WIN,WIN,WIN,,,0,0,,0,
"1,12,23,42",O-overlap,18,18,46,46,WIN,WIN,WIN,WIN,0,0,0,0,0,0,0
"1,12,30,45",O1-only,52,37,52,52,WIN,WIN,WIN,WIN,,,0,0,,0,
"1,12,37,39",O1-only,32,32,32,33,WIN,WIN,WIN,WIN,,,0,0,,0,
"1,13,19,31",O-overlap,41,41,37,37,WIN,WIN,WIN,WIN,0,0,0,0,0,0,0
"1,13,26,43",O-overlap,34,34,37,37,WIN,WIN,WIN,WIN,0,0,0,0,0,0,0
"1,13,48,51",O1-only,57,57,57,8,WIN,WIN,WIN,WIN,,,0,0,,0,
"1,13,49,59",O-overlap,3,3,41,41,WIN,WIN,WIN,WIN,0,0,0,0,0,0,0
"1,14,18,54",O-overlap,49,49,9,9,WIN,WIN,WIN,WIN,0,0,0,0,0,0,0
"1,14,19,20",O1-only,46,46,46,28,WIN,WIN,WIN,WIN,,,0,0,,0,
"1,14,30,60",O-overlap,24,24,46,46,WIN,WIN,WIN,WIN,0,0,0,0,0,0,0
"1,15,19,43",O0-only,25,8,8,8,WIN,WIN,WIN,WIN,0,0,,,0,,
"1,16,19,38",O0-only,33,46,46,46,WIN,WIN,WIN,WIN,0,0,,,0,,
"1,16,40,60",O0-only,8,46,46,46,WIN,WIN,WIN,WIN,0,0,,,0,,
"1,16,45,58",O-overlap,40,40,52,52,WIN,WIN,WIN,WIN,0,0,0,0,0,0,0
"1,17,23,49",O0-only,16,51,51,51,WIN,WIN,WIN,WIN,0,0,,,0,,
"1,17,28,43",O-overlap,35,35,25,25,WIN,WIN,WIN,WIN,0,0,0,0,0,0,0
"1,17,38,54",O-overlap,46,46,57,57,WIN,WIN,WIN,WIN,0,0,0,0,0,0,0
"1,17,39,47",O-overlap,53,53,7,7,WIN,WIN,WIN,WIN,0,0,0,0,0,0,0
"1,18,25,26",O0-only,31,29,29,29,WIN,WIN,WIN,WIN,0,0,,,0,,
"1,18,26,40",O0-only,5,19,19,19,WIN,WIN,WIN,WIN,0,0,,,0,,
"1,18,27,51",O1-only,41,28,41,41,WIN,WIN,WIN,WIN,,,0,0,,0,
"1,18,28,35",O-overlap,17,17,10,10,WIN,WIN,WIN,WIN,0,0,0,0,0,0,0
"1,18,36,37",O0-only,32,19,19,19,WIN,WIN,WIN,WIN,0,0,,,0,,
"1,19,21,31",O0-only,26,26,46,26,WIN,WIN,WIN,WIN,0,0,,,0,,
"1,19,26,39",O-overlap,31,31,46,46,WIN,WIN,WIN,WIN,0,0,0,0,0,0,0
"1,19,27,42",O0-only,51,28,28,28,WIN,WIN,WIN,WIN,0,0,,,0,,
"1,19,28,40",O1-only,25,25,25,8,WIN,WIN,WIN,WIN,,,0,0,,0,
"1,19,43,49",O0-only,40,25,25,25,WIN,WIN,WIN,WIN,0,0,,,0,,
"1,19,45,52",O-overlap,16,16,37,37,WIN,WIN,WIN,WIN,0,0,0,0,0,0,0
"1,20,23,36",O-overlap,28,28,16,16,WIN,WIN,WIN,WIN,0,0,0,0,0,0,0
"1,20,27,37",O-overlap,52,52,28,28,WIN,WIN,WIN,WIN,0,0,0,0,0,0,0
"1,20,28,40",O0-only,46,19,19,19,WIN,WIN,WIN,WIN,0,0,,,0,,
"1,20,30,41",O-overlap,25,25,6,6,LOSS,LOSS,WIN,WIN,1,0,1,0,-1,-1,0
"1,21,22,37",O-overlap,12,12,17,17,WIN,WIN,WIN,WIN,0,0,0,0,0,0,0
"1,21,25,45",O0-only,18,49,49,49,WIN,WIN,WIN,WIN,0,0,,,0,,
"1,21,25,55",O-overlap,19,19,33,33,WIN,WIN,WIN,WIN,0,0,0,0,0,0,0
"1,21,27,32",O-overlap,41,41,4,4,WIN,WIN,WIN,WIN,0,0,0,0,0,0,0
"1,21,30,35",O-overlap,28,28,26,26,WIN,WIN,WIN,WIN,0,0,0,0,0,0,0
"1,23,31,43",O-overlap,47,47,15,15,WIN,WIN,WIN,WIN,0,0,0,0,0,0,0
"1,23,40,58",O1-only,41,41,41,46,WIN,WIN,WIN,WIN,,,0,0,,0,
"1,24,26,36",O-overlap,28,28,51,51,WIN,WIN,WIN,WIN,0,0,0,0,0,0,0
"1,24,26,40",O-overlap,46,46,16,16,WIN,WIN,WIN,WIN,0,0,0,0,0,0,0
"1,24,26,49",O-overlap,25,25,31,31,WIN,WIN,WIN,WIN,0,0,0,0,0,0,0
"1,24,29,37",O0-only,28,46,46,46,LOSS,LOSS,LOSS,LOSS,1,1,,,0,,
"1,24,30,35",O0-only,27,25,25,25,WIN,WIN,WIN,WIN,0,0,,,0,,
"1,25,29,37",O0-only,28,26,26,26,WIN,WIN,WIN,WIN,0,0,,,0,,
"1,25,34,61",O0-only,10,11,11,11,WIN,WIN,WIN,WIN,0,0,,,0,,
"1,25,36,43",O1-only,9,57,9,9,WIN,WIN,WIN,WIN,,,0,0,,0,
"1,26,27,42",O-overlap,28,28,2,2,WIN,WIN,WIN,WIN,0,0,0,0,0,0,0
"1,26,43,53",O-overlap,19,19,46,46,WIN,WIN,WIN,WIN,0,0,0,0,0,0,0
"1,27,28,54",O0-only,29,0,0,0,WIN,WIN,WIN,WIN,0,0,,,0,,
"1,27,37,61",O-overlap,13,13,51,51,WIN,WIN,WIN,WIN,0,0,0,0,0,0,0
"1,28,41,44",O1-only,51,46,51,51,WIN,WIN,WIN,WIN,,,0,0,,0,
"1,31,37,47",O-overlap,52,52,23,23,LOSS,LOSS,WIN,WIN,1,0,1,0,-1,-1,0
"1,31,41,44",O0-only,49,26,26,26,WIN,WIN,WIN,WIN,0,0,,,0,,
"1,32,46,47",O-overlap,40,40,41,41,WIN,WIN,WIN,WIN,0,0,0,0,0,0,0
"1,32,53,58",O-overlap,37,37,8,8,WIN,WIN,WIN,WIN,0,0,0,0,0,0,0
"1,33,35,50",O-overlap,36,36,25,25,WIN,WIN,WIN,WIN,0,0,0,0,0,0,0
"1,33,39,49",O0-only,32,3,3,3,WIN,WIN,WIN,WIN,0,0,,,0,,
"1,34,41,44",O1-only,26,26,26,6,WIN,WIN,WIN,WIN,,,0,0,,0,
"1,35,37,60",O-overlap,36,36,28,28,WIN,WIN,WIN,WIN,0,0,0,0,0,0,0
"1,35,40,42",O-overlap,46,46,41,41,WIN,WIN,WIN,WIN,0,0,0,0,0,0,0
"1,35,45,61",O-overlap,21,21,5,5,WIN,WIN,WIN,WIN,0,0,0,0,0,0,0
"2,3,14,17",O0-only,4,5,5,5,WIN,WIN,WIN,WIN,0,0,,,0,,
"2,3,39,61",O1-only,59,59,59,5,WIN,WIN,WIN,WIN,,,0,0,,0,
"2,3,40,51",O0-only,43,5,5,5,WIN,WIN,WIN,WIN,0,0,,,0,,
"2,3,45,51",O0-only,42,5,5,5,LOSS,WIN,WIN,WIN,1,0,,,-1,,
"2,4,16,34",O1-only,3,3,3,0,WIN,WIN,WIN,WIN,,,0,0,,0,
"2,4,27,30",O1-only,38,38,38,3,WIN,WIN,WIN,LOSS,,,0,1,,1,
"2,4,36,41",O1-only,50,50,50,32,WIN,WIN,WIN,LOSS,,,0,1,,1,
"2,4,38,45",O0-only,30,13,13,13,WIN,WIN,WIN,WIN,0,0,,,0,,
"2,5,10,27",O0-only,50,3,3,3,WIN,WIN,WIN,WIN,0,0,,,0,,
"2,5,16,21",O-overlap,38,38,1,1,WIN,WIN,WIN,WIN,0,0,0,0,0,0,0
"2,5,25,37",O1-only,61,61,61,1,LOSS,LOSS,LOSS,WIN,,,1,0,,-1,
"2,5,27,37",O0-only,12,12,3,12,WIN,WIN,WIN,WIN,0,0,,,0,,
"2,5,33,36",O0-only,50,4,4,4,WIN,WIN,WIN,WIN,0,0,,,0,,
"2,9,10,20",O1-only,50,11,50,34,,WIN,,WIN,,,0,0,,0,
"2,9,20,29",O0-only,45,41,41,41,WIN,WIN,WIN,WIN,0,0,,,0,,
"2,9,37,42",O1-only,12,34,12,12,WIN,WIN,WIN,WIN,,,0,0,,0,
"2,9,37,54",O-overlap,36,36,3,3,WIN,WIN,WIN,WIN,0,0,0,0,0,0,0
"2,9,43,50",O1-only,26,26,26,36,WIN,WIN,WIN,WIN,,,0,0,,0,
"2,9,44,51",O-overlap,17,17,41,41,WIN,WIN,WIN,WIN,0,0,0,0,0,0,0
"2,10,12,14",O1-only,58,58,58,42,WIN,WIN,WIN,LOSS,,,0,1,,1,
"2,10,14,38",O0-only,58,13,13,13,WIN,WIN,WIN,WIN,0,0,,,0,,
"2,10,14,41",O0-only,13,9,9,9,WIN,WIN,WIN,WIN,0,0,,,0,,
"2,10,27,45",O0-only,18,9,9,9,WIN,WIN,WIN,WIN,0,0,,,0,,
"2,10,31,39",O1-only,3,3,3,34,WIN,WIN,WIN,WIN,,,0,0,,0,
"2,10,37,45",O0-only,29,42,42,42,WIN,WIN,WIN,WIN,0,0,,,0,,
"2,11,13,40",O-overlap,8,8,47,47,WIN,WIN,WIN,WIN,0,0,0,0,0,0,0
"2,11,29,35",O0-only,19,28,28,28,WIN,WIN,WIN,WIN,0,0,,,0,,
"2,11,43,54",O0-only,51,47,47,47,LOSS,WIN,WIN,WIN,1,0,,,-1,,
"2,12,14,37",O-overlap,10,10,42,42,WIN,WIN,WIN,WIN,0,0,0,0,0,0,0
"2,12,18,35",O-overlap,58,58,27,27,WIN,WIN,WIN,WIN,0,0,0,0,0,0,0
"2,12,21,28",O-overlap,42,42,3,3,WIN,WIN,WIN,WIN,0,0,0,0,0,0,0
"2,12,24,30",O-overlap,29,29,3,3,WIN,WIN,WIN,WIN,0,0,0,0,0,0,0
"2,12,25,32",O0-only,11,52,52,52,WIN,WIN,WIN,WIN,0,0,,,0,,
"2,12,25,44",O-overlap,52,52,17,17,WIN,WIN,WIN,WIN,0,0,0,0,0,0,0
"2,12,27,37",O0-only,42,42,34,42,WIN,WIN,WIN,WIN,0,0,,,0,,
"2,12,27,59",O-overlap,38,38,30,30,LOSS,LOSS,LOSS,LOSS,1,1,1,1,0,0,0
"2,12,33,50",O0-only,5,42,42,42,WIN,WIN,WIN,WIN,0,0,,,0,,
"2,13,14,44",O-overlap,38,38,8,8,WIN,WIN,WIN,WIN,0,0,0,0,0,0,0
"2,13,21,27",O1-only,30,29,30,30,WIN,WIN,WIN,WIN,,,0,0,,0,
"2,13,21,35",O0-only,53,29,29,29,WIN,WIN,WIN,WIN,0,0,,,0,,
"2,13,27,38",O0-only,20,20,34,20,WIN,WIN,WIN,WIN,0,0,,,0,,
"2,13,34,50",O0-only,53,38,38,38,WIN,WIN,WIN,WIN,0,0,,,0,,
"2,13,38,44",O-overlap,37,37,4,4,WIN,WIN,WIN,WIN,0,0,0,0,0,0,0
"2,13,45,52",O1-only,53,53,53,38,WIN,WIN,WIN,WIN,,,0,0,,0,
"2,14,25,37",O-overlap,42,42,5,5,WIN,WIN,WIN,WIN,0,0,0,0,0,0,0
"2,14,26,38",O0-only,8,30,30,30,WIN,WIN,WIN,WIN,0,0,,,0,,
"2,14,35,37",O0-only,42,38,38,38,WIN,WIN,WIN,WIN,0,0,,,0,,
"2,16,20,27",O0-only,43,19,22,19,WIN,,WIN,,0,0,,,0,,
"2,17,18,38",O-overlap,42,42,22,22,WIN,WIN,WIN,WIN,0,0,0,0,0,0,0
"2,17,19,24",O-overlap,20,20,16,16,WIN,WIN,WIN,WIN,0,0,0,0,0,0,0
"2,17,20,50",O-overlap,41,41,10,10,WIN,WIN,WIN,WIN,0,0,0,0,0,0,0
"2,17,35,43",O1-only,25,25,25,3,WIN,WIN,WIN,LOSS,,,0,1,,1,
"2,18,22,53",O-overlap,17,17,38,38,WIN,WIN,WIN,WIN,0,0,0,0,0,0,0
"2,18,45,51",O0-only,50,42,42,42,WIN,WIN,WIN,WIN,0,0,,,0,,
"2,18,51,52",O-overlap,50,50,42,42,WIN,WIN,WIN,WIN,0,0,0,0,0,0,0
"2,19,28,52",O1-only,42,29,42,42,WIN,WIN,WIN,WIN,,,0,0,,0,
"2,19,33,34",O0-only,38,42,42,42,WIN,WIN,WIN,WIN,0,0,,,0,,
"2,20,22,36",O-overlap,12,12,27,27,WIN,WIN,WIN,WIN,0,0,0,0,0,0,0
"2,20,27,41",O0-only,38,50,50,50,WIN,WIN,WIN,WIN,0,0,,,0,,
"2,20,29,41",O0-only,26,9,9,9,WIN,WIN,WIN,WIN,0,0,,,0,,
"2,20,32,42",O1-only,38,38,38,17,WIN,WIN,WIN,WIN,,,0,0,,0,
"2,20,32,50",O1-only,26,26,26,41,LOSS,LOSS,LOSS,WIN,,,1,0,,-1,
"2,20,34,52",O-overlap,27,27,42,42,WIN,WIN,WIN,WIN,0,0,0,0,0,0,0
"2,20,44,50",O0-only,41,26,26,26,WIN,WIN,WIN,WIN,0,0,,,0,,
"2,22,34,44",O1-only,4,43,4,4,WIN,WIN,WIN,WIN,,,0,0,,0,
"2,24,34,53",O-overlap,48,48,42,42,WIN,WIN,WIN,WIN,0,0,0,0,0,0,0
"2,24,46,54",O-overlap,60,60,6,6,WIN,WIN,WIN,WIN,0,0,0,0,0,0,0
"2,25,27,34",O0-only,26,26,42,26,WIN,WIN,WIN,WIN,0,0,,,0,,
"2,25,28,50",O-overlap,26,26,10,10,WIN,WIN,WIN,WIN,0,0,0,0,0,0,0
"2,25,30,37",O-overlap,58,58,13,13,WIN,WIN,WIN,WIN,0,0,0,0,0,0,0
"2,26,28,38",O1-only,58,29,58,58,LOSS,LOSS,LOSS,LOSS,,,1,1,,0,
"2,26,37,51",O-overlap,58,58,34,34,WIN,WIN,WIN,WIN,0,0,0,0,0,0,0
"2,26,47,51",O-overlap,11,11,42,42,WIN,WIN,WIN,WIN,0,0,0,0,0,0,0
"2,27,33,36",O0-only,38,9,9,9,WIN,WIN,WIN,WIN,0,0,,,0,,
"2,27,34,41",O1-only,50,9,50,50,LOSS,WIN,LOSS,LOSS,,,0,1,,1,
"2,28,50,52",O-overlap,29,29,42,42,WIN,WIN,WIN,WIN,0,0,0,0,0,0,0
"2,28,51,52",O0-only,16,1,1,1,WIN,WIN,WIN,WIN,0,0,,,0,,
"2,29,31,36",O0-only,21,26,26,26,WIN,WIN,WIN,WIN,0,0,,,0,,
"2,29,32,43",O-overlap,37,37,50,50,WIN,WIN,WIN,WIN,0,0,0,0,0,0,0
"2,29,36,52",O1-only,43,43,43,50,LOSS,LOSS,LOSS,WIN,,,1,0,,-1,
"2,30,34,35",O-overlap,38,38,58,58,WIN,WIN,WIN,WIN,0,0,0,0,0,0,0
"2,31,50,52",O0-only,53,26,26,26,WIN,WIN,WIN,WIN,0,0,,,0,,
"2,32,33,37",O1-only,58,58,58,42,WIN,WIN,WIN,WIN,,,0,0,,0,
"2,33,37,43",O0-only,34,42,42,42,WIN,WIN,WIN,WIN,0,0,,,0,,
"2,34,36,52",O1-only,37,37,37,32,WIN,WIN,WIN,WIN,,,0,0,,0,
"2,37,41,50",O-overlap,10,10,32,32,WIN,WIN,WIN,WIN,0,0,0,0,0,0,0
"3,4,17,36",O0-only,39,9,9,9,WIN,WIN,WIN,WIN,0,0,,,0,,
"3,4,27,36",O0-only,44,9,9,9,WIN,WIN,WIN,WIN,0,0,,,0,,
"3,9,12,28",O0-only,49,4,4,4,WIN,WIN,WIN,WIN,0,0,,,0,,
"3,9,13,35",O-overlap,59,59,14,14,LOSS,LOSS,WIN,WIN,1,0,1,0,-1,-1,0
"3,9,13,36",O1-only,54,54,54,27,WIN,WIN,WIN,WIN,,,0,0,,0,
"3,9,18,30",O1-only,4,4,4,54,WIN,WIN,WIN,WIN,,,0,0,,0,
"3,9,21,30",O0-only,13,49,49,49,WIN,LOSS,LOSS,LOSS,0,1,,,1,,
"3,9,26,34",O1-only,10,10,10,39,WIN,WIN,WIN,WIN,,,0,0,,0,
"3,10,13,26",O1-only,53,53,53,2,WIN,WIN,WIN,WIN,,,0,0,,0,
"3,10,18,35",O0-only,42,11,11,11,WIN,WIN,WIN,WIN,0,0,,,0,,
"3,10,19,26",O1-only,34,34,34,27,WIN,WIN,WIN,WIN,,,0,0,,0,
"3,10,19,28",O0-only,43,35,35,35,WIN,WIN,WIN,WIN,0,0,,,0,,
"3,10,27,37",O-overlap,19,19,51,51,WIN,WIN,LOSS,LOSS,0,1,0,1,1,1,0
"3,10,29,49",O-overlap,14,14,24,24,WIN,WIN,WIN,WIN,0,0,0,0,0,0,0
"3,11,22,32",O0-only,43,4,4,4,WIN,WIN,WIN,WIN,0,0,,,0,,
"3,11,27,32",O1-only,4,24,4,4,WIN,WIN,WIN,WIN,,,0,0,,0,
"3,11,27,38",O1-only,2,30,2,2,WIN,WIN,WIN,WIN,,,0,0,,0,
"3,11,27,41",O0-only,13,17,20,17,WIN,,WIN,,0,0,,,0,,
"3,11,38,46",O0-only,30,43,43,43,WIN,LOSS,LOSS,LOSS,0,1,,,1,,
"3,12,17,30",O0-only,8,33,33,33,WIN,WIN,WIN,WIN,0,0,,,0,,
"3,12,18,52",O-overlap,21,21,35,35,WIN,WIN,LOSS,LOSS,0,1,0,1,1,1,0
"3,12,19,53",O-overlap,26,26,30,30,WIN,WIN,WIN,WIN,0,0,0,0,0,0,0
"3,12,33,42",O0-only,18,2,2,2,WIN,WIN,WIN,WIN,0,0,,,0,,
"3,12,37,44",O0-only,4,30,30,30,WIN,WIN,WIN,WIN,0,0,,,0,,
"3,12,39,45",O0-only,31,9,9,9,WIN,WIN,WIN,WIN,0,0,,,0,,
"3,12,42,51",O0-only,27,33,33,33,WIN,WIN,WIN,WIN,0,0,,,0,,
"3,12,51,53",O-overlap,26,26,30,30,WIN,WIN,WIN,WIN,0,0,0,0,0,0,0
"3,13,17,36",O-overlap,53,53,22,22,WIN,WIN,WIN,WIN,0,0,0,0,0,0,0
"3,13,28,35",O0-only,30,38,38,38,LOSS,WIN,WIN,WIN,1,0,,,-1,,
"3,13,28,38",O0-only,33,43,35,43,WIN,,WIN,,0,0,,,0,,
"3,13,30,35",O0-only,28,27,27,27,LOSS,WIN,WIN,WIN,1,0,,,-1,,
"3,13,37,54",O1-only,30,30,30,14,WIN,WIN,WIN,WIN,,,0,0,,0,
"3,13,39,43",O0-only,59,53,53,53,WIN,WIN,WIN,WIN,0,0,,,0,,
"3,13,42,45",O1-only,43,43,43,21,WIN,WIN,WIN,WIN,,,0,0,,0,
"3,14,21,28",O1-only,39,24,39,39,LOSS,WIN,LOSS,LOSS,,,0,1,,1,
"3,14,27,42",O-overlap,35,35,24,24,WIN,WIN,WIN,WIN,0,0,0,0,0,0,0
"3,14,29,35",O1-only,39,28,39,21,,WIN,,WIN,,,0,0,,0,
"3,14,37,54",O1-only,51,43,51,51,LOSS,WIN,LOSS,LOSS,,,0,1,,1,
"3,14,42,43",O0-only,35,49,49,49,LOSS,WIN,WIN,WIN,1,0,,,-1,,
"3,14,43,45",O0-only,59,9,9,9,WIN,WIN,WIN,WIN,0,0,,,0,,
"3,14,43,51",O0-only,37,54,54,54,WIN,WIN,WIN,WIN,0,0,,,0,,
"3,17,18,29",O1-only,20,20,20,21,WIN,WIN,WIN,WIN,,,0,0,,0,
"3,17,21,37",O0-only,20,5,5,5,LOSS,WIN,WIN,WIN,1,0,,,-1,,
"3,17,25,29",O1-only,20,20,20,2,WIN,WIN,WIN,WIN,,,0,0,,0,
"3,17,27,41",O0-only,22,51,51,51,LOSS,WIN,WIN,WIN,1,0,,,-1,,
"3,17,28,52",O-overlap,27,27,20,20,WIN,WIN,WIN,WIN,0,0,0,0,0,0,0
"3,17,41,51",O1-only,24,24,24,27,WIN,WIN,WIN,WIN,,,0,0,,0,
"3,18,36,44",O0-only,26,4,4,4,WIN,WIN,WIN,WIN,0,0,,,0,,
"3,18,36,51",O-overlap,27,27,11,11,WIN,WIN,WIN,WIN,0,0,0,0,0,0,0
"3,18,41,53",O-overlap,17,17,13,13,WIN,WIN,WIN,WIN,0,0,0,0,0,0,0
"3,19,20,21",O1-only,30,30,30,27,WIN,WIN,WIN,WIN,,,0,0,,0,
"3,20,33,45",O-overlap,38,38,9,9,WIN,WIN,WIN,WIN,0,0,0,0,0,0,0
"3,20,34,51",O-overlap,27,27,43,43,WIN,WIN,WIN,WIN,0,0,0,0,0,0,0
"3,20,38,45",O1-only,13,13,13,2,WIN,WIN,WIN,WIN,,,0,0,,0,
"3,21,22,32",O-overlap,4,4,39,39,WIN,WIN,LOSS,LOSS,0,1,0,1,1,1,0
"3,21,25,43",O1-only,49,49,49,18,WIN,WIN,WIN,WIN,,,0,0,,0,
"3,21,26,30",O0-only,25,27,27,27,WIN,WIN,WIN,WIN,0,0,,,0,,
"3,21,33,51",O1-only,27,27,27,42,WIN,WIN,WIN,WIN,,,0,0,,0,
"3,21,34,52",O0-only,42,39,39,39,WIN,WIN,WIN,WIN,0,0,,,0,,
"3,21,43,45",O1-only,22,22,22,13,WIN,WIN,WIN,WIN,,,0,0,,0,
"3,22,36,45",O0-only,43,0,0,0,WIN,WIN,WIN,WIN,0,0,,,0,,
"3,22,37,51",O-overlap,43,43,30,30,WIN,WIN,WIN,WIN,0,0,0,0,0,0,0
"3,25,27,49",O-overlap,4,4,59,59,LOSS,LOSS,WIN,WIN,1,0,1,0,-1,-1,0
"3,25,36,50",O-overlap,33,33,43,43,WIN,WIN,WIN,WIN,0,0,0,0,0,0,0
"3,26,30,33",O0-only,25,53,53,53,WIN,WIN,WIN,WIN,0,0,,,0,,
"3,26,41,51",O0-only,46,17,6,17,WIN,,WIN,,0,0,,,0,,
"3,27,41,53",O-overlap,17,17,13,13,WIN,WIN,WIN,WIN,0,0,0,0,0,0,0
"3,28,30,52",O-overlap,35,35,38,38,LOSS,LOSS,WIN,WIN,1,0,1,0,-1,-1,0
"3,28,34,36",O-overlap,10,10,39,39,WIN,WIN,WIN,WIN,0,0,0,0,0,0,0
"3,30,35,36",O0-only,38,38,59,38,LOSS,LOSS,WIN,LOSS,1,0,,,-1,,
"3,30,37,53",O1-only,44,44,44,51,WIN,WIN,WIN,WIN,,,0,0,,0,
"3,30,41,42",O-overlap,2,2,59,59,WIN,WIN,WIN,WIN,0,0,0,0,0,0,0
"3,33,37,41",O1-only,17,17,17,1,WIN,WIN,WIN,WIN,,,0,0,,0,
"3,33,49,54",O-overlap,28,28,53,53,WIN,WIN,WIN,WIN,0,0,0,0,0,0,0
"3,36,45,51",O-overlap,27,27,0,0,WIN,WIN,WIN,WIN,0,0,0,0,0,0,0
"3,37,53,54",O-overlap,39,30,49,49,WIN,WIN,WIN,WIN,0,0,0,0,0,0,0
"9,10,13,35",O1-only,27,27,27,34,LOSS,LOSS,LOSS,LOSS,,,1,1,,0,
"9,10,20,42",O-overlap,34,34,2,2,WIN,WIN,WIN,WIN,0,0,0,0,0,0,0
"9,10,27,46",O1-only,13,13,13,28,WIN,WIN,WIN,LOSS,,,0,1,,1,
"9,11,22,27",O-overlap,36,36,12,12,WIN,WIN,WIN,WIN,0,0,0,0,0,0,0
"9,11,26,51",O-overlap,12,12,36,36,LOSS,LOSS,LOSS,LOSS,1,1,1,1,0,0,0
"9,11,35,44",O-overlap,20,20,12,12,WIN,WIN,WIN,WIN,0,0,0,0,0,0,0
"9,11,35,50",O-overlap,36,36,10,10,LOSS,LOSS,WIN,WIN,1,0,1,0,-1,-1,0
"9,12,21,27",O1-only,10,35,10,10,WIN,WIN,WIN,WIN,,,0,0,,0,
"9,12,26,41",O0-only,13,33,33,33,WIN,WIN,WIN,WIN,0,0,,,0,,
"9,12,30,50",O0-only,10,15,15,15,WIN,WIN,WIN,WIN,0,0,,,0,,
"9,12,35,45",O0-only,14,27,27,27,WIN,WIN,WIN,WIN,0,0,,,0,,
"9,12,44,45",O0-only,36,20,20,20,WIN,WIN,WIN,WIN,0,0,,,0,,
"9,12,50,53",O0-only,41,13,13,13,WIN,WIN,WIN,WIN,0,0,,,0,,
"9,13,20,30",O-overlap,48,48,12,12,WIN,WIN,WIN,WIN,0,0,0,0,0,0,0
"9,13,20,50",O0-only,10,41,41,41,WIN,LOSS,LOSS,LOSS,0,1,,,1,,
"9,18,21,36",O0-only,19,16,16,16,WIN,WIN,WIN,WIN,0,0,,,0,,
"9,18,22,27",O-overlap,13,13,17,17,WIN,WIN,WIN,WIN,0,0,0,0,0,0,0
"9,18,28,36",O0-only,11,4,4,4,WIN,WIN,WIN,WIN,0,0,,,0,,
"9,21,22,53",O1-only,45,45,45,13,WIN,WIN,WIN,WIN,,,0,0,,0,
"9,22,27,28",O0-only,54,36,36,36,LOSS,WIN,WIN,WIN,1,0,,,-1,,
"9,22,27,29",O0-only,36,36,54,36,WIN,WIN,WIN,WIN,0,0,,,0,,
"9,22,27,50",O-overlap,36,36,54,54,WIN,WIN,WIN,WIN,0,0,0,0,0,0,0
"9,29,30,45",O-overlap,5,5,25,25,WIN,WIN,LOSS,LOSS,0,1,0,1,1,1,0
"9,36,38,45",O0-only,20,34,34,34,WIN,WIN,WIN,WIN,0,0,,,0,,
"10,11,29,42",O0-only,14,21,21,21,WIN,WIN,WIN,WIN,0,0,,,0,,
"10,12,20,26",O0-only,34,34,30,34,WIN,WIN,WIN,WIN,0,0,,,0,,
"10,12,30,36",O0-only,29,15,15,15,WIN,WIN,WIN,WIN,0,0,,,0,,
"10,12,33,35",O0-only,25,11,11,11,WIN,WIN,WIN,WIN,0,0,,,0,,
"10,12,35,36",O0-only,60,37,8,37,WIN,,WIN,,0,0,,,0,,
"10,13,25,28",O1-only,61,61,61,31,WIN,WIN,WIN,WIN,,,0,0,,0,
"10,13,35,45",O0-only,20,20,11,20,WIN,WIN,WIN,WIN,0,0,,,0,,
"10,13,41,44",O0-only,58,12,12,12,WIN,WIN,WIN,WIN,0,0,,,0,,
"10,17,19,44",O0-only,22,20,20,20,WIN,WIN,WIN,WIN,0,0,,,0,,
"10,17,30,37",O0-only,46,22,22,22,WIN,WIN,WIN,WIN,0,0,,,0,,
"10,19,28,33",O1-only,5,60,5,5,WIN,WIN,WIN,WIN,,,0,0,,0,
"10,19,29,37",O0-only,12,5,5,5,WIN,WIN,WIN,WIN,0,0,,,0,,
"10,19,35,37",O-overlap,27,27,34,34,WIN,WIN,WIN,WIN,0,0,0,0,0,0,0
"10,19,37,43",O0-only,27,36,36,36,WIN,WIN,WIN,WIN,0,0,,,0,,
"10,19,44,46",O0-only,41,40,40,40,WIN,WIN,WIN,WIN,0,0,,,0,,
"10,20,29,36",O-overlap,50,50,11,11,WIN,WIN,WIN,WIN,0,0,0,0,0,0,0
"10,20,33,38",O1-only,44,37,44,44,WIN,LOSS,WIN,WIN,,,1,0,,-1,
"10,20,34,44",O-overlap,39,21,42,42,WIN,WIN,WIN,WIN,0,0,0,0,0,0,0
"10,20,34,46",O0-only,60,19,19,19,WIN,WIN,WIN,WIN,0,0,,,0,,
"10,20,36,50",O0-only,15,60,60,60,LOSS,WIN,WIN,WIN,1,0,,,-1,,
"10,21,36,45",O0-only,12,18,18,18,WIN,WIN,WIN,WIN,0,0,,,0,,
"10,22,27,35",O1-only,19,19,19,17,WIN,WIN,WIN,WIN,,,0,0,,0,
"10,25,26,46",O-overlap,50,50,30,30,WIN,WIN,LOSS,LOSS,0,1,0,1,1,1,0
"10,25,29,33",O0-only,28,24,24,24,WIN,WIN,WIN,WIN,0,0,,,0,,
"10,25,42,51",O0-only,11,33,33,33,WIN,WIN,WIN,WIN,0,0,,,0,,
"10,28,29,52",O0-only,50,37,37,37,WIN,WIN,WIN,WIN,0,0,,,0,,
"10,28,34,43",O0-only,58,18,18,18,WIN,WIN,WIN,WIN,0,0,,,0,,
"10,29,34,45",O0-only,9,37,37,37,WIN,WIN,WIN,WIN,0,0,,,0,,
"10,30,42,52",O0-only,51,51,12,51,LOSS,LOSS,WIN,LOSS,1,0,,,-1,,
"10,30,44,45",O0-only,37,37,40,37,WIN,WIN,WIN,WIN,0,0,,,0,,
"10,33,34,52",O0-only,12,25,25,25,WIN,WIN,WIN,WIN,0,0,,,0,,
"10,33,35,42",O1-only,50,34,50,50,WIN,WIN,WIN,WIN,,,0,0,,0,
"11,12,27,43",O0-only,36,36,22,36,WIN,WIN,WIN,WIN,0,0,,,0,,
"11,18,20,37",O-overlap,32,32,29,29,LOSS,LOSS,WIN,WIN,1,0,1,0,-1,-1,0
"11,18,21,33",O1-only,17,17,17,25,WIN,WIN,WIN,LOSS,,,0,1,,1,
"11,18,27,36",O-overlap,51,51,43,43,WIN,WIN,WIN,WIN,0,0,0,0,0,0,0
"11,18,28,29",O0-only,50,25,25,25,WIN,WIN,WIN,WIN,0,0,,,0,,
"11,18,28,35",O0-only,51,43,43,43,WIN,WIN,WIN,WIN,0,0,,,0,,
"11,18,29,38",O0-only,54,50,50,50,WIN,WIN,WIN,WIN,0,0,,,0,,
"11,19,37,52",O1-only,29,29,29,51,WIN,WIN,WIN,WIN,,,0,0,,0,
"11,19,38,52",O-overlap,46,43,16,16,WIN,WIN,WIN,WIN,0,0,0,0,0,0,0
"11,20,34,43",O1-only,51,27,51,51,LOSS,WIN,LOSS,LOSS,,,0,1,,1,
"11,21,25,35",O0-only,61,30,30,30,WIN,LOSS,LOSS,LOSS,0,1,,,1,,
"11,25,29,45",O0-only,28,13,13,13,WIN,WIN,WIN,WIN,0,0,,,0,,
"11,26,27,34",O1-only,29,29,29,19,WIN,WIN,WIN,WIN,,,0,0,,0,
"11,27,43,45",O-overlap,36,20,9,9,WIN,WIN,WIN,WIN,0,0,0,0,0,0,0
"11,28,33,38",O1-only,43,36,43,43,LOSS,WIN,LOSS,LOSS,,,0,1,,1,
"11,28,36,43",O1-only,38,38,38,35,WIN,WIN,WIN,LOSS,,,0,1,,1,
"18,19,27,29",O0-only,43,28,28,28,WIN,WIN,WIN,WIN,0,0,,,0,,
