canonical_parent,move,tag
"5,13,20",48,random_safe4
"30,47,64",75,random_safe4
"56,64,73",77,random_safe4
"31,68,71",78,random_safe4
"22,31,34",55,random_safe4
"52,53,58",69,random_safe4
"16,51,62",67,random_safe4
"5,23,60",76,random_safe4
"24,38,61",67,random_safe4
"3,6,9",46,random_safe4
"3,33,41",61,random_safe4
"6,52,57",77,random_safe4
"15,38,68",75,random_safe4
"6,14,73",78,random_safe4
"27,35,74",79,random_safe4
"2,16,63",71,random_safe4
"9,12,28",43,random_safe4
"1,15,21",61,random_safe4
"7,45,48",49,random_safe4
"47,55,57",69,random_safe4
"19,25,49",56,random_safe4
"52,58,60",80,random_safe4
"12,22,35",79,random_safe4
"3,14,62",70,random_safe4
"25,33,42",79,random_safe4
"13,14,22",50,random_safe4
"17,35,57",73,random_safe4
"7,39,50",65,random_safe4
"10,59,61",66,random_safe4
"0,35,50",61,random_safe4
"6,11,21",65,random_safe4
"19,45,56",68,random_safe4
"1,30,31",61,random_safe4
"12,16,17",29,random_safe4
"13,19,52",65,random_safe4
"1,18,38",46,random_safe4
"12,13,79",80,random_safe4
"51,59,61",79,random_safe4
"0,30,34",61,random_safe4
"25,28,55",79,random_safe4
"2,26,59",73,random_safe4
"8,17,46",53,random_safe4
"16,46,52",62,random_safe4
"15,30,34",51,random_safe4
"8,11,41",61,random_safe4
"5,48,70",79,random_safe4
"1,14,24",76,random_safe4
"12,54,65",77,random_safe4
"41,58,64",68,random_safe4
"20,47,53",72,random_safe4
"2,36,67",77,random_safe4
"13,18,33",64,random_safe4
"26,34,47",61,random_safe4
"10,11,47",53,random_safe4
"0,12,20",58,random_safe4
"27,39,41",54,random_safe4
"3,13,46",60,random_safe4
"10,11,67",76,random_safe4
"43,62,77",79,random_safe4
"5,47,50",68,random_safe4
"3,31,62",77,random_safe4
"9,29,58",61,random_safe4
"3,32,57",58,random_safe4
"6,24,37",38,random_safe4
"2,43,58",61,random_safe4
"19,23,43",69,random_safe4
"11,17,66",71,random_safe4
"15,30,39",62,random_safe4
"1,28,31",39,random_safe4
"19,21,24",55,random_safe4
"45,65,79",80,random_safe4
"49,58,65",69,random_safe4
"3,51,63",80,random_safe4
"11,12,26",64,random_safe4
"4,31,53",54,random_safe4
"47,69,71",75,random_safe4
"7,21,33",50,random_safe4
"29,39,57",79,random_safe4
"11,13,31",73,random_safe4
"28,30,51",77,random_safe4
